productId,productName,category,stepNumber,step
password_security_checkup,Password Security Checkup,Quick Fixes,1,Review purchase and clarify exact scope.
password_security_checkup,Password Security Checkup,Quick Fixes,2,Create service ticket and confirm safe access method.
password_security_checkup,Password Security Checkup,Quick Fixes,3,"Perform focused checkup, setup, or cleanup."
password_security_checkup,Password Security Checkup,Quick Fixes,4,"Document findings, changes, and remaining gaps."
password_security_checkup,Password Security Checkup,Quick Fixes,5,Provide customer summary and practical next steps.
password_security_checkup,Password Security Checkup,Quick Fixes,6,Complete internal QA checklist.
password_security_checkup,Password Security Checkup,Quick Fixes,7,"Send closeout summary with recommended next product, bundle, or monthly plan."
mfa_setup_session,MFA Setup Session,Quick Fixes,1,Review purchase and clarify exact scope.
mfa_setup_session,MFA Setup Session,Quick Fixes,2,Create service ticket and confirm safe access method.
mfa_setup_session,MFA Setup Session,Quick Fixes,3,"Perform focused checkup, setup, or cleanup."
mfa_setup_session,MFA Setup Session,Quick Fixes,4,"Document findings, changes, and remaining gaps."
mfa_setup_session,MFA Setup Session,Quick Fixes,5,Provide customer summary and practical next steps.
mfa_setup_session,MFA Setup Session,Quick Fixes,6,Complete internal QA checklist.
mfa_setup_session,MFA Setup Session,Quick Fixes,7,"Send closeout summary with recommended next product, bundle, or monthly plan."
phishing_readiness_mini_audit,Phishing Readiness Mini Audit,Quick Fixes,1,Review purchase and clarify exact scope.
phishing_readiness_mini_audit,Phishing Readiness Mini Audit,Quick Fixes,2,Create service ticket and confirm safe access method.
phishing_readiness_mini_audit,Phishing Readiness Mini Audit,Quick Fixes,3,"Perform focused checkup, setup, or cleanup."
phishing_readiness_mini_audit,Phishing Readiness Mini Audit,Quick Fixes,4,"Document findings, changes, and remaining gaps."
phishing_readiness_mini_audit,Phishing Readiness Mini Audit,Quick Fixes,5,Provide customer summary and practical next steps.
phishing_readiness_mini_audit,Phishing Readiness Mini Audit,Quick Fixes,6,Complete internal QA checklist.
phishing_readiness_mini_audit,Phishing Readiness Mini Audit,Quick Fixes,7,"Send closeout summary with recommended next product, bundle, or monthly plan."
security_score_snapshot,Security Score Snapshot,Quick Fixes,1,Review purchase and clarify exact scope.
security_score_snapshot,Security Score Snapshot,Quick Fixes,2,Create service ticket and confirm safe access method.
security_score_snapshot,Security Score Snapshot,Quick Fixes,3,"Perform focused checkup, setup, or cleanup."
security_score_snapshot,Security Score Snapshot,Quick Fixes,4,"Document findings, changes, and remaining gaps."
security_score_snapshot,Security Score Snapshot,Quick Fixes,5,Provide customer summary and practical next steps.
security_score_snapshot,Security Score Snapshot,Quick Fixes,6,Complete internal QA checklist.
security_score_snapshot,Security Score Snapshot,Quick Fixes,7,"Send closeout summary with recommended next product, bundle, or monthly plan."
admin_account_cleanup,Admin Account Cleanup,Quick Fixes,1,Review purchase and clarify exact scope.
admin_account_cleanup,Admin Account Cleanup,Quick Fixes,2,Create service ticket and confirm safe access method.
admin_account_cleanup,Admin Account Cleanup,Quick Fixes,3,"Perform focused checkup, setup, or cleanup."
admin_account_cleanup,Admin Account Cleanup,Quick Fixes,4,"Document findings, changes, and remaining gaps."
admin_account_cleanup,Admin Account Cleanup,Quick Fixes,5,Provide customer summary and practical next steps.
admin_account_cleanup,Admin Account Cleanup,Quick Fixes,6,Complete internal QA checklist.
admin_account_cleanup,Admin Account Cleanup,Quick Fixes,7,"Send closeout summary with recommended next product, bundle, or monthly plan."
business_email_safety_check,Business Email Safety Check,Quick Fixes,1,Review purchase and clarify exact scope.
business_email_safety_check,Business Email Safety Check,Quick Fixes,2,Create service ticket and confirm safe access method.
business_email_safety_check,Business Email Safety Check,Quick Fixes,3,"Perform focused checkup, setup, or cleanup."
business_email_safety_check,Business Email Safety Check,Quick Fixes,4,"Document findings, changes, and remaining gaps."
business_email_safety_check,Business Email Safety Check,Quick Fixes,5,Provide customer summary and practical next steps.
business_email_safety_check,Business Email Safety Check,Quick Fixes,6,Complete internal QA checklist.
business_email_safety_check,Business Email Safety Check,Quick Fixes,7,"Send closeout summary with recommended next product, bundle, or monthly plan."
remote_work_safety_check,Remote Work Safety Check,Quick Fixes,1,Review purchase and clarify exact scope.
remote_work_safety_check,Remote Work Safety Check,Quick Fixes,2,Create service ticket and confirm safe access method.
remote_work_safety_check,Remote Work Safety Check,Quick Fixes,3,"Perform focused checkup, setup, or cleanup."
remote_work_safety_check,Remote Work Safety Check,Quick Fixes,4,"Document findings, changes, and remaining gaps."
remote_work_safety_check,Remote Work Safety Check,Quick Fixes,5,Provide customer summary and practical next steps.
remote_work_safety_check,Remote Work Safety Check,Quick Fixes,6,Complete internal QA checklist.
remote_work_safety_check,Remote Work Safety Check,Quick Fixes,7,"Send closeout summary with recommended next product, bundle, or monthly plan."
basic_incident_readiness_checklist,Basic Incident Readiness Checklist,Quick Fixes,1,Review purchase and clarify exact scope.
basic_incident_readiness_checklist,Basic Incident Readiness Checklist,Quick Fixes,2,Create service ticket and confirm safe access method.
basic_incident_readiness_checklist,Basic Incident Readiness Checklist,Quick Fixes,3,"Perform focused checkup, setup, or cleanup."
basic_incident_readiness_checklist,Basic Incident Readiness Checklist,Quick Fixes,4,"Document findings, changes, and remaining gaps."
basic_incident_readiness_checklist,Basic Incident Readiness Checklist,Quick Fixes,5,Provide customer summary and practical next steps.
basic_incident_readiness_checklist,Basic Incident Readiness Checklist,Quick Fixes,6,Complete internal QA checklist.
basic_incident_readiness_checklist,Basic Incident Readiness Checklist,Quick Fixes,7,"Send closeout summary with recommended next product, bundle, or monthly plan."
website_uptime_monitor_setup,Website Uptime Monitor Setup,Quick Fixes,1,Review purchase and clarify exact scope.
website_uptime_monitor_setup,Website Uptime Monitor Setup,Quick Fixes,2,Create service ticket and confirm safe access method.
website_uptime_monitor_setup,Website Uptime Monitor Setup,Quick Fixes,3,"Perform focused checkup, setup, or cleanup."
website_uptime_monitor_setup,Website Uptime Monitor Setup,Quick Fixes,4,"Document findings, changes, and remaining gaps."
website_uptime_monitor_setup,Website Uptime Monitor Setup,Quick Fixes,5,Provide customer summary and practical next steps.
website_uptime_monitor_setup,Website Uptime Monitor Setup,Quick Fixes,6,Complete internal QA checklist.
website_uptime_monitor_setup,Website Uptime Monitor Setup,Quick Fixes,7,"Send closeout summary with recommended next product, bundle, or monthly plan."
printer_scanner_setup,Printer / Scanner Setup,Quick Fixes,1,Review purchase and clarify exact scope.
printer_scanner_setup,Printer / Scanner Setup,Quick Fixes,2,Create service ticket and confirm safe access method.
printer_scanner_setup,Printer / Scanner Setup,Quick Fixes,3,"Perform focused checkup, setup, or cleanup."
printer_scanner_setup,Printer / Scanner Setup,Quick Fixes,4,"Document findings, changes, and remaining gaps."
printer_scanner_setup,Printer / Scanner Setup,Quick Fixes,5,Provide customer summary and practical next steps.
printer_scanner_setup,Printer / Scanner Setup,Quick Fixes,6,Complete internal QA checklist.
printer_scanner_setup,Printer / Scanner Setup,Quick Fixes,7,"Send closeout summary with recommended next product, bundle, or monthly plan."
pc_tune_up_cleanup,PC Tune-Up / Cleanup,Quick Fixes,1,Review purchase and clarify exact scope.
pc_tune_up_cleanup,PC Tune-Up / Cleanup,Quick Fixes,2,Create service ticket and confirm safe access method.
pc_tune_up_cleanup,PC Tune-Up / Cleanup,Quick Fixes,3,"Perform focused checkup, setup, or cleanup."
pc_tune_up_cleanup,PC Tune-Up / Cleanup,Quick Fixes,4,"Document findings, changes, and remaining gaps."
pc_tune_up_cleanup,PC Tune-Up / Cleanup,Quick Fixes,5,Provide customer summary and practical next steps.
pc_tune_up_cleanup,PC Tune-Up / Cleanup,Quick Fixes,6,Complete internal QA checklist.
pc_tune_up_cleanup,PC Tune-Up / Cleanup,Quick Fixes,7,"Send closeout summary with recommended next product, bundle, or monthly plan."
computer_replacement_readiness_review,Computer Replacement Readiness Review,Quick Fixes,1,Review purchase and clarify exact scope.
computer_replacement_readiness_review,Computer Replacement Readiness Review,Quick Fixes,2,Create service ticket and confirm safe access method.
computer_replacement_readiness_review,Computer Replacement Readiness Review,Quick Fixes,3,"Perform focused checkup, setup, or cleanup."
computer_replacement_readiness_review,Computer Replacement Readiness Review,Quick Fixes,4,"Document findings, changes, and remaining gaps."
computer_replacement_readiness_review,Computer Replacement Readiness Review,Quick Fixes,5,Provide customer summary and practical next steps.
computer_replacement_readiness_review,Computer Replacement Readiness Review,Quick Fixes,6,Complete internal QA checklist.
computer_replacement_readiness_review,Computer Replacement Readiness Review,Quick Fixes,7,"Send closeout summary with recommended next product, bundle, or monthly plan."
cyber_risk_snapshot,Cyber Risk Snapshot,Cybersecurity,1,"Review security objective, systems, and authorization."
cyber_risk_snapshot,Cyber Risk Snapshot,Cybersecurity,2,Collect relevant evidence without storing secrets.
cyber_risk_snapshot,Cyber Risk Snapshot,Cybersecurity,3,"Assess identity, endpoint, email, backup, network, policy, or training scope."
cyber_risk_snapshot,Cyber Risk Snapshot,Cybersecurity,4,Prioritize risks by business impact.
cyber_risk_snapshot,Cyber Risk Snapshot,Cybersecurity,5,Deliver findings and recommended remediation path.
cyber_risk_snapshot,Cyber Risk Snapshot,Cybersecurity,6,Record approvals and close temporary access.
cyber_risk_snapshot,Cyber Risk Snapshot,Cybersecurity,7,Complete internal QA checklist.
cyber_risk_snapshot,Cyber Risk Snapshot,Cybersecurity,8,"Send closeout summary with recommended next product, bundle, or monthly plan."
full_cybersecurity_assessment,Full Cybersecurity Assessment,Cybersecurity,1,"Review security objective, systems, and authorization."
full_cybersecurity_assessment,Full Cybersecurity Assessment,Cybersecurity,2,Collect relevant evidence without storing secrets.
full_cybersecurity_assessment,Full Cybersecurity Assessment,Cybersecurity,3,"Assess identity, endpoint, email, backup, network, policy, or training scope."
full_cybersecurity_assessment,Full Cybersecurity Assessment,Cybersecurity,4,Prioritize risks by business impact.
full_cybersecurity_assessment,Full Cybersecurity Assessment,Cybersecurity,5,Deliver findings and recommended remediation path.
full_cybersecurity_assessment,Full Cybersecurity Assessment,Cybersecurity,6,Record approvals and close temporary access.
full_cybersecurity_assessment,Full Cybersecurity Assessment,Cybersecurity,7,Complete internal QA checklist.
full_cybersecurity_assessment,Full Cybersecurity Assessment,Cybersecurity,8,"Send closeout summary with recommended next product, bundle, or monthly plan."
m365_security_assessment,M365 Security Assessment,Cybersecurity,1,"Review security objective, systems, and authorization."
m365_security_assessment,M365 Security Assessment,Cybersecurity,2,Collect relevant evidence without storing secrets.
m365_security_assessment,M365 Security Assessment,Cybersecurity,3,"Assess identity, endpoint, email, backup, network, policy, or training scope."
m365_security_assessment,M365 Security Assessment,Cybersecurity,4,Prioritize risks by business impact.
m365_security_assessment,M365 Security Assessment,Cybersecurity,5,Deliver findings and recommended remediation path.
m365_security_assessment,M365 Security Assessment,Cybersecurity,6,Record approvals and close temporary access.
m365_security_assessment,M365 Security Assessment,Cybersecurity,7,Complete internal QA checklist.
m365_security_assessment,M365 Security Assessment,Cybersecurity,8,"Send closeout summary with recommended next product, bundle, or monthly plan."
small_business_ransomware_readiness_review,Small Business Ransomware Readiness Review,Cybersecurity,1,"Review security objective, systems, and authorization."
small_business_ransomware_readiness_review,Small Business Ransomware Readiness Review,Cybersecurity,2,Collect relevant evidence without storing secrets.
small_business_ransomware_readiness_review,Small Business Ransomware Readiness Review,Cybersecurity,3,"Assess identity, endpoint, email, backup, network, policy, or training scope."
small_business_ransomware_readiness_review,Small Business Ransomware Readiness Review,Cybersecurity,4,Prioritize risks by business impact.
small_business_ransomware_readiness_review,Small Business Ransomware Readiness Review,Cybersecurity,5,Deliver findings and recommended remediation path.
small_business_ransomware_readiness_review,Small Business Ransomware Readiness Review,Cybersecurity,6,Record approvals and close temporary access.
small_business_ransomware_readiness_review,Small Business Ransomware Readiness Review,Cybersecurity,7,Complete internal QA checklist.
small_business_ransomware_readiness_review,Small Business Ransomware Readiness Review,Cybersecurity,8,"Send closeout summary with recommended next product, bundle, or monthly plan."
nonprofit_cyber_readiness_review,Nonprofit Cyber Readiness Review,Cybersecurity,1,"Review security objective, systems, and authorization."
nonprofit_cyber_readiness_review,Nonprofit Cyber Readiness Review,Cybersecurity,2,Collect relevant evidence without storing secrets.
nonprofit_cyber_readiness_review,Nonprofit Cyber Readiness Review,Cybersecurity,3,"Assess identity, endpoint, email, backup, network, policy, or training scope."
nonprofit_cyber_readiness_review,Nonprofit Cyber Readiness Review,Cybersecurity,4,Prioritize risks by business impact.
nonprofit_cyber_readiness_review,Nonprofit Cyber Readiness Review,Cybersecurity,5,Deliver findings and recommended remediation path.
nonprofit_cyber_readiness_review,Nonprofit Cyber Readiness Review,Cybersecurity,6,Record approvals and close temporary access.
nonprofit_cyber_readiness_review,Nonprofit Cyber Readiness Review,Cybersecurity,7,Complete internal QA checklist.
nonprofit_cyber_readiness_review,Nonprofit Cyber Readiness Review,Cybersecurity,8,"Send closeout summary with recommended next product, bundle, or monthly plan."
vendor_access_review,Vendor Access Review,Cybersecurity,1,"Review security objective, systems, and authorization."
vendor_access_review,Vendor Access Review,Cybersecurity,2,Collect relevant evidence without storing secrets.
vendor_access_review,Vendor Access Review,Cybersecurity,3,"Assess identity, endpoint, email, backup, network, policy, or training scope."
vendor_access_review,Vendor Access Review,Cybersecurity,4,Prioritize risks by business impact.
vendor_access_review,Vendor Access Review,Cybersecurity,5,Deliver findings and recommended remediation path.
vendor_access_review,Vendor Access Review,Cybersecurity,6,Record approvals and close temporary access.
vendor_access_review,Vendor Access Review,Cybersecurity,7,Complete internal QA checklist.
vendor_access_review,Vendor Access Review,Cybersecurity,8,"Send closeout summary with recommended next product, bundle, or monthly plan."
admin_privilege_review,Admin Privilege Review,Cybersecurity,1,"Review security objective, systems, and authorization."
admin_privilege_review,Admin Privilege Review,Cybersecurity,2,Collect relevant evidence without storing secrets.
admin_privilege_review,Admin Privilege Review,Cybersecurity,3,"Assess identity, endpoint, email, backup, network, policy, or training scope."
admin_privilege_review,Admin Privilege Review,Cybersecurity,4,Prioritize risks by business impact.
admin_privilege_review,Admin Privilege Review,Cybersecurity,5,Deliver findings and recommended remediation path.
admin_privilege_review,Admin Privilege Review,Cybersecurity,6,Record approvals and close temporary access.
admin_privilege_review,Admin Privilege Review,Cybersecurity,7,Complete internal QA checklist.
admin_privilege_review,Admin Privilege Review,Cybersecurity,8,"Send closeout summary with recommended next product, bundle, or monthly plan."
mfa_enforcement_project,MFA Enforcement Project,Cybersecurity,1,"Review security objective, systems, and authorization."
mfa_enforcement_project,MFA Enforcement Project,Cybersecurity,2,Collect relevant evidence without storing secrets.
mfa_enforcement_project,MFA Enforcement Project,Cybersecurity,3,"Assess identity, endpoint, email, backup, network, policy, or training scope."
mfa_enforcement_project,MFA Enforcement Project,Cybersecurity,4,Prioritize risks by business impact.
mfa_enforcement_project,MFA Enforcement Project,Cybersecurity,5,Deliver findings and recommended remediation path.
mfa_enforcement_project,MFA Enforcement Project,Cybersecurity,6,Record approvals and close temporary access.
mfa_enforcement_project,MFA Enforcement Project,Cybersecurity,7,Complete internal QA checklist.
mfa_enforcement_project,MFA Enforcement Project,Cybersecurity,8,"Send closeout summary with recommended next product, bundle, or monthly plan."
password_manager_rollout,Password Manager Rollout,Cybersecurity,1,"Review security objective, systems, and authorization."
password_manager_rollout,Password Manager Rollout,Cybersecurity,2,Collect relevant evidence without storing secrets.
password_manager_rollout,Password Manager Rollout,Cybersecurity,3,"Assess identity, endpoint, email, backup, network, policy, or training scope."
password_manager_rollout,Password Manager Rollout,Cybersecurity,4,Prioritize risks by business impact.
password_manager_rollout,Password Manager Rollout,Cybersecurity,5,Deliver findings and recommended remediation path.
password_manager_rollout,Password Manager Rollout,Cybersecurity,6,Record approvals and close temporary access.
password_manager_rollout,Password Manager Rollout,Cybersecurity,7,Complete internal QA checklist.
password_manager_rollout,Password Manager Rollout,Cybersecurity,8,"Send closeout summary with recommended next product, bundle, or monthly plan."
email_security_hardening,Email Security Hardening,Cybersecurity,1,"Review security objective, systems, and authorization."
email_security_hardening,Email Security Hardening,Cybersecurity,2,Collect relevant evidence without storing secrets.
email_security_hardening,Email Security Hardening,Cybersecurity,3,"Assess identity, endpoint, email, backup, network, policy, or training scope."
email_security_hardening,Email Security Hardening,Cybersecurity,4,Prioritize risks by business impact.
email_security_hardening,Email Security Hardening,Cybersecurity,5,Deliver findings and recommended remediation path.
email_security_hardening,Email Security Hardening,Cybersecurity,6,Record approvals and close temporary access.
email_security_hardening,Email Security Hardening,Cybersecurity,7,Complete internal QA checklist.
email_security_hardening,Email Security Hardening,Cybersecurity,8,"Send closeout summary with recommended next product, bundle, or monthly plan."
endpoint_protection_rollout,Endpoint Protection Rollout,Cybersecurity,1,"Review security objective, systems, and authorization."
endpoint_protection_rollout,Endpoint Protection Rollout,Cybersecurity,2,Collect relevant evidence without storing secrets.
endpoint_protection_rollout,Endpoint Protection Rollout,Cybersecurity,3,"Assess identity, endpoint, email, backup, network, policy, or training scope."
endpoint_protection_rollout,Endpoint Protection Rollout,Cybersecurity,4,Prioritize risks by business impact.
endpoint_protection_rollout,Endpoint Protection Rollout,Cybersecurity,5,Deliver findings and recommended remediation path.
endpoint_protection_rollout,Endpoint Protection Rollout,Cybersecurity,6,Record approvals and close temporary access.
endpoint_protection_rollout,Endpoint Protection Rollout,Cybersecurity,7,Complete internal QA checklist.
endpoint_protection_rollout,Endpoint Protection Rollout,Cybersecurity,8,"Send closeout summary with recommended next product, bundle, or monthly plan."
local_admin_removal_project,Local Admin Removal Project,Cybersecurity,1,"Review security objective, systems, and authorization."
local_admin_removal_project,Local Admin Removal Project,Cybersecurity,2,Collect relevant evidence without storing secrets.
local_admin_removal_project,Local Admin Removal Project,Cybersecurity,3,"Assess identity, endpoint, email, backup, network, policy, or training scope."
local_admin_removal_project,Local Admin Removal Project,Cybersecurity,4,Prioritize risks by business impact.
local_admin_removal_project,Local Admin Removal Project,Cybersecurity,5,Deliver findings and recommended remediation path.
local_admin_removal_project,Local Admin Removal Project,Cybersecurity,6,Record approvals and close temporary access.
local_admin_removal_project,Local Admin Removal Project,Cybersecurity,7,Complete internal QA checklist.
local_admin_removal_project,Local Admin Removal Project,Cybersecurity,8,"Send closeout summary with recommended next product, bundle, or monthly plan."
bitlocker_encryption_rollout,BitLocker Encryption Rollout,Cybersecurity,1,"Review security objective, systems, and authorization."
bitlocker_encryption_rollout,BitLocker Encryption Rollout,Cybersecurity,2,Collect relevant evidence without storing secrets.
bitlocker_encryption_rollout,BitLocker Encryption Rollout,Cybersecurity,3,"Assess identity, endpoint, email, backup, network, policy, or training scope."
bitlocker_encryption_rollout,BitLocker Encryption Rollout,Cybersecurity,4,Prioritize risks by business impact.
bitlocker_encryption_rollout,BitLocker Encryption Rollout,Cybersecurity,5,Deliver findings and recommended remediation path.
bitlocker_encryption_rollout,BitLocker Encryption Rollout,Cybersecurity,6,Record approvals and close temporary access.
bitlocker_encryption_rollout,BitLocker Encryption Rollout,Cybersecurity,7,Complete internal QA checklist.
bitlocker_encryption_rollout,BitLocker Encryption Rollout,Cybersecurity,8,"Send closeout summary with recommended next product, bundle, or monthly plan."
dns_filtering_setup,DNS Filtering Setup,Cybersecurity,1,"Review security objective, systems, and authorization."
dns_filtering_setup,DNS Filtering Setup,Cybersecurity,2,Collect relevant evidence without storing secrets.
dns_filtering_setup,DNS Filtering Setup,Cybersecurity,3,"Assess identity, endpoint, email, backup, network, policy, or training scope."
dns_filtering_setup,DNS Filtering Setup,Cybersecurity,4,Prioritize risks by business impact.
dns_filtering_setup,DNS Filtering Setup,Cybersecurity,5,Deliver findings and recommended remediation path.
dns_filtering_setup,DNS Filtering Setup,Cybersecurity,6,Record approvals and close temporary access.
dns_filtering_setup,DNS Filtering Setup,Cybersecurity,7,Complete internal QA checklist.
dns_filtering_setup,DNS Filtering Setup,Cybersecurity,8,"Send closeout summary with recommended next product, bundle, or monthly plan."
security_awareness_training_setup,Security Awareness Training Setup,Cybersecurity,1,"Review security objective, systems, and authorization."
security_awareness_training_setup,Security Awareness Training Setup,Cybersecurity,2,Collect relevant evidence without storing secrets.
security_awareness_training_setup,Security Awareness Training Setup,Cybersecurity,3,"Assess identity, endpoint, email, backup, network, policy, or training scope."
security_awareness_training_setup,Security Awareness Training Setup,Cybersecurity,4,Prioritize risks by business impact.
security_awareness_training_setup,Security Awareness Training Setup,Cybersecurity,5,Deliver findings and recommended remediation path.
security_awareness_training_setup,Security Awareness Training Setup,Cybersecurity,6,Record approvals and close temporary access.
security_awareness_training_setup,Security Awareness Training Setup,Cybersecurity,7,Complete internal QA checklist.
security_awareness_training_setup,Security Awareness Training Setup,Cybersecurity,8,"Send closeout summary with recommended next product, bundle, or monthly plan."
incident_response_plan_starter,Incident Response Plan Starter,Cybersecurity,1,"Review security objective, systems, and authorization."
incident_response_plan_starter,Incident Response Plan Starter,Cybersecurity,2,Collect relevant evidence without storing secrets.
incident_response_plan_starter,Incident Response Plan Starter,Cybersecurity,3,"Assess identity, endpoint, email, backup, network, policy, or training scope."
incident_response_plan_starter,Incident Response Plan Starter,Cybersecurity,4,Prioritize risks by business impact.
incident_response_plan_starter,Incident Response Plan Starter,Cybersecurity,5,Deliver findings and recommended remediation path.
incident_response_plan_starter,Incident Response Plan Starter,Cybersecurity,6,Record approvals and close temporary access.
incident_response_plan_starter,Incident Response Plan Starter,Cybersecurity,7,Complete internal QA checklist.
incident_response_plan_starter,Incident Response Plan Starter,Cybersecurity,8,"Send closeout summary with recommended next product, bundle, or monthly plan."
cyber_insurance_readiness_package,Cyber Insurance Readiness Package,Cybersecurity,1,"Review security objective, systems, and authorization."
cyber_insurance_readiness_package,Cyber Insurance Readiness Package,Cybersecurity,2,Collect relevant evidence without storing secrets.
cyber_insurance_readiness_package,Cyber Insurance Readiness Package,Cybersecurity,3,"Assess identity, endpoint, email, backup, network, policy, or training scope."
cyber_insurance_readiness_package,Cyber Insurance Readiness Package,Cybersecurity,4,Prioritize risks by business impact.
cyber_insurance_readiness_package,Cyber Insurance Readiness Package,Cybersecurity,5,Deliver findings and recommended remediation path.
cyber_insurance_readiness_package,Cyber Insurance Readiness Package,Cybersecurity,6,Record approvals and close temporary access.
cyber_insurance_readiness_package,Cyber Insurance Readiness Package,Cybersecurity,7,Complete internal QA checklist.
cyber_insurance_readiness_package,Cyber Insurance Readiness Package,Cybersecurity,8,"Send closeout summary with recommended next product, bundle, or monthly plan."
security_awareness_lunch_learn,Security Awareness Lunch & Learn,Cybersecurity,1,"Review security objective, systems, and authorization."
security_awareness_lunch_learn,Security Awareness Lunch & Learn,Cybersecurity,2,Collect relevant evidence without storing secrets.
security_awareness_lunch_learn,Security Awareness Lunch & Learn,Cybersecurity,3,"Assess identity, endpoint, email, backup, network, policy, or training scope."
security_awareness_lunch_learn,Security Awareness Lunch & Learn,Cybersecurity,4,Prioritize risks by business impact.
security_awareness_lunch_learn,Security Awareness Lunch & Learn,Cybersecurity,5,Deliver findings and recommended remediation path.
security_awareness_lunch_learn,Security Awareness Lunch & Learn,Cybersecurity,6,Record approvals and close temporary access.
security_awareness_lunch_learn,Security Awareness Lunch & Learn,Cybersecurity,7,Complete internal QA checklist.
security_awareness_lunch_learn,Security Awareness Lunch & Learn,Cybersecurity,8,"Send closeout summary with recommended next product, bundle, or monthly plan."
owner_admin_security_training,Owner/Admin Security Training,Cybersecurity,1,"Review security objective, systems, and authorization."
owner_admin_security_training,Owner/Admin Security Training,Cybersecurity,2,Collect relevant evidence without storing secrets.
owner_admin_security_training,Owner/Admin Security Training,Cybersecurity,3,"Assess identity, endpoint, email, backup, network, policy, or training scope."
owner_admin_security_training,Owner/Admin Security Training,Cybersecurity,4,Prioritize risks by business impact.
owner_admin_security_training,Owner/Admin Security Training,Cybersecurity,5,Deliver findings and recommended remediation path.
owner_admin_security_training,Owner/Admin Security Training,Cybersecurity,6,Record approvals and close temporary access.
owner_admin_security_training,Owner/Admin Security Training,Cybersecurity,7,Complete internal QA checklist.
owner_admin_security_training,Owner/Admin Security Training,Cybersecurity,8,"Send closeout summary with recommended next product, bundle, or monthly plan."
staff_security_starter,Staff Security Starter,Cybersecurity,1,"Review security objective, systems, and authorization."
staff_security_starter,Staff Security Starter,Cybersecurity,2,Collect relevant evidence without storing secrets.
staff_security_starter,Staff Security Starter,Cybersecurity,3,"Assess identity, endpoint, email, backup, network, policy, or training scope."
staff_security_starter,Staff Security Starter,Cybersecurity,4,Prioritize risks by business impact.
staff_security_starter,Staff Security Starter,Cybersecurity,5,Deliver findings and recommended remediation path.
staff_security_starter,Staff Security Starter,Cybersecurity,6,Record approvals and close temporary access.
staff_security_starter,Staff Security Starter,Cybersecurity,7,Complete internal QA checklist.
staff_security_starter,Staff Security Starter,Cybersecurity,8,"Send closeout summary with recommended next product, bundle, or monthly plan."
microsoft_365_tenant_setup,Microsoft 365 Tenant Setup,Microsoft 365,1,Confirm tenant/domain and authorized admin access.
microsoft_365_tenant_setup,Microsoft 365 Tenant Setup,Microsoft 365,2,"Review users, groups, admin roles, licenses, mail, Teams, SharePoint, and security settings as applicable."
microsoft_365_tenant_setup,Microsoft 365 Tenant Setup,Microsoft 365,3,Make approved configuration changes only within scope.
microsoft_365_tenant_setup,Microsoft 365 Tenant Setup,Microsoft 365,4,Document before/after findings.
microsoft_365_tenant_setup,Microsoft 365 Tenant Setup,Microsoft 365,5,Provide customer report and follow-up recommendations.
microsoft_365_tenant_setup,Microsoft 365 Tenant Setup,Microsoft 365,6,Complete internal QA checklist.
microsoft_365_tenant_setup,Microsoft 365 Tenant Setup,Microsoft 365,7,"Send closeout summary with recommended next product, bundle, or monthly plan."
microsoft_365_tenant_cleanup,Microsoft 365 Tenant Cleanup,Microsoft 365,1,Confirm tenant/domain and authorized admin access.
microsoft_365_tenant_cleanup,Microsoft 365 Tenant Cleanup,Microsoft 365,2,"Review users, groups, admin roles, licenses, mail, Teams, SharePoint, and security settings as applicable."
microsoft_365_tenant_cleanup,Microsoft 365 Tenant Cleanup,Microsoft 365,3,Make approved configuration changes only within scope.
microsoft_365_tenant_cleanup,Microsoft 365 Tenant Cleanup,Microsoft 365,4,Document before/after findings.
microsoft_365_tenant_cleanup,Microsoft 365 Tenant Cleanup,Microsoft 365,5,Provide customer report and follow-up recommendations.
microsoft_365_tenant_cleanup,Microsoft 365 Tenant Cleanup,Microsoft 365,6,Complete internal QA checklist.
microsoft_365_tenant_cleanup,Microsoft 365 Tenant Cleanup,Microsoft 365,7,"Send closeout summary with recommended next product, bundle, or monthly plan."
microsoft_365_monthly_admin,Microsoft 365 Monthly Admin,Microsoft 365,1,Confirm tenant/domain and authorized admin access.
microsoft_365_monthly_admin,Microsoft 365 Monthly Admin,Microsoft 365,2,"Review users, groups, admin roles, licenses, mail, Teams, SharePoint, and security settings as applicable."
microsoft_365_monthly_admin,Microsoft 365 Monthly Admin,Microsoft 365,3,Make approved configuration changes only within scope.
microsoft_365_monthly_admin,Microsoft 365 Monthly Admin,Microsoft 365,4,Document before/after findings.
microsoft_365_monthly_admin,Microsoft 365 Monthly Admin,Microsoft 365,5,Provide customer report and follow-up recommendations.
microsoft_365_monthly_admin,Microsoft 365 Monthly Admin,Microsoft 365,6,Complete internal QA checklist.
microsoft_365_monthly_admin,Microsoft 365 Monthly Admin,Microsoft 365,7,"Send closeout summary with recommended next product, bundle, or monthly plan."
microsoft_365_security_baseline,Microsoft 365 Security Baseline,Microsoft 365,1,Confirm tenant/domain and authorized admin access.
microsoft_365_security_baseline,Microsoft 365 Security Baseline,Microsoft 365,2,"Review users, groups, admin roles, licenses, mail, Teams, SharePoint, and security settings as applicable."
microsoft_365_security_baseline,Microsoft 365 Security Baseline,Microsoft 365,3,Make approved configuration changes only within scope.
microsoft_365_security_baseline,Microsoft 365 Security Baseline,Microsoft 365,4,Document before/after findings.
microsoft_365_security_baseline,Microsoft 365 Security Baseline,Microsoft 365,5,Provide customer report and follow-up recommendations.
microsoft_365_security_baseline,Microsoft 365 Security Baseline,Microsoft 365,6,Complete internal QA checklist.
microsoft_365_security_baseline,Microsoft 365 Security Baseline,Microsoft 365,7,"Send closeout summary with recommended next product, bundle, or monthly plan."
microsoft_365_backup_setup,Microsoft 365 Backup Setup,Microsoft 365,1,Confirm tenant/domain and authorized admin access.
microsoft_365_backup_setup,Microsoft 365 Backup Setup,Microsoft 365,2,"Review users, groups, admin roles, licenses, mail, Teams, SharePoint, and security settings as applicable."
microsoft_365_backup_setup,Microsoft 365 Backup Setup,Microsoft 365,3,Make approved configuration changes only within scope.
microsoft_365_backup_setup,Microsoft 365 Backup Setup,Microsoft 365,4,Document before/after findings.
microsoft_365_backup_setup,Microsoft 365 Backup Setup,Microsoft 365,5,Provide customer report and follow-up recommendations.
microsoft_365_backup_setup,Microsoft 365 Backup Setup,Microsoft 365,6,Complete internal QA checklist.
microsoft_365_backup_setup,Microsoft 365 Backup Setup,Microsoft 365,7,"Send closeout summary with recommended next product, bundle, or monthly plan."
microsoft_365_migration_lite,Microsoft 365 Migration Lite,Microsoft 365,1,Confirm tenant/domain and authorized admin access.
microsoft_365_migration_lite,Microsoft 365 Migration Lite,Microsoft 365,2,"Review users, groups, admin roles, licenses, mail, Teams, SharePoint, and security settings as applicable."
microsoft_365_migration_lite,Microsoft 365 Migration Lite,Microsoft 365,3,Make approved configuration changes only within scope.
microsoft_365_migration_lite,Microsoft 365 Migration Lite,Microsoft 365,4,Document before/after findings.
microsoft_365_migration_lite,Microsoft 365 Migration Lite,Microsoft 365,5,Provide customer report and follow-up recommendations.
microsoft_365_migration_lite,Microsoft 365 Migration Lite,Microsoft 365,6,Complete internal QA checklist.
microsoft_365_migration_lite,Microsoft 365 Migration Lite,Microsoft 365,7,"Send closeout summary with recommended next product, bundle, or monthly plan."
microsoft_365_migration_full,Microsoft 365 Migration Full,Microsoft 365,1,Confirm tenant/domain and authorized admin access.
microsoft_365_migration_full,Microsoft 365 Migration Full,Microsoft 365,2,"Review users, groups, admin roles, licenses, mail, Teams, SharePoint, and security settings as applicable."
microsoft_365_migration_full,Microsoft 365 Migration Full,Microsoft 365,3,Make approved configuration changes only within scope.
microsoft_365_migration_full,Microsoft 365 Migration Full,Microsoft 365,4,Document before/after findings.
microsoft_365_migration_full,Microsoft 365 Migration Full,Microsoft 365,5,Provide customer report and follow-up recommendations.
microsoft_365_migration_full,Microsoft 365 Migration Full,Microsoft 365,6,Complete internal QA checklist.
microsoft_365_migration_full,Microsoft 365 Migration Full,Microsoft 365,7,"Send closeout summary with recommended next product, bundle, or monthly plan."
microsoft_365_license_optimization,Microsoft 365 License Optimization,Microsoft 365,1,Confirm tenant/domain and authorized admin access.
microsoft_365_license_optimization,Microsoft 365 License Optimization,Microsoft 365,2,"Review users, groups, admin roles, licenses, mail, Teams, SharePoint, and security settings as applicable."
microsoft_365_license_optimization,Microsoft 365 License Optimization,Microsoft 365,3,Make approved configuration changes only within scope.
microsoft_365_license_optimization,Microsoft 365 License Optimization,Microsoft 365,4,Document before/after findings.
microsoft_365_license_optimization,Microsoft 365 License Optimization,Microsoft 365,5,Provide customer report and follow-up recommendations.
microsoft_365_license_optimization,Microsoft 365 License Optimization,Microsoft 365,6,Complete internal QA checklist.
microsoft_365_license_optimization,Microsoft 365 License Optimization,Microsoft 365,7,"Send closeout summary with recommended next product, bundle, or monthly plan."
shared_mailbox_cleanup,Shared Mailbox Cleanup,Microsoft 365,1,Confirm tenant/domain and authorized admin access.
shared_mailbox_cleanup,Shared Mailbox Cleanup,Microsoft 365,2,"Review users, groups, admin roles, licenses, mail, Teams, SharePoint, and security settings as applicable."
shared_mailbox_cleanup,Shared Mailbox Cleanup,Microsoft 365,3,Make approved configuration changes only within scope.
shared_mailbox_cleanup,Shared Mailbox Cleanup,Microsoft 365,4,Document before/after findings.
shared_mailbox_cleanup,Shared Mailbox Cleanup,Microsoft 365,5,Provide customer report and follow-up recommendations.
shared_mailbox_cleanup,Shared Mailbox Cleanup,Microsoft 365,6,Complete internal QA checklist.
shared_mailbox_cleanup,Shared Mailbox Cleanup,Microsoft 365,7,"Send closeout summary with recommended next product, bundle, or monthly plan."
onedrive_and_sharepoint_permissions_review,OneDrive and SharePoint Permissions Review,Microsoft 365,1,Confirm tenant/domain and authorized admin access.
onedrive_and_sharepoint_permissions_review,OneDrive and SharePoint Permissions Review,Microsoft 365,2,"Review users, groups, admin roles, licenses, mail, Teams, SharePoint, and security settings as applicable."
onedrive_and_sharepoint_permissions_review,OneDrive and SharePoint Permissions Review,Microsoft 365,3,Make approved configuration changes only within scope.
onedrive_and_sharepoint_permissions_review,OneDrive and SharePoint Permissions Review,Microsoft 365,4,Document before/after findings.
onedrive_and_sharepoint_permissions_review,OneDrive and SharePoint Permissions Review,Microsoft 365,5,Provide customer report and follow-up recommendations.
onedrive_and_sharepoint_permissions_review,OneDrive and SharePoint Permissions Review,Microsoft 365,6,Complete internal QA checklist.
onedrive_and_sharepoint_permissions_review,OneDrive and SharePoint Permissions Review,Microsoft 365,7,"Send closeout summary with recommended next product, bundle, or monthly plan."
new_employee_m365_setup,New Employee M365 Setup,Microsoft 365,1,Confirm tenant/domain and authorized admin access.
new_employee_m365_setup,New Employee M365 Setup,Microsoft 365,2,"Review users, groups, admin roles, licenses, mail, Teams, SharePoint, and security settings as applicable."
new_employee_m365_setup,New Employee M365 Setup,Microsoft 365,3,Make approved configuration changes only within scope.
new_employee_m365_setup,New Employee M365 Setup,Microsoft 365,4,Document before/after findings.
new_employee_m365_setup,New Employee M365 Setup,Microsoft 365,5,Provide customer report and follow-up recommendations.
new_employee_m365_setup,New Employee M365 Setup,Microsoft 365,6,Complete internal QA checklist.
new_employee_m365_setup,New Employee M365 Setup,Microsoft 365,7,"Send closeout summary with recommended next product, bundle, or monthly plan."
departing_employee_lockdown,Departing Employee Lockdown,Microsoft 365,1,Confirm tenant/domain and authorized admin access.
departing_employee_lockdown,Departing Employee Lockdown,Microsoft 365,2,"Review users, groups, admin roles, licenses, mail, Teams, SharePoint, and security settings as applicable."
departing_employee_lockdown,Departing Employee Lockdown,Microsoft 365,3,Make approved configuration changes only within scope.
departing_employee_lockdown,Departing Employee Lockdown,Microsoft 365,4,Document before/after findings.
departing_employee_lockdown,Departing Employee Lockdown,Microsoft 365,5,Provide customer report and follow-up recommendations.
departing_employee_lockdown,Departing Employee Lockdown,Microsoft 365,6,Complete internal QA checklist.
departing_employee_lockdown,Departing Employee Lockdown,Microsoft 365,7,"Send closeout summary with recommended next product, bundle, or monthly plan."
teams_cleanup_mini_project,Teams Cleanup Mini Project,Microsoft 365,1,Confirm tenant/domain and authorized admin access.
teams_cleanup_mini_project,Teams Cleanup Mini Project,Microsoft 365,2,"Review users, groups, admin roles, licenses, mail, Teams, SharePoint, and security settings as applicable."
teams_cleanup_mini_project,Teams Cleanup Mini Project,Microsoft 365,3,Make approved configuration changes only within scope.
teams_cleanup_mini_project,Teams Cleanup Mini Project,Microsoft 365,4,Document before/after findings.
teams_cleanup_mini_project,Teams Cleanup Mini Project,Microsoft 365,5,Provide customer report and follow-up recommendations.
teams_cleanup_mini_project,Teams Cleanup Mini Project,Microsoft 365,6,Complete internal QA checklist.
teams_cleanup_mini_project,Teams Cleanup Mini Project,Microsoft 365,7,"Send closeout summary with recommended next product, bundle, or monthly plan."
microsoft_secure_score_review,Microsoft Secure Score Review,Microsoft 365,1,Confirm tenant/domain and authorized admin access.
microsoft_secure_score_review,Microsoft Secure Score Review,Microsoft 365,2,"Review users, groups, admin roles, licenses, mail, Teams, SharePoint, and security settings as applicable."
microsoft_secure_score_review,Microsoft Secure Score Review,Microsoft 365,3,Make approved configuration changes only within scope.
microsoft_secure_score_review,Microsoft Secure Score Review,Microsoft 365,4,Document before/after findings.
microsoft_secure_score_review,Microsoft Secure Score Review,Microsoft 365,5,Provide customer report and follow-up recommendations.
microsoft_secure_score_review,Microsoft Secure Score Review,Microsoft 365,6,Complete internal QA checklist.
microsoft_secure_score_review,Microsoft Secure Score Review,Microsoft 365,7,"Send closeout summary with recommended next product, bundle, or monthly plan."
m365_launch_bundle,M365 Launch Bundle,Microsoft 365,1,Confirm tenant/domain and authorized admin access.
m365_launch_bundle,M365 Launch Bundle,Microsoft 365,2,"Review users, groups, admin roles, licenses, mail, Teams, SharePoint, and security settings as applicable."
m365_launch_bundle,M365 Launch Bundle,Microsoft 365,3,Make approved configuration changes only within scope.
m365_launch_bundle,M365 Launch Bundle,Microsoft 365,4,Document before/after findings.
m365_launch_bundle,M365 Launch Bundle,Microsoft 365,5,Provide customer report and follow-up recommendations.
m365_launch_bundle,M365 Launch Bundle,Microsoft 365,6,Complete internal QA checklist.
m365_launch_bundle,M365 Launch Bundle,Microsoft 365,7,"Send closeout summary with recommended next product, bundle, or monthly plan."
m365_secure_bundle,M365 Secure Bundle,Microsoft 365,1,Confirm tenant/domain and authorized admin access.
m365_secure_bundle,M365 Secure Bundle,Microsoft 365,2,"Review users, groups, admin roles, licenses, mail, Teams, SharePoint, and security settings as applicable."
m365_secure_bundle,M365 Secure Bundle,Microsoft 365,3,Make approved configuration changes only within scope.
m365_secure_bundle,M365 Secure Bundle,Microsoft 365,4,Document before/after findings.
m365_secure_bundle,M365 Secure Bundle,Microsoft 365,5,Provide customer report and follow-up recommendations.
m365_secure_bundle,M365 Secure Bundle,Microsoft 365,6,Complete internal QA checklist.
m365_secure_bundle,M365 Secure Bundle,Microsoft 365,7,"Send closeout summary with recommended next product, bundle, or monthly plan."
m365_cleanup_bundle,M365 Cleanup Bundle,Microsoft 365,1,Confirm tenant/domain and authorized admin access.
m365_cleanup_bundle,M365 Cleanup Bundle,Microsoft 365,2,"Review users, groups, admin roles, licenses, mail, Teams, SharePoint, and security settings as applicable."
m365_cleanup_bundle,M365 Cleanup Bundle,Microsoft 365,3,Make approved configuration changes only within scope.
m365_cleanup_bundle,M365 Cleanup Bundle,Microsoft 365,4,Document before/after findings.
m365_cleanup_bundle,M365 Cleanup Bundle,Microsoft 365,5,Provide customer report and follow-up recommendations.
m365_cleanup_bundle,M365 Cleanup Bundle,Microsoft 365,6,Complete internal QA checklist.
m365_cleanup_bundle,M365 Cleanup Bundle,Microsoft 365,7,"Send closeout summary with recommended next product, bundle, or monthly plan."
m365_managed_bundle,M365 Managed Bundle,Microsoft 365,1,Confirm tenant/domain and authorized admin access.
m365_managed_bundle,M365 Managed Bundle,Microsoft 365,2,"Review users, groups, admin roles, licenses, mail, Teams, SharePoint, and security settings as applicable."
m365_managed_bundle,M365 Managed Bundle,Microsoft 365,3,Make approved configuration changes only within scope.
m365_managed_bundle,M365 Managed Bundle,Microsoft 365,4,Document before/after findings.
m365_managed_bundle,M365 Managed Bundle,Microsoft 365,5,Provide customer report and follow-up recommendations.
m365_managed_bundle,M365 Managed Bundle,Microsoft 365,6,Complete internal QA checklist.
m365_managed_bundle,M365 Managed Bundle,Microsoft 365,7,"Send closeout summary with recommended next product, bundle, or monthly plan."
new_computer_setup,New Computer Setup,Computer Setup & Support,1,Confirm device/user/peripheral details.
new_computer_setup,New Computer Setup,Computer Setup & Support,2,Establish remote or onsite session.
new_computer_setup,New Computer Setup,Computer Setup & Support,3,"Perform setup, update, configuration, security, or troubleshooting work."
new_computer_setup,New Computer Setup,Computer Setup & Support,4,Test with customer workflow.
new_computer_setup,New Computer Setup,Computer Setup & Support,5,Document what was changed and any remaining recommendations.
new_computer_setup,New Computer Setup,Computer Setup & Support,6,Complete internal QA checklist.
new_computer_setup,New Computer Setup,Computer Setup & Support,7,"Send closeout summary with recommended next product, bundle, or monthly plan."
business_laptop_security_setup,Business Laptop Security Setup,Computer Setup & Support,1,Confirm device/user/peripheral details.
business_laptop_security_setup,Business Laptop Security Setup,Computer Setup & Support,2,Establish remote or onsite session.
business_laptop_security_setup,Business Laptop Security Setup,Computer Setup & Support,3,"Perform setup, update, configuration, security, or troubleshooting work."
business_laptop_security_setup,Business Laptop Security Setup,Computer Setup & Support,4,Test with customer workflow.
business_laptop_security_setup,Business Laptop Security Setup,Computer Setup & Support,5,Document what was changed and any remaining recommendations.
business_laptop_security_setup,Business Laptop Security Setup,Computer Setup & Support,6,Complete internal QA checklist.
business_laptop_security_setup,Business Laptop Security Setup,Computer Setup & Support,7,"Send closeout summary with recommended next product, bundle, or monthly plan."
patch_status_snapshot,Patch Status Snapshot,Computer Setup & Support,1,Confirm device/user/peripheral details.
patch_status_snapshot,Patch Status Snapshot,Computer Setup & Support,2,Establish remote or onsite session.
patch_status_snapshot,Patch Status Snapshot,Computer Setup & Support,3,"Perform setup, update, configuration, security, or troubleshooting work."
patch_status_snapshot,Patch Status Snapshot,Computer Setup & Support,4,Test with customer workflow.
patch_status_snapshot,Patch Status Snapshot,Computer Setup & Support,5,Document what was changed and any remaining recommendations.
patch_status_snapshot,Patch Status Snapshot,Computer Setup & Support,6,Complete internal QA checklist.
patch_status_snapshot,Patch Status Snapshot,Computer Setup & Support,7,"Send closeout summary with recommended next product, bundle, or monthly plan."
managed_workstation_essentials,Managed Workstation Essentials,Computer Setup & Support,1,Confirm device/user/peripheral details.
managed_workstation_essentials,Managed Workstation Essentials,Computer Setup & Support,2,Establish remote or onsite session.
managed_workstation_essentials,Managed Workstation Essentials,Computer Setup & Support,3,"Perform setup, update, configuration, security, or troubleshooting work."
managed_workstation_essentials,Managed Workstation Essentials,Computer Setup & Support,4,Test with customer workflow.
managed_workstation_essentials,Managed Workstation Essentials,Computer Setup & Support,5,Document what was changed and any remaining recommendations.
managed_workstation_essentials,Managed Workstation Essentials,Computer Setup & Support,6,Complete internal QA checklist.
managed_workstation_essentials,Managed Workstation Essentials,Computer Setup & Support,7,"Send closeout summary with recommended next product, bundle, or monthly plan."
managed_workstation_protect,Managed Workstation Protect,Computer Setup & Support,1,Confirm device/user/peripheral details.
managed_workstation_protect,Managed Workstation Protect,Computer Setup & Support,2,Establish remote or onsite session.
managed_workstation_protect,Managed Workstation Protect,Computer Setup & Support,3,"Perform setup, update, configuration, security, or troubleshooting work."
managed_workstation_protect,Managed Workstation Protect,Computer Setup & Support,4,Test with customer workflow.
managed_workstation_protect,Managed Workstation Protect,Computer Setup & Support,5,Document what was changed and any remaining recommendations.
managed_workstation_protect,Managed Workstation Protect,Computer Setup & Support,6,Complete internal QA checklist.
managed_workstation_protect,Managed Workstation Protect,Computer Setup & Support,7,"Send closeout summary with recommended next product, bundle, or monthly plan."
managed_workstation_complete,Managed Workstation Complete,Computer Setup & Support,1,Confirm device/user/peripheral details.
managed_workstation_complete,Managed Workstation Complete,Computer Setup & Support,2,Establish remote or onsite session.
managed_workstation_complete,Managed Workstation Complete,Computer Setup & Support,3,"Perform setup, update, configuration, security, or troubleshooting work."
managed_workstation_complete,Managed Workstation Complete,Computer Setup & Support,4,Test with customer workflow.
managed_workstation_complete,Managed Workstation Complete,Computer Setup & Support,5,Document what was changed and any remaining recommendations.
managed_workstation_complete,Managed Workstation Complete,Computer Setup & Support,6,Complete internal QA checklist.
managed_workstation_complete,Managed Workstation Complete,Computer Setup & Support,7,"Send closeout summary with recommended next product, bundle, or monthly plan."
laptop_procurement,Laptop Procurement,Computer Setup & Support,1,Confirm device/user/peripheral details.
laptop_procurement,Laptop Procurement,Computer Setup & Support,2,Establish remote or onsite session.
laptop_procurement,Laptop Procurement,Computer Setup & Support,3,"Perform setup, update, configuration, security, or troubleshooting work."
laptop_procurement,Laptop Procurement,Computer Setup & Support,4,Test with customer workflow.
laptop_procurement,Laptop Procurement,Computer Setup & Support,5,Document what was changed and any remaining recommendations.
laptop_procurement,Laptop Procurement,Computer Setup & Support,6,Complete internal QA checklist.
laptop_procurement,Laptop Procurement,Computer Setup & Support,7,"Send closeout summary with recommended next product, bundle, or monthly plan."
desktop_procurement,Desktop Procurement,Computer Setup & Support,1,Confirm device/user/peripheral details.
desktop_procurement,Desktop Procurement,Computer Setup & Support,2,Establish remote or onsite session.
desktop_procurement,Desktop Procurement,Computer Setup & Support,3,"Perform setup, update, configuration, security, or troubleshooting work."
desktop_procurement,Desktop Procurement,Computer Setup & Support,4,Test with customer workflow.
desktop_procurement,Desktop Procurement,Computer Setup & Support,5,Document what was changed and any remaining recommendations.
desktop_procurement,Desktop Procurement,Computer Setup & Support,6,Complete internal QA checklist.
desktop_procurement,Desktop Procurement,Computer Setup & Support,7,"Send closeout summary with recommended next product, bundle, or monthly plan."
printer_procurement_help,Printer Procurement Help,Computer Setup & Support,1,Confirm device/user/peripheral details.
printer_procurement_help,Printer Procurement Help,Computer Setup & Support,2,Establish remote or onsite session.
printer_procurement_help,Printer Procurement Help,Computer Setup & Support,3,"Perform setup, update, configuration, security, or troubleshooting work."
printer_procurement_help,Printer Procurement Help,Computer Setup & Support,4,Test with customer workflow.
printer_procurement_help,Printer Procurement Help,Computer Setup & Support,5,Document what was changed and any remaining recommendations.
printer_procurement_help,Printer Procurement Help,Computer Setup & Support,6,Complete internal QA checklist.
printer_procurement_help,Printer Procurement Help,Computer Setup & Support,7,"Send closeout summary with recommended next product, bundle, or monthly plan."
warranty_tracking,Warranty Tracking,Computer Setup & Support,1,Confirm device/user/peripheral details.
warranty_tracking,Warranty Tracking,Computer Setup & Support,2,Establish remote or onsite session.
warranty_tracking,Warranty Tracking,Computer Setup & Support,3,"Perform setup, update, configuration, security, or troubleshooting work."
warranty_tracking,Warranty Tracking,Computer Setup & Support,4,Test with customer workflow.
warranty_tracking,Warranty Tracking,Computer Setup & Support,5,Document what was changed and any remaining recommendations.
warranty_tracking,Warranty Tracking,Computer Setup & Support,6,Complete internal QA checklist.
warranty_tracking,Warranty Tracking,Computer Setup & Support,7,"Send closeout summary with recommended next product, bundle, or monthly plan."
lifecycle_replacement_plan,Lifecycle Replacement Plan,Computer Setup & Support,1,Confirm device/user/peripheral details.
lifecycle_replacement_plan,Lifecycle Replacement Plan,Computer Setup & Support,2,Establish remote or onsite session.
lifecycle_replacement_plan,Lifecycle Replacement Plan,Computer Setup & Support,3,"Perform setup, update, configuration, security, or troubleshooting work."
lifecycle_replacement_plan,Lifecycle Replacement Plan,Computer Setup & Support,4,Test with customer workflow.
lifecycle_replacement_plan,Lifecycle Replacement Plan,Computer Setup & Support,5,Document what was changed and any remaining recommendations.
lifecycle_replacement_plan,Lifecycle Replacement Plan,Computer Setup & Support,6,Complete internal QA checklist.
lifecycle_replacement_plan,Lifecycle Replacement Plan,Computer Setup & Support,7,"Send closeout summary with recommended next product, bundle, or monthly plan."
workstation_refresh_pack,Workstation Refresh Pack,Computer Setup & Support,1,Confirm device/user/peripheral details.
workstation_refresh_pack,Workstation Refresh Pack,Computer Setup & Support,2,Establish remote or onsite session.
workstation_refresh_pack,Workstation Refresh Pack,Computer Setup & Support,3,"Perform setup, update, configuration, security, or troubleshooting work."
workstation_refresh_pack,Workstation Refresh Pack,Computer Setup & Support,4,Test with customer workflow.
workstation_refresh_pack,Workstation Refresh Pack,Computer Setup & Support,5,Document what was changed and any remaining recommendations.
workstation_refresh_pack,Workstation Refresh Pack,Computer Setup & Support,6,Complete internal QA checklist.
workstation_refresh_pack,Workstation Refresh Pack,Computer Setup & Support,7,"Send closeout summary with recommended next product, bundle, or monthly plan."
data_transfer_service,Data Transfer Service,Computer Setup & Support,1,Confirm device/user/peripheral details.
data_transfer_service,Data Transfer Service,Computer Setup & Support,2,Establish remote or onsite session.
data_transfer_service,Data Transfer Service,Computer Setup & Support,3,"Perform setup, update, configuration, security, or troubleshooting work."
data_transfer_service,Data Transfer Service,Computer Setup & Support,4,Test with customer workflow.
data_transfer_service,Data Transfer Service,Computer Setup & Support,5,Document what was changed and any remaining recommendations.
data_transfer_service,Data Transfer Service,Computer Setup & Support,6,Complete internal QA checklist.
data_transfer_service,Data Transfer Service,Computer Setup & Support,7,"Send closeout summary with recommended next product, bundle, or monthly plan."
old_device_wipe_coordination,Old Device Wipe Coordination,Computer Setup & Support,1,Confirm device/user/peripheral details.
old_device_wipe_coordination,Old Device Wipe Coordination,Computer Setup & Support,2,Establish remote or onsite session.
old_device_wipe_coordination,Old Device Wipe Coordination,Computer Setup & Support,3,"Perform setup, update, configuration, security, or troubleshooting work."
old_device_wipe_coordination,Old Device Wipe Coordination,Computer Setup & Support,4,Test with customer workflow.
old_device_wipe_coordination,Old Device Wipe Coordination,Computer Setup & Support,5,Document what was changed and any remaining recommendations.
old_device_wipe_coordination,Old Device Wipe Coordination,Computer Setup & Support,6,Complete internal QA checklist.
old_device_wipe_coordination,Old Device Wipe Coordination,Computer Setup & Support,7,"Send closeout summary with recommended next product, bundle, or monthly plan."
conference_room_audio_setup,Conference Room Audio Setup,Computer Setup & Support,1,Confirm device/user/peripheral details.
conference_room_audio_setup,Conference Room Audio Setup,Computer Setup & Support,2,Establish remote or onsite session.
conference_room_audio_setup,Conference Room Audio Setup,Computer Setup & Support,3,"Perform setup, update, configuration, security, or troubleshooting work."
conference_room_audio_setup,Conference Room Audio Setup,Computer Setup & Support,4,Test with customer workflow.
conference_room_audio_setup,Conference Room Audio Setup,Computer Setup & Support,5,Document what was changed and any remaining recommendations.
conference_room_audio_setup,Conference Room Audio Setup,Computer Setup & Support,6,Complete internal QA checklist.
conference_room_audio_setup,Conference Room Audio Setup,Computer Setup & Support,7,"Send closeout summary with recommended next product, bundle, or monthly plan."
microsoft_365_basics_training,Microsoft 365 Basics Training,Computer Setup & Support,1,Confirm device/user/peripheral details.
microsoft_365_basics_training,Microsoft 365 Basics Training,Computer Setup & Support,2,Establish remote or onsite session.
microsoft_365_basics_training,Microsoft 365 Basics Training,Computer Setup & Support,3,"Perform setup, update, configuration, security, or troubleshooting work."
microsoft_365_basics_training,Microsoft 365 Basics Training,Computer Setup & Support,4,Test with customer workflow.
microsoft_365_basics_training,Microsoft 365 Basics Training,Computer Setup & Support,5,Document what was changed and any remaining recommendations.
microsoft_365_basics_training,Microsoft 365 Basics Training,Computer Setup & Support,6,Complete internal QA checklist.
microsoft_365_basics_training,Microsoft 365 Basics Training,Computer Setup & Support,7,"Send closeout summary with recommended next product, bundle, or monthly plan."
teams_and_sharepoint_training,Teams and SharePoint Training,Computer Setup & Support,1,Confirm device/user/peripheral details.
teams_and_sharepoint_training,Teams and SharePoint Training,Computer Setup & Support,2,Establish remote or onsite session.
teams_and_sharepoint_training,Teams and SharePoint Training,Computer Setup & Support,3,"Perform setup, update, configuration, security, or troubleshooting work."
teams_and_sharepoint_training,Teams and SharePoint Training,Computer Setup & Support,4,Test with customer workflow.
teams_and_sharepoint_training,Teams and SharePoint Training,Computer Setup & Support,5,Document what was changed and any remaining recommendations.
teams_and_sharepoint_training,Teams and SharePoint Training,Computer Setup & Support,6,Complete internal QA checklist.
teams_and_sharepoint_training,Teams and SharePoint Training,Computer Setup & Support,7,"Send closeout summary with recommended next product, bundle, or monthly plan."
wi_fi_coverage_check,Wi-Fi Coverage Check,Wi-Fi & Networking,1,"Confirm location, coverage needs, current equipment, and business requirements."
wi_fi_coverage_check,Wi-Fi Coverage Check,Wi-Fi & Networking,2,Perform assessment or implementation planning.
wi_fi_coverage_check,Wi-Fi Coverage Check,Wi-Fi & Networking,3,"Document topology, Wi-Fi, firewall, switch, VLAN, cabling, and ISP considerations as relevant."
wi_fi_coverage_check,Wi-Fi Coverage Check,Wi-Fi & Networking,4,Complete approved configuration/install coordination.
wi_fi_coverage_check,Wi-Fi Coverage Check,Wi-Fi & Networking,5,Validate connectivity and provide network notes.
wi_fi_coverage_check,Wi-Fi Coverage Check,Wi-Fi & Networking,6,Complete internal QA checklist.
wi_fi_coverage_check,Wi-Fi Coverage Check,Wi-Fi & Networking,7,"Send closeout summary with recommended next product, bundle, or monthly plan."
network_health_check,Network Health Check,Wi-Fi & Networking,1,"Confirm location, coverage needs, current equipment, and business requirements."
network_health_check,Network Health Check,Wi-Fi & Networking,2,Perform assessment or implementation planning.
network_health_check,Network Health Check,Wi-Fi & Networking,3,"Document topology, Wi-Fi, firewall, switch, VLAN, cabling, and ISP considerations as relevant."
network_health_check,Network Health Check,Wi-Fi & Networking,4,Complete approved configuration/install coordination.
network_health_check,Network Health Check,Wi-Fi & Networking,5,Validate connectivity and provide network notes.
network_health_check,Network Health Check,Wi-Fi & Networking,6,Complete internal QA checklist.
network_health_check,Network Health Check,Wi-Fi & Networking,7,"Send closeout summary with recommended next product, bundle, or monthly plan."
small_office_network_audit,Small Office Network Audit,Wi-Fi & Networking,1,"Confirm location, coverage needs, current equipment, and business requirements."
small_office_network_audit,Small Office Network Audit,Wi-Fi & Networking,2,Perform assessment or implementation planning.
small_office_network_audit,Small Office Network Audit,Wi-Fi & Networking,3,"Document topology, Wi-Fi, firewall, switch, VLAN, cabling, and ISP considerations as relevant."
small_office_network_audit,Small Office Network Audit,Wi-Fi & Networking,4,Complete approved configuration/install coordination.
small_office_network_audit,Small Office Network Audit,Wi-Fi & Networking,5,Validate connectivity and provide network notes.
small_office_network_audit,Small Office Network Audit,Wi-Fi & Networking,6,Complete internal QA checklist.
small_office_network_audit,Small Office Network Audit,Wi-Fi & Networking,7,"Send closeout summary with recommended next product, bundle, or monthly plan."
guest_wi_fi_review,Guest Wi-Fi Review,Wi-Fi & Networking,1,"Confirm location, coverage needs, current equipment, and business requirements."
guest_wi_fi_review,Guest Wi-Fi Review,Wi-Fi & Networking,2,Perform assessment or implementation planning.
guest_wi_fi_review,Guest Wi-Fi Review,Wi-Fi & Networking,3,"Document topology, Wi-Fi, firewall, switch, VLAN, cabling, and ISP considerations as relevant."
guest_wi_fi_review,Guest Wi-Fi Review,Wi-Fi & Networking,4,Complete approved configuration/install coordination.
guest_wi_fi_review,Guest Wi-Fi Review,Wi-Fi & Networking,5,Validate connectivity and provide network notes.
guest_wi_fi_review,Guest Wi-Fi Review,Wi-Fi & Networking,6,Complete internal QA checklist.
guest_wi_fi_review,Guest Wi-Fi Review,Wi-Fi & Networking,7,"Send closeout summary with recommended next product, bundle, or monthly plan."
camera_network_readiness_check,Camera Network Readiness Check,Wi-Fi & Networking,1,"Confirm location, coverage needs, current equipment, and business requirements."
camera_network_readiness_check,Camera Network Readiness Check,Wi-Fi & Networking,2,Perform assessment or implementation planning.
camera_network_readiness_check,Camera Network Readiness Check,Wi-Fi & Networking,3,"Document topology, Wi-Fi, firewall, switch, VLAN, cabling, and ISP considerations as relevant."
camera_network_readiness_check,Camera Network Readiness Check,Wi-Fi & Networking,4,Complete approved configuration/install coordination.
camera_network_readiness_check,Camera Network Readiness Check,Wi-Fi & Networking,5,Validate connectivity and provide network notes.
camera_network_readiness_check,Camera Network Readiness Check,Wi-Fi & Networking,6,Complete internal QA checklist.
camera_network_readiness_check,Camera Network Readiness Check,Wi-Fi & Networking,7,"Send closeout summary with recommended next product, bundle, or monthly plan."
outdoor_wi_fi_planning_visit,Outdoor Wi-Fi Planning Visit,Wi-Fi & Networking,1,"Confirm location, coverage needs, current equipment, and business requirements."
outdoor_wi_fi_planning_visit,Outdoor Wi-Fi Planning Visit,Wi-Fi & Networking,2,Perform assessment or implementation planning.
outdoor_wi_fi_planning_visit,Outdoor Wi-Fi Planning Visit,Wi-Fi & Networking,3,"Document topology, Wi-Fi, firewall, switch, VLAN, cabling, and ISP considerations as relevant."
outdoor_wi_fi_planning_visit,Outdoor Wi-Fi Planning Visit,Wi-Fi & Networking,4,Complete approved configuration/install coordination.
outdoor_wi_fi_planning_visit,Outdoor Wi-Fi Planning Visit,Wi-Fi & Networking,5,Validate connectivity and provide network notes.
outdoor_wi_fi_planning_visit,Outdoor Wi-Fi Planning Visit,Wi-Fi & Networking,6,Complete internal QA checklist.
outdoor_wi_fi_planning_visit,Outdoor Wi-Fi Planning Visit,Wi-Fi & Networking,7,"Send closeout summary with recommended next product, bundle, or monthly plan."
firewall_configuration_review,Firewall Configuration Review,Wi-Fi & Networking,1,"Confirm location, coverage needs, current equipment, and business requirements."
firewall_configuration_review,Firewall Configuration Review,Wi-Fi & Networking,2,Perform assessment or implementation planning.
firewall_configuration_review,Firewall Configuration Review,Wi-Fi & Networking,3,"Document topology, Wi-Fi, firewall, switch, VLAN, cabling, and ISP considerations as relevant."
firewall_configuration_review,Firewall Configuration Review,Wi-Fi & Networking,4,Complete approved configuration/install coordination.
firewall_configuration_review,Firewall Configuration Review,Wi-Fi & Networking,5,Validate connectivity and provide network notes.
firewall_configuration_review,Firewall Configuration Review,Wi-Fi & Networking,6,Complete internal QA checklist.
firewall_configuration_review,Firewall Configuration Review,Wi-Fi & Networking,7,"Send closeout summary with recommended next product, bundle, or monthly plan."
isp_failover_readiness_review,ISP Failover Readiness Review,Wi-Fi & Networking,1,"Confirm location, coverage needs, current equipment, and business requirements."
isp_failover_readiness_review,ISP Failover Readiness Review,Wi-Fi & Networking,2,Perform assessment or implementation planning.
isp_failover_readiness_review,ISP Failover Readiness Review,Wi-Fi & Networking,3,"Document topology, Wi-Fi, firewall, switch, VLAN, cabling, and ISP considerations as relevant."
isp_failover_readiness_review,ISP Failover Readiness Review,Wi-Fi & Networking,4,Complete approved configuration/install coordination.
isp_failover_readiness_review,ISP Failover Readiness Review,Wi-Fi & Networking,5,Validate connectivity and provide network notes.
isp_failover_readiness_review,ISP Failover Readiness Review,Wi-Fi & Networking,6,Complete internal QA checklist.
isp_failover_readiness_review,ISP Failover Readiness Review,Wi-Fi & Networking,7,"Send closeout summary with recommended next product, bundle, or monthly plan."
basic_router_replacement,Basic Router Replacement,Wi-Fi & Networking,1,"Confirm location, coverage needs, current equipment, and business requirements."
basic_router_replacement,Basic Router Replacement,Wi-Fi & Networking,2,Perform assessment or implementation planning.
basic_router_replacement,Basic Router Replacement,Wi-Fi & Networking,3,"Document topology, Wi-Fi, firewall, switch, VLAN, cabling, and ISP considerations as relevant."
basic_router_replacement,Basic Router Replacement,Wi-Fi & Networking,4,Complete approved configuration/install coordination.
basic_router_replacement,Basic Router Replacement,Wi-Fi & Networking,5,Validate connectivity and provide network notes.
basic_router_replacement,Basic Router Replacement,Wi-Fi & Networking,6,Complete internal QA checklist.
basic_router_replacement,Basic Router Replacement,Wi-Fi & Networking,7,"Send closeout summary with recommended next product, bundle, or monthly plan."
business_wi_fi_setup,Business Wi-Fi Setup,Wi-Fi & Networking,1,"Confirm location, coverage needs, current equipment, and business requirements."
business_wi_fi_setup,Business Wi-Fi Setup,Wi-Fi & Networking,2,Perform assessment or implementation planning.
business_wi_fi_setup,Business Wi-Fi Setup,Wi-Fi & Networking,3,"Document topology, Wi-Fi, firewall, switch, VLAN, cabling, and ISP considerations as relevant."
business_wi_fi_setup,Business Wi-Fi Setup,Wi-Fi & Networking,4,Complete approved configuration/install coordination.
business_wi_fi_setup,Business Wi-Fi Setup,Wi-Fi & Networking,5,Validate connectivity and provide network notes.
business_wi_fi_setup,Business Wi-Fi Setup,Wi-Fi & Networking,6,Complete internal QA checklist.
business_wi_fi_setup,Business Wi-Fi Setup,Wi-Fi & Networking,7,"Send closeout summary with recommended next product, bundle, or monthly plan."
guest_wi_fi_setup,Guest Wi-Fi Setup,Wi-Fi & Networking,1,"Confirm location, coverage needs, current equipment, and business requirements."
guest_wi_fi_setup,Guest Wi-Fi Setup,Wi-Fi & Networking,2,Perform assessment or implementation planning.
guest_wi_fi_setup,Guest Wi-Fi Setup,Wi-Fi & Networking,3,"Document topology, Wi-Fi, firewall, switch, VLAN, cabling, and ISP considerations as relevant."
guest_wi_fi_setup,Guest Wi-Fi Setup,Wi-Fi & Networking,4,Complete approved configuration/install coordination.
guest_wi_fi_setup,Guest Wi-Fi Setup,Wi-Fi & Networking,5,Validate connectivity and provide network notes.
guest_wi_fi_setup,Guest Wi-Fi Setup,Wi-Fi & Networking,6,Complete internal QA checklist.
guest_wi_fi_setup,Guest Wi-Fi Setup,Wi-Fi & Networking,7,"Send closeout summary with recommended next product, bundle, or monthly plan."
vlan_setup,VLAN Setup,Wi-Fi & Networking,1,"Confirm location, coverage needs, current equipment, and business requirements."
vlan_setup,VLAN Setup,Wi-Fi & Networking,2,Perform assessment or implementation planning.
vlan_setup,VLAN Setup,Wi-Fi & Networking,3,"Document topology, Wi-Fi, firewall, switch, VLAN, cabling, and ISP considerations as relevant."
vlan_setup,VLAN Setup,Wi-Fi & Networking,4,Complete approved configuration/install coordination.
vlan_setup,VLAN Setup,Wi-Fi & Networking,5,Validate connectivity and provide network notes.
vlan_setup,VLAN Setup,Wi-Fi & Networking,6,Complete internal QA checklist.
vlan_setup,VLAN Setup,Wi-Fi & Networking,7,"Send closeout summary with recommended next product, bundle, or monthly plan."
firewall_setup,Firewall Setup,Wi-Fi & Networking,1,"Confirm location, coverage needs, current equipment, and business requirements."
firewall_setup,Firewall Setup,Wi-Fi & Networking,2,Perform assessment or implementation planning.
firewall_setup,Firewall Setup,Wi-Fi & Networking,3,"Document topology, Wi-Fi, firewall, switch, VLAN, cabling, and ISP considerations as relevant."
firewall_setup,Firewall Setup,Wi-Fi & Networking,4,Complete approved configuration/install coordination.
firewall_setup,Firewall Setup,Wi-Fi & Networking,5,Validate connectivity and provide network notes.
firewall_setup,Firewall Setup,Wi-Fi & Networking,6,Complete internal QA checklist.
firewall_setup,Firewall Setup,Wi-Fi & Networking,7,"Send closeout summary with recommended next product, bundle, or monthly plan."
switch_installation,Switch Installation,Wi-Fi & Networking,1,"Confirm location, coverage needs, current equipment, and business requirements."
switch_installation,Switch Installation,Wi-Fi & Networking,2,Perform assessment or implementation planning.
switch_installation,Switch Installation,Wi-Fi & Networking,3,"Document topology, Wi-Fi, firewall, switch, VLAN, cabling, and ISP considerations as relevant."
switch_installation,Switch Installation,Wi-Fi & Networking,4,Complete approved configuration/install coordination.
switch_installation,Switch Installation,Wi-Fi & Networking,5,Validate connectivity and provide network notes.
switch_installation,Switch Installation,Wi-Fi & Networking,6,Complete internal QA checklist.
switch_installation,Switch Installation,Wi-Fi & Networking,7,"Send closeout summary with recommended next product, bundle, or monthly plan."
patch_panel_cleanup,Patch Panel Cleanup,Wi-Fi & Networking,1,"Confirm location, coverage needs, current equipment, and business requirements."
patch_panel_cleanup,Patch Panel Cleanup,Wi-Fi & Networking,2,Perform assessment or implementation planning.
patch_panel_cleanup,Patch Panel Cleanup,Wi-Fi & Networking,3,"Document topology, Wi-Fi, firewall, switch, VLAN, cabling, and ISP considerations as relevant."
patch_panel_cleanup,Patch Panel Cleanup,Wi-Fi & Networking,4,Complete approved configuration/install coordination.
patch_panel_cleanup,Patch Panel Cleanup,Wi-Fi & Networking,5,Validate connectivity and provide network notes.
patch_panel_cleanup,Patch Panel Cleanup,Wi-Fi & Networking,6,Complete internal QA checklist.
patch_panel_cleanup,Patch Panel Cleanup,Wi-Fi & Networking,7,"Send closeout summary with recommended next product, bundle, or monthly plan."
network_documentation_package,Network Documentation Package,Wi-Fi & Networking,1,"Confirm location, coverage needs, current equipment, and business requirements."
network_documentation_package,Network Documentation Package,Wi-Fi & Networking,2,Perform assessment or implementation planning.
network_documentation_package,Network Documentation Package,Wi-Fi & Networking,3,"Document topology, Wi-Fi, firewall, switch, VLAN, cabling, and ISP considerations as relevant."
network_documentation_package,Network Documentation Package,Wi-Fi & Networking,4,Complete approved configuration/install coordination.
network_documentation_package,Network Documentation Package,Wi-Fi & Networking,5,Validate connectivity and provide network notes.
network_documentation_package,Network Documentation Package,Wi-Fi & Networking,6,Complete internal QA checklist.
network_documentation_package,Network Documentation Package,Wi-Fi & Networking,7,"Send closeout summary with recommended next product, bundle, or monthly plan."
isp_cutover_support,ISP Cutover Support,Wi-Fi & Networking,1,"Confirm location, coverage needs, current equipment, and business requirements."
isp_cutover_support,ISP Cutover Support,Wi-Fi & Networking,2,Perform assessment or implementation planning.
isp_cutover_support,ISP Cutover Support,Wi-Fi & Networking,3,"Document topology, Wi-Fi, firewall, switch, VLAN, cabling, and ISP considerations as relevant."
isp_cutover_support,ISP Cutover Support,Wi-Fi & Networking,4,Complete approved configuration/install coordination.
isp_cutover_support,ISP Cutover Support,Wi-Fi & Networking,5,Validate connectivity and provide network notes.
isp_cutover_support,ISP Cutover Support,Wi-Fi & Networking,6,Complete internal QA checklist.
isp_cutover_support,ISP Cutover Support,Wi-Fi & Networking,7,"Send closeout summary with recommended next product, bundle, or monthly plan."
lte_5g_backup_internet_setup,LTE/5G Backup Internet Setup,Wi-Fi & Networking,1,"Confirm location, coverage needs, current equipment, and business requirements."
lte_5g_backup_internet_setup,LTE/5G Backup Internet Setup,Wi-Fi & Networking,2,Perform assessment or implementation planning.
lte_5g_backup_internet_setup,LTE/5G Backup Internet Setup,Wi-Fi & Networking,3,"Document topology, Wi-Fi, firewall, switch, VLAN, cabling, and ISP considerations as relevant."
lte_5g_backup_internet_setup,LTE/5G Backup Internet Setup,Wi-Fi & Networking,4,Complete approved configuration/install coordination.
lte_5g_backup_internet_setup,LTE/5G Backup Internet Setup,Wi-Fi & Networking,5,Validate connectivity and provide network notes.
lte_5g_backup_internet_setup,LTE/5G Backup Internet Setup,Wi-Fi & Networking,6,Complete internal QA checklist.
lte_5g_backup_internet_setup,LTE/5G Backup Internet Setup,Wi-Fi & Networking,7,"Send closeout summary with recommended next product, bundle, or monthly plan."
unifi_controller_setup,UniFi Controller Setup,Wi-Fi & Networking,1,"Confirm location, coverage needs, current equipment, and business requirements."
unifi_controller_setup,UniFi Controller Setup,Wi-Fi & Networking,2,Perform assessment or implementation planning.
unifi_controller_setup,UniFi Controller Setup,Wi-Fi & Networking,3,"Document topology, Wi-Fi, firewall, switch, VLAN, cabling, and ISP considerations as relevant."
unifi_controller_setup,UniFi Controller Setup,Wi-Fi & Networking,4,Complete approved configuration/install coordination.
unifi_controller_setup,UniFi Controller Setup,Wi-Fi & Networking,5,Validate connectivity and provide network notes.
unifi_controller_setup,UniFi Controller Setup,Wi-Fi & Networking,6,Complete internal QA checklist.
unifi_controller_setup,UniFi Controller Setup,Wi-Fi & Networking,7,"Send closeout summary with recommended next product, bundle, or monthly plan."
unifi_wi_fi_install,UniFi Wi-Fi Install,Wi-Fi & Networking,1,"Confirm location, coverage needs, current equipment, and business requirements."
unifi_wi_fi_install,UniFi Wi-Fi Install,Wi-Fi & Networking,2,Perform assessment or implementation planning.
unifi_wi_fi_install,UniFi Wi-Fi Install,Wi-Fi & Networking,3,"Document topology, Wi-Fi, firewall, switch, VLAN, cabling, and ISP considerations as relevant."
unifi_wi_fi_install,UniFi Wi-Fi Install,Wi-Fi & Networking,4,Complete approved configuration/install coordination.
unifi_wi_fi_install,UniFi Wi-Fi Install,Wi-Fi & Networking,5,Validate connectivity and provide network notes.
unifi_wi_fi_install,UniFi Wi-Fi Install,Wi-Fi & Networking,6,Complete internal QA checklist.
unifi_wi_fi_install,UniFi Wi-Fi Install,Wi-Fi & Networking,7,"Send closeout summary with recommended next product, bundle, or monthly plan."
unifi_network_cleanup,UniFi Network Cleanup,Wi-Fi & Networking,1,"Confirm location, coverage needs, current equipment, and business requirements."
unifi_network_cleanup,UniFi Network Cleanup,Wi-Fi & Networking,2,Perform assessment or implementation planning.
unifi_network_cleanup,UniFi Network Cleanup,Wi-Fi & Networking,3,"Document topology, Wi-Fi, firewall, switch, VLAN, cabling, and ISP considerations as relevant."
unifi_network_cleanup,UniFi Network Cleanup,Wi-Fi & Networking,4,Complete approved configuration/install coordination.
unifi_network_cleanup,UniFi Network Cleanup,Wi-Fi & Networking,5,Validate connectivity and provide network notes.
unifi_network_cleanup,UniFi Network Cleanup,Wi-Fi & Networking,6,Complete internal QA checklist.
unifi_network_cleanup,UniFi Network Cleanup,Wi-Fi & Networking,7,"Send closeout summary with recommended next product, bundle, or monthly plan."
unifi_monthly_management,UniFi Monthly Management,Wi-Fi & Networking,1,"Confirm location, coverage needs, current equipment, and business requirements."
unifi_monthly_management,UniFi Monthly Management,Wi-Fi & Networking,2,Perform assessment or implementation planning.
unifi_monthly_management,UniFi Monthly Management,Wi-Fi & Networking,3,"Document topology, Wi-Fi, firewall, switch, VLAN, cabling, and ISP considerations as relevant."
unifi_monthly_management,UniFi Monthly Management,Wi-Fi & Networking,4,Complete approved configuration/install coordination.
unifi_monthly_management,UniFi Monthly Management,Wi-Fi & Networking,5,Validate connectivity and provide network notes.
unifi_monthly_management,UniFi Monthly Management,Wi-Fi & Networking,6,Complete internal QA checklist.
unifi_monthly_management,UniFi Monthly Management,Wi-Fi & Networking,7,"Send closeout summary with recommended next product, bundle, or monthly plan."
unifi_site_documentation,UniFi Site Documentation,Wi-Fi & Networking,1,"Confirm location, coverage needs, current equipment, and business requirements."
unifi_site_documentation,UniFi Site Documentation,Wi-Fi & Networking,2,Perform assessment or implementation planning.
unifi_site_documentation,UniFi Site Documentation,Wi-Fi & Networking,3,"Document topology, Wi-Fi, firewall, switch, VLAN, cabling, and ISP considerations as relevant."
unifi_site_documentation,UniFi Site Documentation,Wi-Fi & Networking,4,Complete approved configuration/install coordination.
unifi_site_documentation,UniFi Site Documentation,Wi-Fi & Networking,5,Validate connectivity and provide network notes.
unifi_site_documentation,UniFi Site Documentation,Wi-Fi & Networking,6,Complete internal QA checklist.
unifi_site_documentation,UniFi Site Documentation,Wi-Fi & Networking,7,"Send closeout summary with recommended next product, bundle, or monthly plan."
small_office_wi_fi_bundle,Small Office Wi-Fi Bundle,Wi-Fi & Networking,1,"Confirm location, coverage needs, current equipment, and business requirements."
small_office_wi_fi_bundle,Small Office Wi-Fi Bundle,Wi-Fi & Networking,2,Perform assessment or implementation planning.
small_office_wi_fi_bundle,Small Office Wi-Fi Bundle,Wi-Fi & Networking,3,"Document topology, Wi-Fi, firewall, switch, VLAN, cabling, and ISP considerations as relevant."
small_office_wi_fi_bundle,Small Office Wi-Fi Bundle,Wi-Fi & Networking,4,Complete approved configuration/install coordination.
small_office_wi_fi_bundle,Small Office Wi-Fi Bundle,Wi-Fi & Networking,5,Validate connectivity and provide network notes.
small_office_wi_fi_bundle,Small Office Wi-Fi Bundle,Wi-Fi & Networking,6,Complete internal QA checklist.
small_office_wi_fi_bundle,Small Office Wi-Fi Bundle,Wi-Fi & Networking,7,"Send closeout summary with recommended next product, bundle, or monthly plan."
business_network_foundation,Business Network Foundation,Wi-Fi & Networking,1,"Confirm location, coverage needs, current equipment, and business requirements."
business_network_foundation,Business Network Foundation,Wi-Fi & Networking,2,Perform assessment or implementation planning.
business_network_foundation,Business Network Foundation,Wi-Fi & Networking,3,"Document topology, Wi-Fi, firewall, switch, VLAN, cabling, and ISP considerations as relevant."
business_network_foundation,Business Network Foundation,Wi-Fi & Networking,4,Complete approved configuration/install coordination.
business_network_foundation,Business Network Foundation,Wi-Fi & Networking,5,Validate connectivity and provide network notes.
business_network_foundation,Business Network Foundation,Wi-Fi & Networking,6,Complete internal QA checklist.
business_network_foundation,Business Network Foundation,Wi-Fi & Networking,7,"Send closeout summary with recommended next product, bundle, or monthly plan."
outdoor_coverage_bundle,Outdoor Coverage Bundle,Wi-Fi & Networking,1,"Confirm location, coverage needs, current equipment, and business requirements."
outdoor_coverage_bundle,Outdoor Coverage Bundle,Wi-Fi & Networking,2,Perform assessment or implementation planning.
outdoor_coverage_bundle,Outdoor Coverage Bundle,Wi-Fi & Networking,3,"Document topology, Wi-Fi, firewall, switch, VLAN, cabling, and ISP considerations as relevant."
outdoor_coverage_bundle,Outdoor Coverage Bundle,Wi-Fi & Networking,4,Complete approved configuration/install coordination.
outdoor_coverage_bundle,Outdoor Coverage Bundle,Wi-Fi & Networking,5,Validate connectivity and provide network notes.
outdoor_coverage_bundle,Outdoor Coverage Bundle,Wi-Fi & Networking,6,Complete internal QA checklist.
outdoor_coverage_bundle,Outdoor Coverage Bundle,Wi-Fi & Networking,7,"Send closeout summary with recommended next product, bundle, or monthly plan."
camera_and_wi_fi_bundle,Camera and Wi-Fi Bundle,Wi-Fi & Networking,1,"Confirm location, coverage needs, current equipment, and business requirements."
camera_and_wi_fi_bundle,Camera and Wi-Fi Bundle,Wi-Fi & Networking,2,Perform assessment or implementation planning.
camera_and_wi_fi_bundle,Camera and Wi-Fi Bundle,Wi-Fi & Networking,3,"Document topology, Wi-Fi, firewall, switch, VLAN, cabling, and ISP considerations as relevant."
camera_and_wi_fi_bundle,Camera and Wi-Fi Bundle,Wi-Fi & Networking,4,Complete approved configuration/install coordination.
camera_and_wi_fi_bundle,Camera and Wi-Fi Bundle,Wi-Fi & Networking,5,Validate connectivity and provide network notes.
camera_and_wi_fi_bundle,Camera and Wi-Fi Bundle,Wi-Fi & Networking,6,Complete internal QA checklist.
camera_and_wi_fi_bundle,Camera and Wi-Fi Bundle,Wi-Fi & Networking,7,"Send closeout summary with recommended next product, bundle, or monthly plan."
camera_site_survey,Camera Site Survey,Security Cameras,1,"Confirm property areas, privacy considerations, retention goals, and remote access needs."
camera_site_survey,Camera Site Survey,Security Cameras,2,Perform site survey or system review.
camera_site_survey,Camera Site Survey,Security Cameras,3,"Plan camera placement, storage, networking, power, and access."
camera_site_survey,Camera Site Survey,Security Cameras,4,Complete approved setup/cleanup/maintenance scope.
camera_site_survey,Camera Site Survey,Security Cameras,5,"Validate recording, viewing, and account security."
camera_site_survey,Camera Site Survey,Security Cameras,6,Complete internal QA checklist.
camera_site_survey,Camera Site Survey,Security Cameras,7,"Send closeout summary with recommended next product, bundle, or monthly plan."
single_camera_add_on,Single Camera Add-On,Security Cameras,1,"Confirm property areas, privacy considerations, retention goals, and remote access needs."
single_camera_add_on,Single Camera Add-On,Security Cameras,2,Perform site survey or system review.
single_camera_add_on,Single Camera Add-On,Security Cameras,3,"Plan camera placement, storage, networking, power, and access."
single_camera_add_on,Single Camera Add-On,Security Cameras,4,Complete approved setup/cleanup/maintenance scope.
single_camera_add_on,Single Camera Add-On,Security Cameras,5,"Validate recording, viewing, and account security."
single_camera_add_on,Single Camera Add-On,Security Cameras,6,Complete internal QA checklist.
single_camera_add_on,Single Camera Add-On,Security Cameras,7,"Send closeout summary with recommended next product, bundle, or monthly plan."
small_camera_system_setup,Small Camera System Setup,Security Cameras,1,"Confirm property areas, privacy considerations, retention goals, and remote access needs."
small_camera_system_setup,Small Camera System Setup,Security Cameras,2,Perform site survey or system review.
small_camera_system_setup,Small Camera System Setup,Security Cameras,3,"Plan camera placement, storage, networking, power, and access."
small_camera_system_setup,Small Camera System Setup,Security Cameras,4,Complete approved setup/cleanup/maintenance scope.
small_camera_system_setup,Small Camera System Setup,Security Cameras,5,"Validate recording, viewing, and account security."
small_camera_system_setup,Small Camera System Setup,Security Cameras,6,Complete internal QA checklist.
small_camera_system_setup,Small Camera System Setup,Security Cameras,7,"Send closeout summary with recommended next product, bundle, or monthly plan."
camera_health_check,Camera Health Check,Security Cameras,1,"Confirm property areas, privacy considerations, retention goals, and remote access needs."
camera_health_check,Camera Health Check,Security Cameras,2,Perform site survey or system review.
camera_health_check,Camera Health Check,Security Cameras,3,"Plan camera placement, storage, networking, power, and access."
camera_health_check,Camera Health Check,Security Cameras,4,Complete approved setup/cleanup/maintenance scope.
camera_health_check,Camera Health Check,Security Cameras,5,"Validate recording, viewing, and account security."
camera_health_check,Camera Health Check,Security Cameras,6,Complete internal QA checklist.
camera_health_check,Camera Health Check,Security Cameras,7,"Send closeout summary with recommended next product, bundle, or monthly plan."
nvr_cleanup,NVR Cleanup,Security Cameras,1,"Confirm property areas, privacy considerations, retention goals, and remote access needs."
nvr_cleanup,NVR Cleanup,Security Cameras,2,Perform site survey or system review.
nvr_cleanup,NVR Cleanup,Security Cameras,3,"Plan camera placement, storage, networking, power, and access."
nvr_cleanup,NVR Cleanup,Security Cameras,4,Complete approved setup/cleanup/maintenance scope.
nvr_cleanup,NVR Cleanup,Security Cameras,5,"Validate recording, viewing, and account security."
nvr_cleanup,NVR Cleanup,Security Cameras,6,Complete internal QA checklist.
nvr_cleanup,NVR Cleanup,Security Cameras,7,"Send closeout summary with recommended next product, bundle, or monthly plan."
remote_camera_access_setup,Remote Camera Access Setup,Security Cameras,1,"Confirm property areas, privacy considerations, retention goals, and remote access needs."
remote_camera_access_setup,Remote Camera Access Setup,Security Cameras,2,Perform site survey or system review.
remote_camera_access_setup,Remote Camera Access Setup,Security Cameras,3,"Plan camera placement, storage, networking, power, and access."
remote_camera_access_setup,Remote Camera Access Setup,Security Cameras,4,Complete approved setup/cleanup/maintenance scope.
remote_camera_access_setup,Remote Camera Access Setup,Security Cameras,5,"Validate recording, viewing, and account security."
remote_camera_access_setup,Remote Camera Access Setup,Security Cameras,6,Complete internal QA checklist.
remote_camera_access_setup,Remote Camera Access Setup,Security Cameras,7,"Send closeout summary with recommended next product, bundle, or monthly plan."
camera_signage_package,Camera Signage Package,Security Cameras,1,"Confirm property areas, privacy considerations, retention goals, and remote access needs."
camera_signage_package,Camera Signage Package,Security Cameras,2,Perform site survey or system review.
camera_signage_package,Camera Signage Package,Security Cameras,3,"Plan camera placement, storage, networking, power, and access."
camera_signage_package,Camera Signage Package,Security Cameras,4,Complete approved setup/cleanup/maintenance scope.
camera_signage_package,Camera Signage Package,Security Cameras,5,"Validate recording, viewing, and account security."
camera_signage_package,Camera Signage Package,Security Cameras,6,Complete internal QA checklist.
camera_signage_package,Camera Signage Package,Security Cameras,7,"Send closeout summary with recommended next product, bundle, or monthly plan."
camera_maintenance_plan,Camera Maintenance Plan,Security Cameras,1,"Confirm property areas, privacy considerations, retention goals, and remote access needs."
camera_maintenance_plan,Camera Maintenance Plan,Security Cameras,2,Perform site survey or system review.
camera_maintenance_plan,Camera Maintenance Plan,Security Cameras,3,"Plan camera placement, storage, networking, power, and access."
camera_maintenance_plan,Camera Maintenance Plan,Security Cameras,4,Complete approved setup/cleanup/maintenance scope.
camera_maintenance_plan,Camera Maintenance Plan,Security Cameras,5,"Validate recording, viewing, and account security."
camera_maintenance_plan,Camera Maintenance Plan,Security Cameras,6,Complete internal QA checklist.
camera_maintenance_plan,Camera Maintenance Plan,Security Cameras,7,"Send closeout summary with recommended next product, bundle, or monthly plan."
camera_starter_bundle,Camera Starter Bundle,Security Cameras,1,"Confirm property areas, privacy considerations, retention goals, and remote access needs."
camera_starter_bundle,Camera Starter Bundle,Security Cameras,2,Perform site survey or system review.
camera_starter_bundle,Camera Starter Bundle,Security Cameras,3,"Plan camera placement, storage, networking, power, and access."
camera_starter_bundle,Camera Starter Bundle,Security Cameras,4,Complete approved setup/cleanup/maintenance scope.
camera_starter_bundle,Camera Starter Bundle,Security Cameras,5,"Validate recording, viewing, and account security."
camera_starter_bundle,Camera Starter Bundle,Security Cameras,6,Complete internal QA checklist.
camera_starter_bundle,Camera Starter Bundle,Security Cameras,7,"Send closeout summary with recommended next product, bundle, or monthly plan."
camera_business_bundle,Camera Business Bundle,Security Cameras,1,"Confirm property areas, privacy considerations, retention goals, and remote access needs."
camera_business_bundle,Camera Business Bundle,Security Cameras,2,Perform site survey or system review.
camera_business_bundle,Camera Business Bundle,Security Cameras,3,"Plan camera placement, storage, networking, power, and access."
camera_business_bundle,Camera Business Bundle,Security Cameras,4,Complete approved setup/cleanup/maintenance scope.
camera_business_bundle,Camera Business Bundle,Security Cameras,5,"Validate recording, viewing, and account security."
camera_business_bundle,Camera Business Bundle,Security Cameras,6,Complete internal QA checklist.
camera_business_bundle,Camera Business Bundle,Security Cameras,7,"Send closeout summary with recommended next product, bundle, or monthly plan."
camera_complete_bundle,Camera Complete Bundle,Security Cameras,1,"Confirm property areas, privacy considerations, retention goals, and remote access needs."
camera_complete_bundle,Camera Complete Bundle,Security Cameras,2,Perform site survey or system review.
camera_complete_bundle,Camera Complete Bundle,Security Cameras,3,"Plan camera placement, storage, networking, power, and access."
camera_complete_bundle,Camera Complete Bundle,Security Cameras,4,Complete approved setup/cleanup/maintenance scope.
camera_complete_bundle,Camera Complete Bundle,Security Cameras,5,"Validate recording, viewing, and account security."
camera_complete_bundle,Camera Complete Bundle,Security Cameras,6,Complete internal QA checklist.
camera_complete_bundle,Camera Complete Bundle,Security Cameras,7,"Send closeout summary with recommended next product, bundle, or monthly plan."
unifi_camera_install,UniFi Camera Install,Security Cameras,1,"Confirm property areas, privacy considerations, retention goals, and remote access needs."
unifi_camera_install,UniFi Camera Install,Security Cameras,2,Perform site survey or system review.
unifi_camera_install,UniFi Camera Install,Security Cameras,3,"Plan camera placement, storage, networking, power, and access."
unifi_camera_install,UniFi Camera Install,Security Cameras,4,Complete approved setup/cleanup/maintenance scope.
unifi_camera_install,UniFi Camera Install,Security Cameras,5,"Validate recording, viewing, and account security."
unifi_camera_install,UniFi Camera Install,Security Cameras,6,Complete internal QA checklist.
unifi_camera_install,UniFi Camera Install,Security Cameras,7,"Send closeout summary with recommended next product, bundle, or monthly plan."
unifi_door_access_consultation,UniFi Door Access Consultation,Security Cameras,1,"Confirm property areas, privacy considerations, retention goals, and remote access needs."
unifi_door_access_consultation,UniFi Door Access Consultation,Security Cameras,2,Perform site survey or system review.
unifi_door_access_consultation,UniFi Door Access Consultation,Security Cameras,3,"Plan camera placement, storage, networking, power, and access."
unifi_door_access_consultation,UniFi Door Access Consultation,Security Cameras,4,Complete approved setup/cleanup/maintenance scope.
unifi_door_access_consultation,UniFi Door Access Consultation,Security Cameras,5,"Validate recording, viewing, and account security."
unifi_door_access_consultation,UniFi Door Access Consultation,Security Cameras,6,Complete internal QA checklist.
unifi_door_access_consultation,UniFi Door Access Consultation,Security Cameras,7,"Send closeout summary with recommended next product, bundle, or monthly plan."
backup_readiness_check,Backup Readiness Check,Backup & Recovery,1,Identify critical data and recovery expectations.
backup_readiness_check,Backup Readiness Check,Backup & Recovery,2,"Review current backup coverage, retention, alerts, and restore process."
backup_readiness_check,Backup Readiness Check,Backup & Recovery,3,Perform setup or controlled restore test if approved.
backup_readiness_check,Backup Readiness Check,Backup & Recovery,4,"Document evidence, gaps, and recovery steps."
backup_readiness_check,Backup Readiness Check,Backup & Recovery,5,Recommend monitoring or disaster recovery improvements.
backup_readiness_check,Backup Readiness Check,Backup & Recovery,6,Complete internal QA checklist.
backup_readiness_check,Backup Readiness Check,Backup & Recovery,7,"Send closeout summary with recommended next product, bundle, or monthly plan."
computer_backup_setup,Computer Backup Setup,Backup & Recovery,1,Identify critical data and recovery expectations.
computer_backup_setup,Computer Backup Setup,Backup & Recovery,2,"Review current backup coverage, retention, alerts, and restore process."
computer_backup_setup,Computer Backup Setup,Backup & Recovery,3,Perform setup or controlled restore test if approved.
computer_backup_setup,Computer Backup Setup,Backup & Recovery,4,"Document evidence, gaps, and recovery steps."
computer_backup_setup,Computer Backup Setup,Backup & Recovery,5,Recommend monitoring or disaster recovery improvements.
computer_backup_setup,Computer Backup Setup,Backup & Recovery,6,Complete internal QA checklist.
computer_backup_setup,Computer Backup Setup,Backup & Recovery,7,"Send closeout summary with recommended next product, bundle, or monthly plan."
microsoft_365_backup_setup,Microsoft 365 Backup Setup,Backup & Recovery,1,Identify critical data and recovery expectations.
microsoft_365_backup_setup,Microsoft 365 Backup Setup,Backup & Recovery,2,"Review current backup coverage, retention, alerts, and restore process."
microsoft_365_backup_setup,Microsoft 365 Backup Setup,Backup & Recovery,3,Perform setup or controlled restore test if approved.
microsoft_365_backup_setup,Microsoft 365 Backup Setup,Backup & Recovery,4,"Document evidence, gaps, and recovery steps."
microsoft_365_backup_setup,Microsoft 365 Backup Setup,Backup & Recovery,5,Recommend monitoring or disaster recovery improvements.
microsoft_365_backup_setup,Microsoft 365 Backup Setup,Backup & Recovery,6,Complete internal QA checklist.
microsoft_365_backup_setup,Microsoft 365 Backup Setup,Backup & Recovery,7,"Send closeout summary with recommended next product, bundle, or monthly plan."
nas_backup_setup,NAS Backup Setup,Backup & Recovery,1,Identify critical data and recovery expectations.
nas_backup_setup,NAS Backup Setup,Backup & Recovery,2,"Review current backup coverage, retention, alerts, and restore process."
nas_backup_setup,NAS Backup Setup,Backup & Recovery,3,Perform setup or controlled restore test if approved.
nas_backup_setup,NAS Backup Setup,Backup & Recovery,4,"Document evidence, gaps, and recovery steps."
nas_backup_setup,NAS Backup Setup,Backup & Recovery,5,Recommend monitoring or disaster recovery improvements.
nas_backup_setup,NAS Backup Setup,Backup & Recovery,6,Complete internal QA checklist.
nas_backup_setup,NAS Backup Setup,Backup & Recovery,7,"Send closeout summary with recommended next product, bundle, or monthly plan."
cloud_backup_setup,Cloud Backup Setup,Backup & Recovery,1,Identify critical data and recovery expectations.
cloud_backup_setup,Cloud Backup Setup,Backup & Recovery,2,"Review current backup coverage, retention, alerts, and restore process."
cloud_backup_setup,Cloud Backup Setup,Backup & Recovery,3,Perform setup or controlled restore test if approved.
cloud_backup_setup,Cloud Backup Setup,Backup & Recovery,4,"Document evidence, gaps, and recovery steps."
cloud_backup_setup,Cloud Backup Setup,Backup & Recovery,5,Recommend monitoring or disaster recovery improvements.
cloud_backup_setup,Cloud Backup Setup,Backup & Recovery,6,Complete internal QA checklist.
cloud_backup_setup,Cloud Backup Setup,Backup & Recovery,7,"Send closeout summary with recommended next product, bundle, or monthly plan."
backup_restore_test,Backup Restore Test,Backup & Recovery,1,Identify critical data and recovery expectations.
backup_restore_test,Backup Restore Test,Backup & Recovery,2,"Review current backup coverage, retention, alerts, and restore process."
backup_restore_test,Backup Restore Test,Backup & Recovery,3,Perform setup or controlled restore test if approved.
backup_restore_test,Backup Restore Test,Backup & Recovery,4,"Document evidence, gaps, and recovery steps."
backup_restore_test,Backup Restore Test,Backup & Recovery,5,Recommend monitoring or disaster recovery improvements.
backup_restore_test,Backup Restore Test,Backup & Recovery,6,Complete internal QA checklist.
backup_restore_test,Backup Restore Test,Backup & Recovery,7,"Send closeout summary with recommended next product, bundle, or monthly plan."
backup_monitoring_plan,Backup Monitoring Plan,Backup & Recovery,1,Identify critical data and recovery expectations.
backup_monitoring_plan,Backup Monitoring Plan,Backup & Recovery,2,"Review current backup coverage, retention, alerts, and restore process."
backup_monitoring_plan,Backup Monitoring Plan,Backup & Recovery,3,Perform setup or controlled restore test if approved.
backup_monitoring_plan,Backup Monitoring Plan,Backup & Recovery,4,"Document evidence, gaps, and recovery steps."
backup_monitoring_plan,Backup Monitoring Plan,Backup & Recovery,5,Recommend monitoring or disaster recovery improvements.
backup_monitoring_plan,Backup Monitoring Plan,Backup & Recovery,6,Complete internal QA checklist.
backup_monitoring_plan,Backup Monitoring Plan,Backup & Recovery,7,"Send closeout summary with recommended next product, bundle, or monthly plan."
disaster_recovery_plan_starter,Disaster Recovery Plan Starter,Backup & Recovery,1,Identify critical data and recovery expectations.
disaster_recovery_plan_starter,Disaster Recovery Plan Starter,Backup & Recovery,2,"Review current backup coverage, retention, alerts, and restore process."
disaster_recovery_plan_starter,Disaster Recovery Plan Starter,Backup & Recovery,3,Perform setup or controlled restore test if approved.
disaster_recovery_plan_starter,Disaster Recovery Plan Starter,Backup & Recovery,4,"Document evidence, gaps, and recovery steps."
disaster_recovery_plan_starter,Disaster Recovery Plan Starter,Backup & Recovery,5,Recommend monitoring or disaster recovery improvements.
disaster_recovery_plan_starter,Disaster Recovery Plan Starter,Backup & Recovery,6,Complete internal QA checklist.
disaster_recovery_plan_starter,Disaster Recovery Plan Starter,Backup & Recovery,7,"Send closeout summary with recommended next product, bundle, or monthly plan."
backup_starter_bundle,Backup Starter Bundle,Backup & Recovery,1,Identify critical data and recovery expectations.
backup_starter_bundle,Backup Starter Bundle,Backup & Recovery,2,"Review current backup coverage, retention, alerts, and restore process."
backup_starter_bundle,Backup Starter Bundle,Backup & Recovery,3,Perform setup or controlled restore test if approved.
backup_starter_bundle,Backup Starter Bundle,Backup & Recovery,4,"Document evidence, gaps, and recovery steps."
backup_starter_bundle,Backup Starter Bundle,Backup & Recovery,5,Recommend monitoring or disaster recovery improvements.
backup_starter_bundle,Backup Starter Bundle,Backup & Recovery,6,Complete internal QA checklist.
backup_starter_bundle,Backup Starter Bundle,Backup & Recovery,7,"Send closeout summary with recommended next product, bundle, or monthly plan."
backup_business_bundle,Backup Business Bundle,Backup & Recovery,1,Identify critical data and recovery expectations.
backup_business_bundle,Backup Business Bundle,Backup & Recovery,2,"Review current backup coverage, retention, alerts, and restore process."
backup_business_bundle,Backup Business Bundle,Backup & Recovery,3,Perform setup or controlled restore test if approved.
backup_business_bundle,Backup Business Bundle,Backup & Recovery,4,"Document evidence, gaps, and recovery steps."
backup_business_bundle,Backup Business Bundle,Backup & Recovery,5,Recommend monitoring or disaster recovery improvements.
backup_business_bundle,Backup Business Bundle,Backup & Recovery,6,Complete internal QA checklist.
backup_business_bundle,Backup Business Bundle,Backup & Recovery,7,"Send closeout summary with recommended next product, bundle, or monthly plan."
backup_resilience_bundle,Backup Resilience Bundle,Backup & Recovery,1,Identify critical data and recovery expectations.
backup_resilience_bundle,Backup Resilience Bundle,Backup & Recovery,2,"Review current backup coverage, retention, alerts, and restore process."
backup_resilience_bundle,Backup Resilience Bundle,Backup & Recovery,3,Perform setup or controlled restore test if approved.
backup_resilience_bundle,Backup Resilience Bundle,Backup & Recovery,4,"Document evidence, gaps, and recovery steps."
backup_resilience_bundle,Backup Resilience Bundle,Backup & Recovery,5,Recommend monitoring or disaster recovery improvements.
backup_resilience_bundle,Backup Resilience Bundle,Backup & Recovery,6,Complete internal QA checklist.
backup_resilience_bundle,Backup Resilience Bundle,Backup & Recovery,7,"Send closeout summary with recommended next product, bundle, or monthly plan."
business_continuity_starter_plan,Business Continuity Starter Plan,Backup & Recovery,1,Identify critical data and recovery expectations.
business_continuity_starter_plan,Business Continuity Starter Plan,Backup & Recovery,2,"Review current backup coverage, retention, alerts, and restore process."
business_continuity_starter_plan,Business Continuity Starter Plan,Backup & Recovery,3,Perform setup or controlled restore test if approved.
business_continuity_starter_plan,Business Continuity Starter Plan,Backup & Recovery,4,"Document evidence, gaps, and recovery steps."
business_continuity_starter_plan,Business Continuity Starter Plan,Backup & Recovery,5,Recommend monitoring or disaster recovery improvements.
business_continuity_starter_plan,Business Continuity Starter Plan,Backup & Recovery,6,Complete internal QA checklist.
business_continuity_starter_plan,Business Continuity Starter Plan,Backup & Recovery,7,"Send closeout summary with recommended next product, bundle, or monthly plan."
emergency_contact_sheet,Emergency Contact Sheet,Backup & Recovery,1,Identify critical data and recovery expectations.
emergency_contact_sheet,Emergency Contact Sheet,Backup & Recovery,2,"Review current backup coverage, retention, alerts, and restore process."
emergency_contact_sheet,Emergency Contact Sheet,Backup & Recovery,3,Perform setup or controlled restore test if approved.
emergency_contact_sheet,Emergency Contact Sheet,Backup & Recovery,4,"Document evidence, gaps, and recovery steps."
emergency_contact_sheet,Emergency Contact Sheet,Backup & Recovery,5,Recommend monitoring or disaster recovery improvements.
emergency_contact_sheet,Emergency Contact Sheet,Backup & Recovery,6,Complete internal QA checklist.
emergency_contact_sheet,Emergency Contact Sheet,Backup & Recovery,7,"Send closeout summary with recommended next product, bundle, or monthly plan."
outage_response_plan,Outage Response Plan,Backup & Recovery,1,Identify critical data and recovery expectations.
outage_response_plan,Outage Response Plan,Backup & Recovery,2,"Review current backup coverage, retention, alerts, and restore process."
outage_response_plan,Outage Response Plan,Backup & Recovery,3,Perform setup or controlled restore test if approved.
outage_response_plan,Outage Response Plan,Backup & Recovery,4,"Document evidence, gaps, and recovery steps."
outage_response_plan,Outage Response Plan,Backup & Recovery,5,Recommend monitoring or disaster recovery improvements.
outage_response_plan,Outage Response Plan,Backup & Recovery,6,Complete internal QA checklist.
outage_response_plan,Outage Response Plan,Backup & Recovery,7,"Send closeout summary with recommended next product, bundle, or monthly plan."
power_protection_review,Power Protection Review,Backup & Recovery,1,Identify critical data and recovery expectations.
power_protection_review,Power Protection Review,Backup & Recovery,2,"Review current backup coverage, retention, alerts, and restore process."
power_protection_review,Power Protection Review,Backup & Recovery,3,Perform setup or controlled restore test if approved.
power_protection_review,Power Protection Review,Backup & Recovery,4,"Document evidence, gaps, and recovery steps."
power_protection_review,Power Protection Review,Backup & Recovery,5,Recommend monitoring or disaster recovery improvements.
power_protection_review,Power Protection Review,Backup & Recovery,6,Complete internal QA checklist.
power_protection_review,Power Protection Review,Backup & Recovery,7,"Send closeout summary with recommended next product, bundle, or monthly plan."
internet_failover_setup,Internet Failover Setup,Backup & Recovery,1,Identify critical data and recovery expectations.
internet_failover_setup,Internet Failover Setup,Backup & Recovery,2,"Review current backup coverage, retention, alerts, and restore process."
internet_failover_setup,Internet Failover Setup,Backup & Recovery,3,Perform setup or controlled restore test if approved.
internet_failover_setup,Internet Failover Setup,Backup & Recovery,4,"Document evidence, gaps, and recovery steps."
internet_failover_setup,Internet Failover Setup,Backup & Recovery,5,Recommend monitoring or disaster recovery improvements.
internet_failover_setup,Internet Failover Setup,Backup & Recovery,6,Complete internal QA checklist.
internet_failover_setup,Internet Failover Setup,Backup & Recovery,7,"Send closeout summary with recommended next product, bundle, or monthly plan."
critical_account_recovery_kit,Critical Account Recovery Kit,Backup & Recovery,1,Identify critical data and recovery expectations.
critical_account_recovery_kit,Critical Account Recovery Kit,Backup & Recovery,2,"Review current backup coverage, retention, alerts, and restore process."
critical_account_recovery_kit,Critical Account Recovery Kit,Backup & Recovery,3,Perform setup or controlled restore test if approved.
critical_account_recovery_kit,Critical Account Recovery Kit,Backup & Recovery,4,"Document evidence, gaps, and recovery steps."
critical_account_recovery_kit,Critical Account Recovery Kit,Backup & Recovery,5,Recommend monitoring or disaster recovery improvements.
critical_account_recovery_kit,Critical Account Recovery Kit,Backup & Recovery,6,Complete internal QA checklist.
critical_account_recovery_kit,Critical Account Recovery Kit,Backup & Recovery,7,"Send closeout summary with recommended next product, bundle, or monthly plan."
tabletop_exercise,Tabletop Exercise,Backup & Recovery,1,Identify critical data and recovery expectations.
tabletop_exercise,Tabletop Exercise,Backup & Recovery,2,"Review current backup coverage, retention, alerts, and restore process."
tabletop_exercise,Tabletop Exercise,Backup & Recovery,3,Perform setup or controlled restore test if approved.
tabletop_exercise,Tabletop Exercise,Backup & Recovery,4,"Document evidence, gaps, and recovery steps."
tabletop_exercise,Tabletop Exercise,Backup & Recovery,5,Recommend monitoring or disaster recovery improvements.
tabletop_exercise,Tabletop Exercise,Backup & Recovery,6,Complete internal QA checklist.
tabletop_exercise,Tabletop Exercise,Backup & Recovery,7,"Send closeout summary with recommended next product, bundle, or monthly plan."
continuity_binder,Continuity Binder,Backup & Recovery,1,Identify critical data and recovery expectations.
continuity_binder,Continuity Binder,Backup & Recovery,2,"Review current backup coverage, retention, alerts, and restore process."
continuity_binder,Continuity Binder,Backup & Recovery,3,Perform setup or controlled restore test if approved.
continuity_binder,Continuity Binder,Backup & Recovery,4,"Document evidence, gaps, and recovery steps."
continuity_binder,Continuity Binder,Backup & Recovery,5,Recommend monitoring or disaster recovery improvements.
continuity_binder,Continuity Binder,Backup & Recovery,6,Complete internal QA checklist.
continuity_binder,Continuity Binder,Backup & Recovery,7,"Send closeout summary with recommended next product, bundle, or monthly plan."
small_business_resilience_pack,Small Business Resilience Pack,Backup & Recovery,1,Identify critical data and recovery expectations.
small_business_resilience_pack,Small Business Resilience Pack,Backup & Recovery,2,"Review current backup coverage, retention, alerts, and restore process."
small_business_resilience_pack,Small Business Resilience Pack,Backup & Recovery,3,Perform setup or controlled restore test if approved.
small_business_resilience_pack,Small Business Resilience Pack,Backup & Recovery,4,"Document evidence, gaps, and recovery steps."
small_business_resilience_pack,Small Business Resilience Pack,Backup & Recovery,5,Recommend monitoring or disaster recovery improvements.
small_business_resilience_pack,Small Business Resilience Pack,Backup & Recovery,6,Complete internal QA checklist.
small_business_resilience_pack,Small Business Resilience Pack,Backup & Recovery,7,"Send closeout summary with recommended next product, bundle, or monthly plan."
website_health_check,Website Health Check,Website & SEO,1,"Confirm website, domain, hosting, and business goals."
website_health_check,Website Health Check,Website & SEO,2,"Review health, SEO, DNS, analytics, content, or local profile scope."
website_health_check,Website Health Check,Website & SEO,3,Implement approved fixes or prepare recommendations.
website_health_check,Website Health Check,Website & SEO,4,Document findings and before/after notes.
website_health_check,Website Health Check,Website & SEO,5,"Provide next-step content, care, or SEO options."
website_health_check,Website Health Check,Website & SEO,6,Complete internal QA checklist.
website_health_check,Website Health Check,Website & SEO,7,"Send closeout summary with recommended next product, bundle, or monthly plan."
website_speed_snapshot,Website Speed Snapshot,Website & SEO,1,"Confirm website, domain, hosting, and business goals."
website_speed_snapshot,Website Speed Snapshot,Website & SEO,2,"Review health, SEO, DNS, analytics, content, or local profile scope."
website_speed_snapshot,Website Speed Snapshot,Website & SEO,3,Implement approved fixes or prepare recommendations.
website_speed_snapshot,Website Speed Snapshot,Website & SEO,4,Document findings and before/after notes.
website_speed_snapshot,Website Speed Snapshot,Website & SEO,5,"Provide next-step content, care, or SEO options."
website_speed_snapshot,Website Speed Snapshot,Website & SEO,6,Complete internal QA checklist.
website_speed_snapshot,Website Speed Snapshot,Website & SEO,7,"Send closeout summary with recommended next product, bundle, or monthly plan."
website_security_review,Website Security Review,Website & SEO,1,"Confirm website, domain, hosting, and business goals."
website_security_review,Website Security Review,Website & SEO,2,"Review health, SEO, DNS, analytics, content, or local profile scope."
website_security_review,Website Security Review,Website & SEO,3,Implement approved fixes or prepare recommendations.
website_security_review,Website Security Review,Website & SEO,4,Document findings and before/after notes.
website_security_review,Website Security Review,Website & SEO,5,"Provide next-step content, care, or SEO options."
website_security_review,Website Security Review,Website & SEO,6,Complete internal QA checklist.
website_security_review,Website Security Review,Website & SEO,7,"Send closeout summary with recommended next product, bundle, or monthly plan."
website_backup_setup,Website Backup Setup,Website & SEO,1,"Confirm website, domain, hosting, and business goals."
website_backup_setup,Website Backup Setup,Website & SEO,2,"Review health, SEO, DNS, analytics, content, or local profile scope."
website_backup_setup,Website Backup Setup,Website & SEO,3,Implement approved fixes or prepare recommendations.
website_backup_setup,Website Backup Setup,Website & SEO,4,Document findings and before/after notes.
website_backup_setup,Website Backup Setup,Website & SEO,5,"Provide next-step content, care, or SEO options."
website_backup_setup,Website Backup Setup,Website & SEO,6,Complete internal QA checklist.
website_backup_setup,Website Backup Setup,Website & SEO,7,"Send closeout summary with recommended next product, bundle, or monthly plan."
monthly_website_care_plan,Monthly Website Care Plan,Website & SEO,1,"Confirm website, domain, hosting, and business goals."
monthly_website_care_plan,Monthly Website Care Plan,Website & SEO,2,"Review health, SEO, DNS, analytics, content, or local profile scope."
monthly_website_care_plan,Monthly Website Care Plan,Website & SEO,3,Implement approved fixes or prepare recommendations.
monthly_website_care_plan,Monthly Website Care Plan,Website & SEO,4,Document findings and before/after notes.
monthly_website_care_plan,Monthly Website Care Plan,Website & SEO,5,"Provide next-step content, care, or SEO options."
monthly_website_care_plan,Monthly Website Care Plan,Website & SEO,6,Complete internal QA checklist.
monthly_website_care_plan,Monthly Website Care Plan,Website & SEO,7,"Send closeout summary with recommended next product, bundle, or monthly plan."
landing_page_build,Landing Page Build,Website & SEO,1,"Confirm website, domain, hosting, and business goals."
landing_page_build,Landing Page Build,Website & SEO,2,"Review health, SEO, DNS, analytics, content, or local profile scope."
landing_page_build,Landing Page Build,Website & SEO,3,Implement approved fixes or prepare recommendations.
landing_page_build,Landing Page Build,Website & SEO,4,Document findings and before/after notes.
landing_page_build,Landing Page Build,Website & SEO,5,"Provide next-step content, care, or SEO options."
landing_page_build,Landing Page Build,Website & SEO,6,Complete internal QA checklist.
landing_page_build,Landing Page Build,Website & SEO,7,"Send closeout summary with recommended next product, bundle, or monthly plan."
local_seo_page_build,Local SEO Page Build,Website & SEO,1,"Confirm website, domain, hosting, and business goals."
local_seo_page_build,Local SEO Page Build,Website & SEO,2,"Review health, SEO, DNS, analytics, content, or local profile scope."
local_seo_page_build,Local SEO Page Build,Website & SEO,3,Implement approved fixes or prepare recommendations.
local_seo_page_build,Local SEO Page Build,Website & SEO,4,Document findings and before/after notes.
local_seo_page_build,Local SEO Page Build,Website & SEO,5,"Provide next-step content, care, or SEO options."
local_seo_page_build,Local SEO Page Build,Website & SEO,6,Complete internal QA checklist.
local_seo_page_build,Local SEO Page Build,Website & SEO,7,"Send closeout summary with recommended next product, bundle, or monthly plan."
contact_form_fix,Contact Form Fix,Website & SEO,1,"Confirm website, domain, hosting, and business goals."
contact_form_fix,Contact Form Fix,Website & SEO,2,"Review health, SEO, DNS, analytics, content, or local profile scope."
contact_form_fix,Contact Form Fix,Website & SEO,3,Implement approved fixes or prepare recommendations.
contact_form_fix,Contact Form Fix,Website & SEO,4,Document findings and before/after notes.
contact_form_fix,Contact Form Fix,Website & SEO,5,"Provide next-step content, care, or SEO options."
contact_form_fix,Contact Form Fix,Website & SEO,6,Complete internal QA checklist.
contact_form_fix,Contact Form Fix,Website & SEO,7,"Send closeout summary with recommended next product, bundle, or monthly plan."
analytics_setup,Analytics Setup,Website & SEO,1,"Confirm website, domain, hosting, and business goals."
analytics_setup,Analytics Setup,Website & SEO,2,"Review health, SEO, DNS, analytics, content, or local profile scope."
analytics_setup,Analytics Setup,Website & SEO,3,Implement approved fixes or prepare recommendations.
analytics_setup,Analytics Setup,Website & SEO,4,Document findings and before/after notes.
analytics_setup,Analytics Setup,Website & SEO,5,"Provide next-step content, care, or SEO options."
analytics_setup,Analytics Setup,Website & SEO,6,Complete internal QA checklist.
analytics_setup,Analytics Setup,Website & SEO,7,"Send closeout summary with recommended next product, bundle, or monthly plan."
cookie_privacy_basics_review,Cookie/Privacy Basics Review,Website & SEO,1,"Confirm website, domain, hosting, and business goals."
cookie_privacy_basics_review,Cookie/Privacy Basics Review,Website & SEO,2,"Review health, SEO, DNS, analytics, content, or local profile scope."
cookie_privacy_basics_review,Cookie/Privacy Basics Review,Website & SEO,3,Implement approved fixes or prepare recommendations.
cookie_privacy_basics_review,Cookie/Privacy Basics Review,Website & SEO,4,Document findings and before/after notes.
cookie_privacy_basics_review,Cookie/Privacy Basics Review,Website & SEO,5,"Provide next-step content, care, or SEO options."
cookie_privacy_basics_review,Cookie/Privacy Basics Review,Website & SEO,6,Complete internal QA checklist.
cookie_privacy_basics_review,Cookie/Privacy Basics Review,Website & SEO,7,"Send closeout summary with recommended next product, bundle, or monthly plan."
local_seo_snapshot,Local SEO Snapshot,Website & SEO,1,"Confirm website, domain, hosting, and business goals."
local_seo_snapshot,Local SEO Snapshot,Website & SEO,2,"Review health, SEO, DNS, analytics, content, or local profile scope."
local_seo_snapshot,Local SEO Snapshot,Website & SEO,3,Implement approved fixes or prepare recommendations.
local_seo_snapshot,Local SEO Snapshot,Website & SEO,4,Document findings and before/after notes.
local_seo_snapshot,Local SEO Snapshot,Website & SEO,5,"Provide next-step content, care, or SEO options."
local_seo_snapshot,Local SEO Snapshot,Website & SEO,6,Complete internal QA checklist.
local_seo_snapshot,Local SEO Snapshot,Website & SEO,7,"Send closeout summary with recommended next product, bundle, or monthly plan."
google_business_profile_optimization,Google Business Profile Optimization,Website & SEO,1,"Confirm website, domain, hosting, and business goals."
google_business_profile_optimization,Google Business Profile Optimization,Website & SEO,2,"Review health, SEO, DNS, analytics, content, or local profile scope."
google_business_profile_optimization,Google Business Profile Optimization,Website & SEO,3,Implement approved fixes or prepare recommendations.
google_business_profile_optimization,Google Business Profile Optimization,Website & SEO,4,Document findings and before/after notes.
google_business_profile_optimization,Google Business Profile Optimization,Website & SEO,5,"Provide next-step content, care, or SEO options."
google_business_profile_optimization,Google Business Profile Optimization,Website & SEO,6,Complete internal QA checklist.
google_business_profile_optimization,Google Business Profile Optimization,Website & SEO,7,"Send closeout summary with recommended next product, bundle, or monthly plan."
local_service_page_pack,Local Service Page Pack,Website & SEO,1,"Confirm website, domain, hosting, and business goals."
local_service_page_pack,Local Service Page Pack,Website & SEO,2,"Review health, SEO, DNS, analytics, content, or local profile scope."
local_service_page_pack,Local Service Page Pack,Website & SEO,3,Implement approved fixes or prepare recommendations.
local_service_page_pack,Local Service Page Pack,Website & SEO,4,Document findings and before/after notes.
local_service_page_pack,Local Service Page Pack,Website & SEO,5,"Provide next-step content, care, or SEO options."
local_service_page_pack,Local Service Page Pack,Website & SEO,6,Complete internal QA checklist.
local_service_page_pack,Local Service Page Pack,Website & SEO,7,"Send closeout summary with recommended next product, bundle, or monthly plan."
blog_starter_pack,Blog Starter Pack,Website & SEO,1,"Confirm website, domain, hosting, and business goals."
blog_starter_pack,Blog Starter Pack,Website & SEO,2,"Review health, SEO, DNS, analytics, content, or local profile scope."
blog_starter_pack,Blog Starter Pack,Website & SEO,3,Implement approved fixes or prepare recommendations.
blog_starter_pack,Blog Starter Pack,Website & SEO,4,Document findings and before/after notes.
blog_starter_pack,Blog Starter Pack,Website & SEO,5,"Provide next-step content, care, or SEO options."
blog_starter_pack,Blog Starter Pack,Website & SEO,6,Complete internal QA checklist.
blog_starter_pack,Blog Starter Pack,Website & SEO,7,"Send closeout summary with recommended next product, bundle, or monthly plan."
technical_seo_fix_pack,Technical SEO Fix Pack,Website & SEO,1,"Confirm website, domain, hosting, and business goals."
technical_seo_fix_pack,Technical SEO Fix Pack,Website & SEO,2,"Review health, SEO, DNS, analytics, content, or local profile scope."
technical_seo_fix_pack,Technical SEO Fix Pack,Website & SEO,3,Implement approved fixes or prepare recommendations.
technical_seo_fix_pack,Technical SEO Fix Pack,Website & SEO,4,Document findings and before/after notes.
technical_seo_fix_pack,Technical SEO Fix Pack,Website & SEO,5,"Provide next-step content, care, or SEO options."
technical_seo_fix_pack,Technical SEO Fix Pack,Website & SEO,6,Complete internal QA checklist.
technical_seo_fix_pack,Technical SEO Fix Pack,Website & SEO,7,"Send closeout summary with recommended next product, bundle, or monthly plan."
monthly_local_seo_plan,Monthly Local SEO Plan,Website & SEO,1,"Confirm website, domain, hosting, and business goals."
monthly_local_seo_plan,Monthly Local SEO Plan,Website & SEO,2,"Review health, SEO, DNS, analytics, content, or local profile scope."
monthly_local_seo_plan,Monthly Local SEO Plan,Website & SEO,3,Implement approved fixes or prepare recommendations.
monthly_local_seo_plan,Monthly Local SEO Plan,Website & SEO,4,Document findings and before/after notes.
monthly_local_seo_plan,Monthly Local SEO Plan,Website & SEO,5,"Provide next-step content, care, or SEO options."
monthly_local_seo_plan,Monthly Local SEO Plan,Website & SEO,6,Complete internal QA checklist.
monthly_local_seo_plan,Monthly Local SEO Plan,Website & SEO,7,"Send closeout summary with recommended next product, bundle, or monthly plan."
review_request_system_setup,Review Request System Setup,Website & SEO,1,"Confirm website, domain, hosting, and business goals."
review_request_system_setup,Review Request System Setup,Website & SEO,2,"Review health, SEO, DNS, analytics, content, or local profile scope."
review_request_system_setup,Review Request System Setup,Website & SEO,3,Implement approved fixes or prepare recommendations.
review_request_system_setup,Review Request System Setup,Website & SEO,4,Document findings and before/after notes.
review_request_system_setup,Review Request System Setup,Website & SEO,5,"Provide next-step content, care, or SEO options."
review_request_system_setup,Review Request System Setup,Website & SEO,6,Complete internal QA checklist.
review_request_system_setup,Review Request System Setup,Website & SEO,7,"Send closeout summary with recommended next product, bundle, or monthly plan."
schema_markup_setup,Schema Markup Setup,Website & SEO,1,"Confirm website, domain, hosting, and business goals."
schema_markup_setup,Schema Markup Setup,Website & SEO,2,"Review health, SEO, DNS, analytics, content, or local profile scope."
schema_markup_setup,Schema Markup Setup,Website & SEO,3,Implement approved fixes or prepare recommendations.
schema_markup_setup,Schema Markup Setup,Website & SEO,4,Document findings and before/after notes.
schema_markup_setup,Schema Markup Setup,Website & SEO,5,"Provide next-step content, care, or SEO options."
schema_markup_setup,Schema Markup Setup,Website & SEO,6,Complete internal QA checklist.
schema_markup_setup,Schema Markup Setup,Website & SEO,7,"Send closeout summary with recommended next product, bundle, or monthly plan."
website_safety_bundle,Website Safety Bundle,Website & SEO,1,"Confirm website, domain, hosting, and business goals."
website_safety_bundle,Website Safety Bundle,Website & SEO,2,"Review health, SEO, DNS, analytics, content, or local profile scope."
website_safety_bundle,Website Safety Bundle,Website & SEO,3,Implement approved fixes or prepare recommendations.
website_safety_bundle,Website Safety Bundle,Website & SEO,4,Document findings and before/after notes.
website_safety_bundle,Website Safety Bundle,Website & SEO,5,"Provide next-step content, care, or SEO options."
website_safety_bundle,Website Safety Bundle,Website & SEO,6,Complete internal QA checklist.
website_safety_bundle,Website Safety Bundle,Website & SEO,7,"Send closeout summary with recommended next product, bundle, or monthly plan."
local_seo_starter,Local SEO Starter,Website & SEO,1,"Confirm website, domain, hosting, and business goals."
local_seo_starter,Local SEO Starter,Website & SEO,2,"Review health, SEO, DNS, analytics, content, or local profile scope."
local_seo_starter,Local SEO Starter,Website & SEO,3,Implement approved fixes or prepare recommendations.
local_seo_starter,Local SEO Starter,Website & SEO,4,Document findings and before/after notes.
local_seo_starter,Local SEO Starter,Website & SEO,5,"Provide next-step content, care, or SEO options."
local_seo_starter,Local SEO Starter,Website & SEO,6,Complete internal QA checklist.
local_seo_starter,Local SEO Starter,Website & SEO,7,"Send closeout summary with recommended next product, bundle, or monthly plan."
website_growth_bundle,Website Growth Bundle,Website & SEO,1,"Confirm website, domain, hosting, and business goals."
website_growth_bundle,Website Growth Bundle,Website & SEO,2,"Review health, SEO, DNS, analytics, content, or local profile scope."
website_growth_bundle,Website Growth Bundle,Website & SEO,3,Implement approved fixes or prepare recommendations.
website_growth_bundle,Website Growth Bundle,Website & SEO,4,Document findings and before/after notes.
website_growth_bundle,Website Growth Bundle,Website & SEO,5,"Provide next-step content, care, or SEO options."
website_growth_bundle,Website Growth Bundle,Website & SEO,6,Complete internal QA checklist.
website_growth_bundle,Website Growth Bundle,Website & SEO,7,"Send closeout summary with recommended next product, bundle, or monthly plan."
cloudflare_basic_setup,Cloudflare Basic Setup,Website & SEO,1,"Confirm website, domain, hosting, and business goals."
cloudflare_basic_setup,Cloudflare Basic Setup,Website & SEO,2,"Review health, SEO, DNS, analytics, content, or local profile scope."
cloudflare_basic_setup,Cloudflare Basic Setup,Website & SEO,3,Implement approved fixes or prepare recommendations.
cloudflare_basic_setup,Cloudflare Basic Setup,Website & SEO,4,Document findings and before/after notes.
cloudflare_basic_setup,Cloudflare Basic Setup,Website & SEO,5,"Provide next-step content, care, or SEO options."
cloudflare_basic_setup,Cloudflare Basic Setup,Website & SEO,6,Complete internal QA checklist.
cloudflare_basic_setup,Cloudflare Basic Setup,Website & SEO,7,"Send closeout summary with recommended next product, bundle, or monthly plan."
cloudflare_security_tune_up,Cloudflare Security Tune-Up,Website & SEO,1,"Confirm website, domain, hosting, and business goals."
cloudflare_security_tune_up,Cloudflare Security Tune-Up,Website & SEO,2,"Review health, SEO, DNS, analytics, content, or local profile scope."
cloudflare_security_tune_up,Cloudflare Security Tune-Up,Website & SEO,3,Implement approved fixes or prepare recommendations.
cloudflare_security_tune_up,Cloudflare Security Tune-Up,Website & SEO,4,Document findings and before/after notes.
cloudflare_security_tune_up,Cloudflare Security Tune-Up,Website & SEO,5,"Provide next-step content, care, or SEO options."
cloudflare_security_tune_up,Cloudflare Security Tune-Up,Website & SEO,6,Complete internal QA checklist.
cloudflare_security_tune_up,Cloudflare Security Tune-Up,Website & SEO,7,"Send closeout summary with recommended next product, bundle, or monthly plan."
dns_cleanup,DNS Cleanup,Website & SEO,1,"Confirm website, domain, hosting, and business goals."
dns_cleanup,DNS Cleanup,Website & SEO,2,"Review health, SEO, DNS, analytics, content, or local profile scope."
dns_cleanup,DNS Cleanup,Website & SEO,3,Implement approved fixes or prepare recommendations.
dns_cleanup,DNS Cleanup,Website & SEO,4,Document findings and before/after notes.
dns_cleanup,DNS Cleanup,Website & SEO,5,"Provide next-step content, care, or SEO options."
dns_cleanup,DNS Cleanup,Website & SEO,6,Complete internal QA checklist.
dns_cleanup,DNS Cleanup,Website & SEO,7,"Send closeout summary with recommended next product, bundle, or monthly plan."
email_dns_authentication_fix,Email DNS Authentication Fix,Website & SEO,1,"Confirm website, domain, hosting, and business goals."
email_dns_authentication_fix,Email DNS Authentication Fix,Website & SEO,2,"Review health, SEO, DNS, analytics, content, or local profile scope."
email_dns_authentication_fix,Email DNS Authentication Fix,Website & SEO,3,Implement approved fixes or prepare recommendations.
email_dns_authentication_fix,Email DNS Authentication Fix,Website & SEO,4,Document findings and before/after notes.
email_dns_authentication_fix,Email DNS Authentication Fix,Website & SEO,5,"Provide next-step content, care, or SEO options."
email_dns_authentication_fix,Email DNS Authentication Fix,Website & SEO,6,Complete internal QA checklist.
email_dns_authentication_fix,Email DNS Authentication Fix,Website & SEO,7,"Send closeout summary with recommended next product, bundle, or monthly plan."
domain_registrar_security_setup,Domain Registrar Security Setup,Website & SEO,1,"Confirm website, domain, hosting, and business goals."
domain_registrar_security_setup,Domain Registrar Security Setup,Website & SEO,2,"Review health, SEO, DNS, analytics, content, or local profile scope."
domain_registrar_security_setup,Domain Registrar Security Setup,Website & SEO,3,Implement approved fixes or prepare recommendations.
domain_registrar_security_setup,Domain Registrar Security Setup,Website & SEO,4,Document findings and before/after notes.
domain_registrar_security_setup,Domain Registrar Security Setup,Website & SEO,5,"Provide next-step content, care, or SEO options."
domain_registrar_security_setup,Domain Registrar Security Setup,Website & SEO,6,Complete internal QA checklist.
domain_registrar_security_setup,Domain Registrar Security Setup,Website & SEO,7,"Send closeout summary with recommended next product, bundle, or monthly plan."
cloudflare_turnstile_setup,Cloudflare Turnstile Setup,Website & SEO,1,"Confirm website, domain, hosting, and business goals."
cloudflare_turnstile_setup,Cloudflare Turnstile Setup,Website & SEO,2,"Review health, SEO, DNS, analytics, content, or local profile scope."
cloudflare_turnstile_setup,Cloudflare Turnstile Setup,Website & SEO,3,Implement approved fixes or prepare recommendations.
cloudflare_turnstile_setup,Cloudflare Turnstile Setup,Website & SEO,4,Document findings and before/after notes.
cloudflare_turnstile_setup,Cloudflare Turnstile Setup,Website & SEO,5,"Provide next-step content, care, or SEO options."
cloudflare_turnstile_setup,Cloudflare Turnstile Setup,Website & SEO,6,Complete internal QA checklist.
cloudflare_turnstile_setup,Cloudflare Turnstile Setup,Website & SEO,7,"Send closeout summary with recommended next product, bundle, or monthly plan."
cloudflare_redirect_setup,Cloudflare Redirect Setup,Website & SEO,1,"Confirm website, domain, hosting, and business goals."
cloudflare_redirect_setup,Cloudflare Redirect Setup,Website & SEO,2,"Review health, SEO, DNS, analytics, content, or local profile scope."
cloudflare_redirect_setup,Cloudflare Redirect Setup,Website & SEO,3,Implement approved fixes or prepare recommendations.
cloudflare_redirect_setup,Cloudflare Redirect Setup,Website & SEO,4,Document findings and before/after notes.
cloudflare_redirect_setup,Cloudflare Redirect Setup,Website & SEO,5,"Provide next-step content, care, or SEO options."
cloudflare_redirect_setup,Cloudflare Redirect Setup,Website & SEO,6,Complete internal QA checklist.
cloudflare_redirect_setup,Cloudflare Redirect Setup,Website & SEO,7,"Send closeout summary with recommended next product, bundle, or monthly plan."
domain_expiration_protection,Domain Expiration Protection,Website & SEO,1,"Confirm website, domain, hosting, and business goals."
domain_expiration_protection,Domain Expiration Protection,Website & SEO,2,"Review health, SEO, DNS, analytics, content, or local profile scope."
domain_expiration_protection,Domain Expiration Protection,Website & SEO,3,Implement approved fixes or prepare recommendations.
domain_expiration_protection,Domain Expiration Protection,Website & SEO,4,Document findings and before/after notes.
domain_expiration_protection,Domain Expiration Protection,Website & SEO,5,"Provide next-step content, care, or SEO options."
domain_expiration_protection,Domain Expiration Protection,Website & SEO,6,Complete internal QA checklist.
domain_expiration_protection,Domain Expiration Protection,Website & SEO,7,"Send closeout summary with recommended next product, bundle, or monthly plan."
cloudflare_monthly_management,Cloudflare Monthly Management,Website & SEO,1,"Confirm website, domain, hosting, and business goals."
cloudflare_monthly_management,Cloudflare Monthly Management,Website & SEO,2,"Review health, SEO, DNS, analytics, content, or local profile scope."
cloudflare_monthly_management,Cloudflare Monthly Management,Website & SEO,3,Implement approved fixes or prepare recommendations.
cloudflare_monthly_management,Cloudflare Monthly Management,Website & SEO,4,Document findings and before/after notes.
cloudflare_monthly_management,Cloudflare Monthly Management,Website & SEO,5,"Provide next-step content, care, or SEO options."
cloudflare_monthly_management,Cloudflare Monthly Management,Website & SEO,6,Complete internal QA checklist.
cloudflare_monthly_management,Cloudflare Monthly Management,Website & SEO,7,"Send closeout summary with recommended next product, bundle, or monthly plan."
domain_protection_pack,Domain Protection Pack,Website & SEO,1,"Confirm website, domain, hosting, and business goals."
domain_protection_pack,Domain Protection Pack,Website & SEO,2,"Review health, SEO, DNS, analytics, content, or local profile scope."
domain_protection_pack,Domain Protection Pack,Website & SEO,3,Implement approved fixes or prepare recommendations.
domain_protection_pack,Domain Protection Pack,Website & SEO,4,Document findings and before/after notes.
domain_protection_pack,Domain Protection Pack,Website & SEO,5,"Provide next-step content, care, or SEO options."
domain_protection_pack,Domain Protection Pack,Website & SEO,6,Complete internal QA checklist.
domain_protection_pack,Domain Protection Pack,Website & SEO,7,"Send closeout summary with recommended next product, bundle, or monthly plan."
cyber_insurance_questionnaire_help,Cyber Insurance Questionnaire Help,Compliance & Policies,1,Confirm business driver and scope.
cyber_insurance_questionnaire_help,Cyber Insurance Questionnaire Help,Compliance & Policies,2,Review existing practices and available evidence.
cyber_insurance_questionnaire_help,Cyber Insurance Questionnaire Help,Compliance & Policies,3,"Draft, update, or assess policies/checklists."
cyber_insurance_questionnaire_help,Cyber Insurance Questionnaire Help,Compliance & Policies,4,Map gaps to practical controls.
cyber_insurance_questionnaire_help,Cyber Insurance Questionnaire Help,Compliance & Policies,5,"Deliver editable documents, summary, and implementation checklist."
cyber_insurance_questionnaire_help,Cyber Insurance Questionnaire Help,Compliance & Policies,6,Complete internal QA checklist.
cyber_insurance_questionnaire_help,Cyber Insurance Questionnaire Help,Compliance & Policies,7,"Send closeout summary with recommended next product, bundle, or monthly plan."
acceptable_use_policy_starter,Acceptable Use Policy Starter,Compliance & Policies,1,Confirm business driver and scope.
acceptable_use_policy_starter,Acceptable Use Policy Starter,Compliance & Policies,2,Review existing practices and available evidence.
acceptable_use_policy_starter,Acceptable Use Policy Starter,Compliance & Policies,3,"Draft, update, or assess policies/checklists."
acceptable_use_policy_starter,Acceptable Use Policy Starter,Compliance & Policies,4,Map gaps to practical controls.
acceptable_use_policy_starter,Acceptable Use Policy Starter,Compliance & Policies,5,"Deliver editable documents, summary, and implementation checklist."
acceptable_use_policy_starter,Acceptable Use Policy Starter,Compliance & Policies,6,Complete internal QA checklist.
acceptable_use_policy_starter,Acceptable Use Policy Starter,Compliance & Policies,7,"Send closeout summary with recommended next product, bundle, or monthly plan."
password_policy_starter,Password Policy Starter,Compliance & Policies,1,Confirm business driver and scope.
password_policy_starter,Password Policy Starter,Compliance & Policies,2,Review existing practices and available evidence.
password_policy_starter,Password Policy Starter,Compliance & Policies,3,"Draft, update, or assess policies/checklists."
password_policy_starter,Password Policy Starter,Compliance & Policies,4,Map gaps to practical controls.
password_policy_starter,Password Policy Starter,Compliance & Policies,5,"Deliver editable documents, summary, and implementation checklist."
password_policy_starter,Password Policy Starter,Compliance & Policies,6,Complete internal QA checklist.
password_policy_starter,Password Policy Starter,Compliance & Policies,7,"Send closeout summary with recommended next product, bundle, or monthly plan."
data_backup_policy_starter,Data Backup Policy Starter,Compliance & Policies,1,Confirm business driver and scope.
data_backup_policy_starter,Data Backup Policy Starter,Compliance & Policies,2,Review existing practices and available evidence.
data_backup_policy_starter,Data Backup Policy Starter,Compliance & Policies,3,"Draft, update, or assess policies/checklists."
data_backup_policy_starter,Data Backup Policy Starter,Compliance & Policies,4,Map gaps to practical controls.
data_backup_policy_starter,Data Backup Policy Starter,Compliance & Policies,5,"Deliver editable documents, summary, and implementation checklist."
data_backup_policy_starter,Data Backup Policy Starter,Compliance & Policies,6,Complete internal QA checklist.
data_backup_policy_starter,Data Backup Policy Starter,Compliance & Policies,7,"Send closeout summary with recommended next product, bundle, or monthly plan."
incident_response_policy_starter,Incident Response Policy Starter,Compliance & Policies,1,Confirm business driver and scope.
incident_response_policy_starter,Incident Response Policy Starter,Compliance & Policies,2,Review existing practices and available evidence.
incident_response_policy_starter,Incident Response Policy Starter,Compliance & Policies,3,"Draft, update, or assess policies/checklists."
incident_response_policy_starter,Incident Response Policy Starter,Compliance & Policies,4,Map gaps to practical controls.
incident_response_policy_starter,Incident Response Policy Starter,Compliance & Policies,5,"Deliver editable documents, summary, and implementation checklist."
incident_response_policy_starter,Incident Response Policy Starter,Compliance & Policies,6,Complete internal QA checklist.
incident_response_policy_starter,Incident Response Policy Starter,Compliance & Policies,7,"Send closeout summary with recommended next product, bundle, or monthly plan."
vendor_access_policy_starter,Vendor Access Policy Starter,Compliance & Policies,1,Confirm business driver and scope.
vendor_access_policy_starter,Vendor Access Policy Starter,Compliance & Policies,2,Review existing practices and available evidence.
vendor_access_policy_starter,Vendor Access Policy Starter,Compliance & Policies,3,"Draft, update, or assess policies/checklists."
vendor_access_policy_starter,Vendor Access Policy Starter,Compliance & Policies,4,Map gaps to practical controls.
vendor_access_policy_starter,Vendor Access Policy Starter,Compliance & Policies,5,"Deliver editable documents, summary, and implementation checklist."
vendor_access_policy_starter,Vendor Access Policy Starter,Compliance & Policies,6,Complete internal QA checklist.
vendor_access_policy_starter,Vendor Access Policy Starter,Compliance & Policies,7,"Send closeout summary with recommended next product, bundle, or monthly plan."
employee_offboarding_checklist,Employee Offboarding Checklist,Compliance & Policies,1,Confirm business driver and scope.
employee_offboarding_checklist,Employee Offboarding Checklist,Compliance & Policies,2,Review existing practices and available evidence.
employee_offboarding_checklist,Employee Offboarding Checklist,Compliance & Policies,3,"Draft, update, or assess policies/checklists."
employee_offboarding_checklist,Employee Offboarding Checklist,Compliance & Policies,4,Map gaps to practical controls.
employee_offboarding_checklist,Employee Offboarding Checklist,Compliance & Policies,5,"Deliver editable documents, summary, and implementation checklist."
employee_offboarding_checklist,Employee Offboarding Checklist,Compliance & Policies,6,Complete internal QA checklist.
employee_offboarding_checklist,Employee Offboarding Checklist,Compliance & Policies,7,"Send closeout summary with recommended next product, bundle, or monthly plan."
asset_inventory_starter,Asset Inventory Starter,Compliance & Policies,1,Confirm business driver and scope.
asset_inventory_starter,Asset Inventory Starter,Compliance & Policies,2,Review existing practices and available evidence.
asset_inventory_starter,Asset Inventory Starter,Compliance & Policies,3,"Draft, update, or assess policies/checklists."
asset_inventory_starter,Asset Inventory Starter,Compliance & Policies,4,Map gaps to practical controls.
asset_inventory_starter,Asset Inventory Starter,Compliance & Policies,5,"Deliver editable documents, summary, and implementation checklist."
asset_inventory_starter,Asset Inventory Starter,Compliance & Policies,6,Complete internal QA checklist.
asset_inventory_starter,Asset Inventory Starter,Compliance & Policies,7,"Send closeout summary with recommended next product, bundle, or monthly plan."
security_awareness_policy_starter,Security Awareness Policy Starter,Compliance & Policies,1,Confirm business driver and scope.
security_awareness_policy_starter,Security Awareness Policy Starter,Compliance & Policies,2,Review existing practices and available evidence.
security_awareness_policy_starter,Security Awareness Policy Starter,Compliance & Policies,3,"Draft, update, or assess policies/checklists."
security_awareness_policy_starter,Security Awareness Policy Starter,Compliance & Policies,4,Map gaps to practical controls.
security_awareness_policy_starter,Security Awareness Policy Starter,Compliance & Policies,5,"Deliver editable documents, summary, and implementation checklist."
security_awareness_policy_starter,Security Awareness Policy Starter,Compliance & Policies,6,Complete internal QA checklist.
security_awareness_policy_starter,Security Awareness Policy Starter,Compliance & Policies,7,"Send closeout summary with recommended next product, bundle, or monthly plan."
remote_work_policy_starter,Remote Work Policy Starter,Compliance & Policies,1,Confirm business driver and scope.
remote_work_policy_starter,Remote Work Policy Starter,Compliance & Policies,2,Review existing practices and available evidence.
remote_work_policy_starter,Remote Work Policy Starter,Compliance & Policies,3,"Draft, update, or assess policies/checklists."
remote_work_policy_starter,Remote Work Policy Starter,Compliance & Policies,4,Map gaps to practical controls.
remote_work_policy_starter,Remote Work Policy Starter,Compliance & Policies,5,"Deliver editable documents, summary, and implementation checklist."
remote_work_policy_starter,Remote Work Policy Starter,Compliance & Policies,6,Complete internal QA checklist.
remote_work_policy_starter,Remote Work Policy Starter,Compliance & Policies,7,"Send closeout summary with recommended next product, bundle, or monthly plan."
cyber_insurance_readiness_bundle,Cyber Insurance Readiness Bundle,Compliance & Policies,1,Confirm business driver and scope.
cyber_insurance_readiness_bundle,Cyber Insurance Readiness Bundle,Compliance & Policies,2,Review existing practices and available evidence.
cyber_insurance_readiness_bundle,Cyber Insurance Readiness Bundle,Compliance & Policies,3,"Draft, update, or assess policies/checklists."
cyber_insurance_readiness_bundle,Cyber Insurance Readiness Bundle,Compliance & Policies,4,Map gaps to practical controls.
cyber_insurance_readiness_bundle,Cyber Insurance Readiness Bundle,Compliance & Policies,5,"Deliver editable documents, summary, and implementation checklist."
cyber_insurance_readiness_bundle,Cyber Insurance Readiness Bundle,Compliance & Policies,6,Complete internal QA checklist.
cyber_insurance_readiness_bundle,Cyber Insurance Readiness Bundle,Compliance & Policies,7,"Send closeout summary with recommended next product, bundle, or monthly plan."
small_business_policy_pack,Small Business Policy Pack,Compliance & Policies,1,Confirm business driver and scope.
small_business_policy_pack,Small Business Policy Pack,Compliance & Policies,2,Review existing practices and available evidence.
small_business_policy_pack,Small Business Policy Pack,Compliance & Policies,3,"Draft, update, or assess policies/checklists."
small_business_policy_pack,Small Business Policy Pack,Compliance & Policies,4,Map gaps to practical controls.
small_business_policy_pack,Small Business Policy Pack,Compliance & Policies,5,"Deliver editable documents, summary, and implementation checklist."
small_business_policy_pack,Small Business Policy Pack,Compliance & Policies,6,Complete internal QA checklist.
small_business_policy_pack,Small Business Policy Pack,Compliance & Policies,7,"Send closeout summary with recommended next product, bundle, or monthly plan."
compliance_foundation_bundle,Compliance Foundation Bundle,Compliance & Policies,1,Confirm business driver and scope.
compliance_foundation_bundle,Compliance Foundation Bundle,Compliance & Policies,2,Review existing practices and available evidence.
compliance_foundation_bundle,Compliance Foundation Bundle,Compliance & Policies,3,"Draft, update, or assess policies/checklists."
compliance_foundation_bundle,Compliance Foundation Bundle,Compliance & Policies,4,Map gaps to practical controls.
compliance_foundation_bundle,Compliance Foundation Bundle,Compliance & Policies,5,"Deliver editable documents, summary, and implementation checklist."
compliance_foundation_bundle,Compliance Foundation Bundle,Compliance & Policies,6,Complete internal QA checklist.
compliance_foundation_bundle,Compliance Foundation Bundle,Compliance & Policies,7,"Send closeout summary with recommended next product, bundle, or monthly plan."
risk_register_starter,Risk Register Starter,Compliance & Policies,1,Confirm business driver and scope.
risk_register_starter,Risk Register Starter,Compliance & Policies,2,Review existing practices and available evidence.
risk_register_starter,Risk Register Starter,Compliance & Policies,3,"Draft, update, or assess policies/checklists."
risk_register_starter,Risk Register Starter,Compliance & Policies,4,Map gaps to practical controls.
risk_register_starter,Risk Register Starter,Compliance & Policies,5,"Deliver editable documents, summary, and implementation checklist."
risk_register_starter,Risk Register Starter,Compliance & Policies,6,Complete internal QA checklist.
risk_register_starter,Risk Register Starter,Compliance & Policies,7,"Send closeout summary with recommended next product, bundle, or monthly plan."
quarterly_access_review,Quarterly Access Review,Compliance & Policies,1,Confirm business driver and scope.
quarterly_access_review,Quarterly Access Review,Compliance & Policies,2,Review existing practices and available evidence.
quarterly_access_review,Quarterly Access Review,Compliance & Policies,3,"Draft, update, or assess policies/checklists."
quarterly_access_review,Quarterly Access Review,Compliance & Policies,4,Map gaps to practical controls.
quarterly_access_review,Quarterly Access Review,Compliance & Policies,5,"Deliver editable documents, summary, and implementation checklist."
quarterly_access_review,Quarterly Access Review,Compliance & Policies,6,Complete internal QA checklist.
quarterly_access_review,Quarterly Access Review,Compliance & Policies,7,"Send closeout summary with recommended next product, bundle, or monthly plan."
data_handling_checklist,Data Handling Checklist,Compliance & Policies,1,Confirm business driver and scope.
data_handling_checklist,Data Handling Checklist,Compliance & Policies,2,Review existing practices and available evidence.
data_handling_checklist,Data Handling Checklist,Compliance & Policies,3,"Draft, update, or assess policies/checklists."
data_handling_checklist,Data Handling Checklist,Compliance & Policies,4,Map gaps to practical controls.
data_handling_checklist,Data Handling Checklist,Compliance & Policies,5,"Deliver editable documents, summary, and implementation checklist."
data_handling_checklist,Data Handling Checklist,Compliance & Policies,6,Complete internal QA checklist.
data_handling_checklist,Data Handling Checklist,Compliance & Policies,7,"Send closeout summary with recommended next product, bundle, or monthly plan."
pci_payment_handling_readiness_review,PCI/Payment Handling Readiness Review,Compliance & Policies,1,Confirm business driver and scope.
pci_payment_handling_readiness_review,PCI/Payment Handling Readiness Review,Compliance & Policies,2,Review existing practices and available evidence.
pci_payment_handling_readiness_review,PCI/Payment Handling Readiness Review,Compliance & Policies,3,"Draft, update, or assess policies/checklists."
pci_payment_handling_readiness_review,PCI/Payment Handling Readiness Review,Compliance & Policies,4,Map gaps to practical controls.
pci_payment_handling_readiness_review,PCI/Payment Handling Readiness Review,Compliance & Policies,5,"Deliver editable documents, summary, and implementation checklist."
pci_payment_handling_readiness_review,PCI/Payment Handling Readiness Review,Compliance & Policies,6,Complete internal QA checklist.
pci_payment_handling_readiness_review,PCI/Payment Handling Readiness Review,Compliance & Policies,7,"Send closeout summary with recommended next product, bundle, or monthly plan."
hipaa_oriented_it_readiness_review,HIPAA-Oriented IT Readiness Review,Compliance & Policies,1,Confirm business driver and scope.
hipaa_oriented_it_readiness_review,HIPAA-Oriented IT Readiness Review,Compliance & Policies,2,Review existing practices and available evidence.
hipaa_oriented_it_readiness_review,HIPAA-Oriented IT Readiness Review,Compliance & Policies,3,"Draft, update, or assess policies/checklists."
hipaa_oriented_it_readiness_review,HIPAA-Oriented IT Readiness Review,Compliance & Policies,4,Map gaps to practical controls.
hipaa_oriented_it_readiness_review,HIPAA-Oriented IT Readiness Review,Compliance & Policies,5,"Deliver editable documents, summary, and implementation checklist."
hipaa_oriented_it_readiness_review,HIPAA-Oriented IT Readiness Review,Compliance & Policies,6,Complete internal QA checklist.
hipaa_oriented_it_readiness_review,HIPAA-Oriented IT Readiness Review,Compliance & Policies,7,"Send closeout summary with recommended next product, bundle, or monthly plan."
cmmc_nist_starter_gap_review,CMMC/NIST Starter Gap Review,Compliance & Policies,1,Confirm business driver and scope.
cmmc_nist_starter_gap_review,CMMC/NIST Starter Gap Review,Compliance & Policies,2,Review existing practices and available evidence.
cmmc_nist_starter_gap_review,CMMC/NIST Starter Gap Review,Compliance & Policies,3,"Draft, update, or assess policies/checklists."
cmmc_nist_starter_gap_review,CMMC/NIST Starter Gap Review,Compliance & Policies,4,Map gaps to practical controls.
cmmc_nist_starter_gap_review,CMMC/NIST Starter Gap Review,Compliance & Policies,5,"Deliver editable documents, summary, and implementation checklist."
cmmc_nist_starter_gap_review,CMMC/NIST Starter Gap Review,Compliance & Policies,6,Complete internal QA checklist.
cmmc_nist_starter_gap_review,CMMC/NIST Starter Gap Review,Compliance & Policies,7,"Send closeout summary with recommended next product, bundle, or monthly plan."
mct_essential_care,MCT Essential Care,Monthly IT Plans,1,Perform onboarding discovery.
mct_essential_care,MCT Essential Care,Monthly IT Plans,2,Create asset/user/admin/access baseline.
mct_essential_care,MCT Essential Care,Monthly IT Plans,3,"Define included support, escalation, and exclusions."
mct_essential_care,MCT Essential Care,Monthly IT Plans,4,Set recurring review cadence and documentation standards.
mct_essential_care,MCT Essential Care,Monthly IT Plans,5,Begin recurring service workflow and improvement roadmap.
mct_essential_care,MCT Essential Care,Monthly IT Plans,6,Complete internal QA checklist.
mct_essential_care,MCT Essential Care,Monthly IT Plans,7,"Send closeout summary with recommended next product, bundle, or monthly plan."
mct_business_care,MCT Business Care,Monthly IT Plans,1,Perform onboarding discovery.
mct_business_care,MCT Business Care,Monthly IT Plans,2,Create asset/user/admin/access baseline.
mct_business_care,MCT Business Care,Monthly IT Plans,3,"Define included support, escalation, and exclusions."
mct_business_care,MCT Business Care,Monthly IT Plans,4,Set recurring review cadence and documentation standards.
mct_business_care,MCT Business Care,Monthly IT Plans,5,Begin recurring service workflow and improvement roadmap.
mct_business_care,MCT Business Care,Monthly IT Plans,6,Complete internal QA checklist.
mct_business_care,MCT Business Care,Monthly IT Plans,7,"Send closeout summary with recommended next product, bundle, or monthly plan."
mct_secure_care,MCT Secure Care,Monthly IT Plans,1,Perform onboarding discovery.
mct_secure_care,MCT Secure Care,Monthly IT Plans,2,Create asset/user/admin/access baseline.
mct_secure_care,MCT Secure Care,Monthly IT Plans,3,"Define included support, escalation, and exclusions."
mct_secure_care,MCT Secure Care,Monthly IT Plans,4,Set recurring review cadence and documentation standards.
mct_secure_care,MCT Secure Care,Monthly IT Plans,5,Begin recurring service workflow and improvement roadmap.
mct_secure_care,MCT Secure Care,Monthly IT Plans,6,Complete internal QA checklist.
mct_secure_care,MCT Secure Care,Monthly IT Plans,7,"Send closeout summary with recommended next product, bundle, or monthly plan."
mct_complete_care,MCT Complete Care,Monthly IT Plans,1,Perform onboarding discovery.
mct_complete_care,MCT Complete Care,Monthly IT Plans,2,Create asset/user/admin/access baseline.
mct_complete_care,MCT Complete Care,Monthly IT Plans,3,"Define included support, escalation, and exclusions."
mct_complete_care,MCT Complete Care,Monthly IT Plans,4,Set recurring review cadence and documentation standards.
mct_complete_care,MCT Complete Care,Monthly IT Plans,5,Begin recurring service workflow and improvement roadmap.
mct_complete_care,MCT Complete Care,Monthly IT Plans,6,Complete internal QA checklist.
mct_complete_care,MCT Complete Care,Monthly IT Plans,7,"Send closeout summary with recommended next product, bundle, or monthly plan."
mct_co_managed_it,MCT Co-Managed IT,Monthly IT Plans,1,Perform onboarding discovery.
mct_co_managed_it,MCT Co-Managed IT,Monthly IT Plans,2,Create asset/user/admin/access baseline.
mct_co_managed_it,MCT Co-Managed IT,Monthly IT Plans,3,"Define included support, escalation, and exclusions."
mct_co_managed_it,MCT Co-Managed IT,Monthly IT Plans,4,Set recurring review cadence and documentation standards.
mct_co_managed_it,MCT Co-Managed IT,Monthly IT Plans,5,Begin recurring service workflow and improvement roadmap.
mct_co_managed_it,MCT Co-Managed IT,Monthly IT Plans,6,Complete internal QA checklist.
mct_co_managed_it,MCT Co-Managed IT,Monthly IT Plans,7,"Send closeout summary with recommended next product, bundle, or monthly plan."
cyber_basic,Cyber Basic,Monthly IT Plans,1,Perform onboarding discovery.
cyber_basic,Cyber Basic,Monthly IT Plans,2,Create asset/user/admin/access baseline.
cyber_basic,Cyber Basic,Monthly IT Plans,3,"Define included support, escalation, and exclusions."
cyber_basic,Cyber Basic,Monthly IT Plans,4,Set recurring review cadence and documentation standards.
cyber_basic,Cyber Basic,Monthly IT Plans,5,Begin recurring service workflow and improvement roadmap.
cyber_basic,Cyber Basic,Monthly IT Plans,6,Complete internal QA checklist.
cyber_basic,Cyber Basic,Monthly IT Plans,7,"Send closeout summary with recommended next product, bundle, or monthly plan."
cyber_plus,Cyber Plus,Monthly IT Plans,1,Perform onboarding discovery.
cyber_plus,Cyber Plus,Monthly IT Plans,2,Create asset/user/admin/access baseline.
cyber_plus,Cyber Plus,Monthly IT Plans,3,"Define included support, escalation, and exclusions."
cyber_plus,Cyber Plus,Monthly IT Plans,4,Set recurring review cadence and documentation standards.
cyber_plus,Cyber Plus,Monthly IT Plans,5,Begin recurring service workflow and improvement roadmap.
cyber_plus,Cyber Plus,Monthly IT Plans,6,Complete internal QA checklist.
cyber_plus,Cyber Plus,Monthly IT Plans,7,"Send closeout summary with recommended next product, bundle, or monthly plan."
cyber_complete,Cyber Complete,Monthly IT Plans,1,Perform onboarding discovery.
cyber_complete,Cyber Complete,Monthly IT Plans,2,Create asset/user/admin/access baseline.
cyber_complete,Cyber Complete,Monthly IT Plans,3,"Define included support, escalation, and exclusions."
cyber_complete,Cyber Complete,Monthly IT Plans,4,Set recurring review cadence and documentation standards.
cyber_complete,Cyber Complete,Monthly IT Plans,5,Begin recurring service workflow and improvement roadmap.
cyber_complete,Cyber Complete,Monthly IT Plans,6,Complete internal QA checklist.
cyber_complete,Cyber Complete,Monthly IT Plans,7,"Send closeout summary with recommended next product, bundle, or monthly plan."
managed_dns_plan,Managed DNS Plan,Monthly IT Plans,1,Perform onboarding discovery.
managed_dns_plan,Managed DNS Plan,Monthly IT Plans,2,Create asset/user/admin/access baseline.
managed_dns_plan,Managed DNS Plan,Monthly IT Plans,3,"Define included support, escalation, and exclusions."
managed_dns_plan,Managed DNS Plan,Monthly IT Plans,4,Set recurring review cadence and documentation standards.
managed_dns_plan,Managed DNS Plan,Monthly IT Plans,5,Begin recurring service workflow and improvement roadmap.
managed_dns_plan,Managed DNS Plan,Monthly IT Plans,6,Complete internal QA checklist.
managed_dns_plan,Managed DNS Plan,Monthly IT Plans,7,"Send closeout summary with recommended next product, bundle, or monthly plan."
unifi_monthly_management,UniFi Monthly Management,Monthly IT Plans,1,Perform onboarding discovery.
unifi_monthly_management,UniFi Monthly Management,Monthly IT Plans,2,Create asset/user/admin/access baseline.
unifi_monthly_management,UniFi Monthly Management,Monthly IT Plans,3,"Define included support, escalation, and exclusions."
unifi_monthly_management,UniFi Monthly Management,Monthly IT Plans,4,Set recurring review cadence and documentation standards.
unifi_monthly_management,UniFi Monthly Management,Monthly IT Plans,5,Begin recurring service workflow and improvement roadmap.
unifi_monthly_management,UniFi Monthly Management,Monthly IT Plans,6,Complete internal QA checklist.
unifi_monthly_management,UniFi Monthly Management,Monthly IT Plans,7,"Send closeout summary with recommended next product, bundle, or monthly plan."
camera_maintenance_plan,Camera Maintenance Plan,Monthly IT Plans,1,Perform onboarding discovery.
camera_maintenance_plan,Camera Maintenance Plan,Monthly IT Plans,2,Create asset/user/admin/access baseline.
camera_maintenance_plan,Camera Maintenance Plan,Monthly IT Plans,3,"Define included support, escalation, and exclusions."
camera_maintenance_plan,Camera Maintenance Plan,Monthly IT Plans,4,Set recurring review cadence and documentation standards.
camera_maintenance_plan,Camera Maintenance Plan,Monthly IT Plans,5,Begin recurring service workflow and improvement roadmap.
camera_maintenance_plan,Camera Maintenance Plan,Monthly IT Plans,6,Complete internal QA checklist.
camera_maintenance_plan,Camera Maintenance Plan,Monthly IT Plans,7,"Send closeout summary with recommended next product, bundle, or monthly plan."
backup_monitoring_plan,Backup Monitoring Plan,Monthly IT Plans,1,Perform onboarding discovery.
backup_monitoring_plan,Backup Monitoring Plan,Monthly IT Plans,2,Create asset/user/admin/access baseline.
backup_monitoring_plan,Backup Monitoring Plan,Monthly IT Plans,3,"Define included support, escalation, and exclusions."
backup_monitoring_plan,Backup Monitoring Plan,Monthly IT Plans,4,Set recurring review cadence and documentation standards.
backup_monitoring_plan,Backup Monitoring Plan,Monthly IT Plans,5,Begin recurring service workflow and improvement roadmap.
backup_monitoring_plan,Backup Monitoring Plan,Monthly IT Plans,6,Complete internal QA checklist.
backup_monitoring_plan,Backup Monitoring Plan,Monthly IT Plans,7,"Send closeout summary with recommended next product, bundle, or monthly plan."
monthly_website_care_plan,Monthly Website Care Plan,Monthly IT Plans,1,Perform onboarding discovery.
monthly_website_care_plan,Monthly Website Care Plan,Monthly IT Plans,2,Create asset/user/admin/access baseline.
monthly_website_care_plan,Monthly Website Care Plan,Monthly IT Plans,3,"Define included support, escalation, and exclusions."
monthly_website_care_plan,Monthly Website Care Plan,Monthly IT Plans,4,Set recurring review cadence and documentation standards.
monthly_website_care_plan,Monthly Website Care Plan,Monthly IT Plans,5,Begin recurring service workflow and improvement roadmap.
monthly_website_care_plan,Monthly Website Care Plan,Monthly IT Plans,6,Complete internal QA checklist.
monthly_website_care_plan,Monthly Website Care Plan,Monthly IT Plans,7,"Send closeout summary with recommended next product, bundle, or monthly plan."
monthly_local_seo_plan,Monthly Local SEO Plan,Monthly IT Plans,1,Perform onboarding discovery.
monthly_local_seo_plan,Monthly Local SEO Plan,Monthly IT Plans,2,Create asset/user/admin/access baseline.
monthly_local_seo_plan,Monthly Local SEO Plan,Monthly IT Plans,3,"Define included support, escalation, and exclusions."
monthly_local_seo_plan,Monthly Local SEO Plan,Monthly IT Plans,4,Set recurring review cadence and documentation standards.
monthly_local_seo_plan,Monthly Local SEO Plan,Monthly IT Plans,5,Begin recurring service workflow and improvement roadmap.
monthly_local_seo_plan,Monthly Local SEO Plan,Monthly IT Plans,6,Complete internal QA checklist.
monthly_local_seo_plan,Monthly Local SEO Plan,Monthly IT Plans,7,"Send closeout summary with recommended next product, bundle, or monthly plan."
compliance_quarterly_review,Compliance Quarterly Review,Monthly IT Plans,1,Perform onboarding discovery.
compliance_quarterly_review,Compliance Quarterly Review,Monthly IT Plans,2,Create asset/user/admin/access baseline.
compliance_quarterly_review,Compliance Quarterly Review,Monthly IT Plans,3,"Define included support, escalation, and exclusions."
compliance_quarterly_review,Compliance Quarterly Review,Monthly IT Plans,4,Set recurring review cadence and documentation standards.
compliance_quarterly_review,Compliance Quarterly Review,Monthly IT Plans,5,Begin recurring service workflow and improvement roadmap.
compliance_quarterly_review,Compliance Quarterly Review,Monthly IT Plans,6,Complete internal QA checklist.
compliance_quarterly_review,Compliance Quarterly Review,Monthly IT Plans,7,"Send closeout summary with recommended next product, bundle, or monthly plan."
emergency_remote_support,Emergency Remote Support,Emergency Support,1,Capture immediate impact and safety constraints.
emergency_remote_support,Emergency Remote Support,Emergency Support,2,Stabilize situation and reduce further damage where possible.
emergency_remote_support,Emergency Remote Support,Emergency Support,3,Avoid destructive action without approval.
emergency_remote_support,Emergency Remote Support,Emergency Support,4,Collect incident notes and evidence.
emergency_remote_support,Emergency Remote Support,Emergency Support,5,Provide recovery path and recommend follow-up hardening.
emergency_remote_support,Emergency Remote Support,Emergency Support,6,Complete internal QA checklist.
emergency_remote_support,Emergency Remote Support,Emergency Support,7,"Send closeout summary with recommended next product, bundle, or monthly plan."
emergency_on_site_visit,Emergency On-Site Visit,Emergency Support,1,Capture immediate impact and safety constraints.
emergency_on_site_visit,Emergency On-Site Visit,Emergency Support,2,Stabilize situation and reduce further damage where possible.
emergency_on_site_visit,Emergency On-Site Visit,Emergency Support,3,Avoid destructive action without approval.
emergency_on_site_visit,Emergency On-Site Visit,Emergency Support,4,Collect incident notes and evidence.
emergency_on_site_visit,Emergency On-Site Visit,Emergency Support,5,Provide recovery path and recommend follow-up hardening.
emergency_on_site_visit,Emergency On-Site Visit,Emergency Support,6,Complete internal QA checklist.
emergency_on_site_visit,Emergency On-Site Visit,Emergency Support,7,"Send closeout summary with recommended next product, bundle, or monthly plan."
email_compromise_response,Email Compromise Response,Emergency Support,1,Capture immediate impact and safety constraints.
email_compromise_response,Email Compromise Response,Emergency Support,2,Stabilize situation and reduce further damage where possible.
email_compromise_response,Email Compromise Response,Emergency Support,3,Avoid destructive action without approval.
email_compromise_response,Email Compromise Response,Emergency Support,4,Collect incident notes and evidence.
email_compromise_response,Email Compromise Response,Emergency Support,5,Provide recovery path and recommend follow-up hardening.
email_compromise_response,Email Compromise Response,Emergency Support,6,Complete internal QA checklist.
email_compromise_response,Email Compromise Response,Emergency Support,7,"Send closeout summary with recommended next product, bundle, or monthly plan."
ransomware_first_response,Ransomware First Response,Emergency Support,1,Capture immediate impact and safety constraints.
ransomware_first_response,Ransomware First Response,Emergency Support,2,Stabilize situation and reduce further damage where possible.
ransomware_first_response,Ransomware First Response,Emergency Support,3,Avoid destructive action without approval.
ransomware_first_response,Ransomware First Response,Emergency Support,4,Collect incident notes and evidence.
ransomware_first_response,Ransomware First Response,Emergency Support,5,Provide recovery path and recommend follow-up hardening.
ransomware_first_response,Ransomware First Response,Emergency Support,6,Complete internal QA checklist.
ransomware_first_response,Ransomware First Response,Emergency Support,7,"Send closeout summary with recommended next product, bundle, or monthly plan."
website_down_emergency,Website Down Emergency,Emergency Support,1,Capture immediate impact and safety constraints.
website_down_emergency,Website Down Emergency,Emergency Support,2,Stabilize situation and reduce further damage where possible.
website_down_emergency,Website Down Emergency,Emergency Support,3,Avoid destructive action without approval.
website_down_emergency,Website Down Emergency,Emergency Support,4,Collect incident notes and evidence.
website_down_emergency,Website Down Emergency,Emergency Support,5,Provide recovery path and recommend follow-up hardening.
website_down_emergency,Website Down Emergency,Emergency Support,6,Complete internal QA checklist.
website_down_emergency,Website Down Emergency,Emergency Support,7,"Send closeout summary with recommended next product, bundle, or monthly plan."
network_down_emergency,Network Down Emergency,Emergency Support,1,Capture immediate impact and safety constraints.
network_down_emergency,Network Down Emergency,Emergency Support,2,Stabilize situation and reduce further damage where possible.
network_down_emergency,Network Down Emergency,Emergency Support,3,Avoid destructive action without approval.
network_down_emergency,Network Down Emergency,Emergency Support,4,Collect incident notes and evidence.
network_down_emergency,Network Down Emergency,Emergency Support,5,Provide recovery path and recommend follow-up hardening.
network_down_emergency,Network Down Emergency,Emergency Support,6,Complete internal QA checklist.
network_down_emergency,Network Down Emergency,Emergency Support,7,"Send closeout summary with recommended next product, bundle, or monthly plan."
computer_won_t_boot_support,Computer Won’t Boot Support,Emergency Support,1,Capture immediate impact and safety constraints.
computer_won_t_boot_support,Computer Won’t Boot Support,Emergency Support,2,Stabilize situation and reduce further damage where possible.
computer_won_t_boot_support,Computer Won’t Boot Support,Emergency Support,3,Avoid destructive action without approval.
computer_won_t_boot_support,Computer Won’t Boot Support,Emergency Support,4,Collect incident notes and evidence.
computer_won_t_boot_support,Computer Won’t Boot Support,Emergency Support,5,Provide recovery path and recommend follow-up hardening.
computer_won_t_boot_support,Computer Won’t Boot Support,Emergency Support,6,Complete internal QA checklist.
computer_won_t_boot_support,Computer Won’t Boot Support,Emergency Support,7,"Send closeout summary with recommended next product, bundle, or monthly plan."
data_recovery_coordination,Data Recovery Coordination,Emergency Support,1,Capture immediate impact and safety constraints.
data_recovery_coordination,Data Recovery Coordination,Emergency Support,2,Stabilize situation and reduce further damage where possible.
data_recovery_coordination,Data Recovery Coordination,Emergency Support,3,Avoid destructive action without approval.
data_recovery_coordination,Data Recovery Coordination,Emergency Support,4,Collect incident notes and evidence.
data_recovery_coordination,Data Recovery Coordination,Emergency Support,5,Provide recovery path and recommend follow-up hardening.
data_recovery_coordination,Data Recovery Coordination,Emergency Support,6,Complete internal QA checklist.
data_recovery_coordination,Data Recovery Coordination,Emergency Support,7,"Send closeout summary with recommended next product, bundle, or monthly plan."
emergency_support_retainer,Emergency Support Retainer,Emergency Support,1,Capture immediate impact and safety constraints.
emergency_support_retainer,Emergency Support Retainer,Emergency Support,2,Stabilize situation and reduce further damage where possible.
emergency_support_retainer,Emergency Support Retainer,Emergency Support,3,Avoid destructive action without approval.
emergency_support_retainer,Emergency Support Retainer,Emergency Support,4,Collect incident notes and evidence.
emergency_support_retainer,Emergency Support Retainer,Emergency Support,5,Provide recovery path and recommend follow-up hardening.
emergency_support_retainer,Emergency Support Retainer,Emergency Support,6,Complete internal QA checklist.
emergency_support_retainer,Emergency Support Retainer,Emergency Support,7,"Send closeout summary with recommended next product, bundle, or monthly plan."
critical_account_lockout_help,Critical Account Lockout Help,Emergency Support,1,Capture immediate impact and safety constraints.
critical_account_lockout_help,Critical Account Lockout Help,Emergency Support,2,Stabilize situation and reduce further damage where possible.
critical_account_lockout_help,Critical Account Lockout Help,Emergency Support,3,Avoid destructive action without approval.
critical_account_lockout_help,Critical Account Lockout Help,Emergency Support,4,Collect incident notes and evidence.
critical_account_lockout_help,Critical Account Lockout Help,Emergency Support,5,Provide recovery path and recommend follow-up hardening.
critical_account_lockout_help,Critical Account Lockout Help,Emergency Support,6,Complete internal QA checklist.
critical_account_lockout_help,Critical Account Lockout Help,Emergency Support,7,"Send closeout summary with recommended next product, bundle, or monthly plan."
small_business_it_starter_pack,Small Business IT Starter Pack,Business Starter Packs,1,Confirm bundle goal and business context.
small_business_it_starter_pack,Small Business IT Starter Pack,Business Starter Packs,2,Combine relevant component checklists.
small_business_it_starter_pack,Small Business IT Starter Pack,Business Starter Packs,3,"Sequence work into foundation, security, continuity, and growth steps."
small_business_it_starter_pack,Small Business IT Starter Pack,Business Starter Packs,4,"Deliver bundled findings, setup notes, and roadmap."
small_business_it_starter_pack,Small Business IT Starter Pack,Business Starter Packs,5,Recommend recurring care or project follow-up if appropriate.
small_business_it_starter_pack,Small Business IT Starter Pack,Business Starter Packs,6,Complete internal QA checklist.
small_business_it_starter_pack,Small Business IT Starter Pack,Business Starter Packs,7,"Send closeout summary with recommended next product, bundle, or monthly plan."
new_business_technology_setup,New Business Technology Setup,Business Starter Packs,1,Confirm bundle goal and business context.
new_business_technology_setup,New Business Technology Setup,Business Starter Packs,2,Combine relevant component checklists.
new_business_technology_setup,New Business Technology Setup,Business Starter Packs,3,"Sequence work into foundation, security, continuity, and growth steps."
new_business_technology_setup,New Business Technology Setup,Business Starter Packs,4,"Deliver bundled findings, setup notes, and roadmap."
new_business_technology_setup,New Business Technology Setup,Business Starter Packs,5,Recommend recurring care or project follow-up if appropriate.
new_business_technology_setup,New Business Technology Setup,Business Starter Packs,6,Complete internal QA checklist.
new_business_technology_setup,New Business Technology Setup,Business Starter Packs,7,"Send closeout summary with recommended next product, bundle, or monthly plan."
business_owner_peace_of_mind_pack,Business Owner Peace of Mind Pack,Business Starter Packs,1,Confirm bundle goal and business context.
business_owner_peace_of_mind_pack,Business Owner Peace of Mind Pack,Business Starter Packs,2,Combine relevant component checklists.
business_owner_peace_of_mind_pack,Business Owner Peace of Mind Pack,Business Starter Packs,3,"Sequence work into foundation, security, continuity, and growth steps."
business_owner_peace_of_mind_pack,Business Owner Peace of Mind Pack,Business Starter Packs,4,"Deliver bundled findings, setup notes, and roadmap."
business_owner_peace_of_mind_pack,Business Owner Peace of Mind Pack,Business Starter Packs,5,Recommend recurring care or project follow-up if appropriate.
business_owner_peace_of_mind_pack,Business Owner Peace of Mind Pack,Business Starter Packs,6,Complete internal QA checklist.
business_owner_peace_of_mind_pack,Business Owner Peace of Mind Pack,Business Starter Packs,7,"Send closeout summary with recommended next product, bundle, or monthly plan."
local_business_online_presence_pack,Local Business Online Presence Pack,Business Starter Packs,1,Confirm bundle goal and business context.
local_business_online_presence_pack,Local Business Online Presence Pack,Business Starter Packs,2,Combine relevant component checklists.
local_business_online_presence_pack,Local Business Online Presence Pack,Business Starter Packs,3,"Sequence work into foundation, security, continuity, and growth steps."
local_business_online_presence_pack,Local Business Online Presence Pack,Business Starter Packs,4,"Deliver bundled findings, setup notes, and roadmap."
local_business_online_presence_pack,Local Business Online Presence Pack,Business Starter Packs,5,Recommend recurring care or project follow-up if appropriate.
local_business_online_presence_pack,Local Business Online Presence Pack,Business Starter Packs,6,Complete internal QA checklist.
local_business_online_presence_pack,Local Business Online Presence Pack,Business Starter Packs,7,"Send closeout summary with recommended next product, bundle, or monthly plan."
new_client_foundation,New Client Foundation,Business Starter Packs,1,Confirm bundle goal and business context.
new_client_foundation,New Client Foundation,Business Starter Packs,2,Combine relevant component checklists.
new_client_foundation,New Client Foundation,Business Starter Packs,3,"Sequence work into foundation, security, continuity, and growth steps."
new_client_foundation,New Client Foundation,Business Starter Packs,4,"Deliver bundled findings, setup notes, and roadmap."
new_client_foundation,New Client Foundation,Business Starter Packs,5,Recommend recurring care or project follow-up if appropriate.
new_client_foundation,New Client Foundation,Business Starter Packs,6,Complete internal QA checklist.
new_client_foundation,New Client Foundation,Business Starter Packs,7,"Send closeout summary with recommended next product, bundle, or monthly plan."
new_business_it_setup,New Business IT Setup,Business Starter Packs,1,Confirm bundle goal and business context.
new_business_it_setup,New Business IT Setup,Business Starter Packs,2,Combine relevant component checklists.
new_business_it_setup,New Business IT Setup,Business Starter Packs,3,"Sequence work into foundation, security, continuity, and growth steps."
new_business_it_setup,New Business IT Setup,Business Starter Packs,4,"Deliver bundled findings, setup notes, and roadmap."
new_business_it_setup,New Business IT Setup,Business Starter Packs,5,Recommend recurring care or project follow-up if appropriate.
new_business_it_setup,New Business IT Setup,Business Starter Packs,6,Complete internal QA checklist.
new_business_it_setup,New Business IT Setup,Business Starter Packs,7,"Send closeout summary with recommended next product, bundle, or monthly plan."
new_employee_setup_bundle,New Employee Setup Bundle,Business Starter Packs,1,Confirm bundle goal and business context.
new_employee_setup_bundle,New Employee Setup Bundle,Business Starter Packs,2,Combine relevant component checklists.
new_employee_setup_bundle,New Employee Setup Bundle,Business Starter Packs,3,"Sequence work into foundation, security, continuity, and growth steps."
new_employee_setup_bundle,New Employee Setup Bundle,Business Starter Packs,4,"Deliver bundled findings, setup notes, and roadmap."
new_employee_setup_bundle,New Employee Setup Bundle,Business Starter Packs,5,Recommend recurring care or project follow-up if appropriate.
new_employee_setup_bundle,New Employee Setup Bundle,Business Starter Packs,6,Complete internal QA checklist.
new_employee_setup_bundle,New Employee Setup Bundle,Business Starter Packs,7,"Send closeout summary with recommended next product, bundle, or monthly plan."
employee_exit_lockdown_bundle,Employee Exit Lockdown Bundle,Business Starter Packs,1,Confirm bundle goal and business context.
employee_exit_lockdown_bundle,Employee Exit Lockdown Bundle,Business Starter Packs,2,Combine relevant component checklists.
employee_exit_lockdown_bundle,Employee Exit Lockdown Bundle,Business Starter Packs,3,"Sequence work into foundation, security, continuity, and growth steps."
employee_exit_lockdown_bundle,Employee Exit Lockdown Bundle,Business Starter Packs,4,"Deliver bundled findings, setup notes, and roadmap."
employee_exit_lockdown_bundle,Employee Exit Lockdown Bundle,Business Starter Packs,5,Recommend recurring care or project follow-up if appropriate.
employee_exit_lockdown_bundle,Employee Exit Lockdown Bundle,Business Starter Packs,6,Complete internal QA checklist.
employee_exit_lockdown_bundle,Employee Exit Lockdown Bundle,Business Starter Packs,7,"Send closeout summary with recommended next product, bundle, or monthly plan."
office_move_it_planning,Office Move IT Planning,Business Starter Packs,1,Confirm bundle goal and business context.
office_move_it_planning,Office Move IT Planning,Business Starter Packs,2,Combine relevant component checklists.
office_move_it_planning,Office Move IT Planning,Business Starter Packs,3,"Sequence work into foundation, security, continuity, and growth steps."
office_move_it_planning,Office Move IT Planning,Business Starter Packs,4,"Deliver bundled findings, setup notes, and roadmap."
office_move_it_planning,Office Move IT Planning,Business Starter Packs,5,Recommend recurring care or project follow-up if appropriate.
office_move_it_planning,Office Move IT Planning,Business Starter Packs,6,Complete internal QA checklist.
office_move_it_planning,Office Move IT Planning,Business Starter Packs,7,"Send closeout summary with recommended next product, bundle, or monthly plan."
vendor_transition_package,Vendor Transition Package,Business Starter Packs,1,Confirm bundle goal and business context.
vendor_transition_package,Vendor Transition Package,Business Starter Packs,2,Combine relevant component checklists.
vendor_transition_package,Vendor Transition Package,Business Starter Packs,3,"Sequence work into foundation, security, continuity, and growth steps."
vendor_transition_package,Vendor Transition Package,Business Starter Packs,4,"Deliver bundled findings, setup notes, and roadmap."
vendor_transition_package,Vendor Transition Package,Business Starter Packs,5,Recommend recurring care or project follow-up if appropriate.
vendor_transition_package,Vendor Transition Package,Business Starter Packs,6,Complete internal QA checklist.
vendor_transition_package,Vendor Transition Package,Business Starter Packs,7,"Send closeout summary with recommended next product, bundle, or monthly plan."
it_documentation_rebuild,IT Documentation Rebuild,Business Starter Packs,1,Confirm bundle goal and business context.
it_documentation_rebuild,IT Documentation Rebuild,Business Starter Packs,2,Combine relevant component checklists.
it_documentation_rebuild,IT Documentation Rebuild,Business Starter Packs,3,"Sequence work into foundation, security, continuity, and growth steps."
it_documentation_rebuild,IT Documentation Rebuild,Business Starter Packs,4,"Deliver bundled findings, setup notes, and roadmap."
it_documentation_rebuild,IT Documentation Rebuild,Business Starter Packs,5,Recommend recurring care or project follow-up if appropriate.
it_documentation_rebuild,IT Documentation Rebuild,Business Starter Packs,6,Complete internal QA checklist.
it_documentation_rebuild,IT Documentation Rebuild,Business Starter Packs,7,"Send closeout summary with recommended next product, bundle, or monthly plan."
asset_inventory_buildout,Asset Inventory Buildout,Business Starter Packs,1,Confirm bundle goal and business context.
asset_inventory_buildout,Asset Inventory Buildout,Business Starter Packs,2,Combine relevant component checklists.
asset_inventory_buildout,Asset Inventory Buildout,Business Starter Packs,3,"Sequence work into foundation, security, continuity, and growth steps."
asset_inventory_buildout,Asset Inventory Buildout,Business Starter Packs,4,"Deliver bundled findings, setup notes, and roadmap."
asset_inventory_buildout,Asset Inventory Buildout,Business Starter Packs,5,Recommend recurring care or project follow-up if appropriate.
asset_inventory_buildout,Asset Inventory Buildout,Business Starter Packs,6,Complete internal QA checklist.
asset_inventory_buildout,Asset Inventory Buildout,Business Starter Packs,7,"Send closeout summary with recommended next product, bundle, or monthly plan."
it_roadmap_session,IT Roadmap Session,Business Starter Packs,1,Confirm bundle goal and business context.
it_roadmap_session,IT Roadmap Session,Business Starter Packs,2,Combine relevant component checklists.
it_roadmap_session,IT Roadmap Session,Business Starter Packs,3,"Sequence work into foundation, security, continuity, and growth steps."
it_roadmap_session,IT Roadmap Session,Business Starter Packs,4,"Deliver bundled findings, setup notes, and roadmap."
it_roadmap_session,IT Roadmap Session,Business Starter Packs,5,Recommend recurring care or project follow-up if appropriate.
it_roadmap_session,IT Roadmap Session,Business Starter Packs,6,Complete internal QA checklist.
it_roadmap_session,IT Roadmap Session,Business Starter Packs,7,"Send closeout summary with recommended next product, bundle, or monthly plan."
quarterly_business_review,Quarterly Business Review,Business Starter Packs,1,Confirm bundle goal and business context.
quarterly_business_review,Quarterly Business Review,Business Starter Packs,2,Combine relevant component checklists.
quarterly_business_review,Quarterly Business Review,Business Starter Packs,3,"Sequence work into foundation, security, continuity, and growth steps."
quarterly_business_review,Quarterly Business Review,Business Starter Packs,4,"Deliver bundled findings, setup notes, and roadmap."
quarterly_business_review,Quarterly Business Review,Business Starter Packs,5,Recommend recurring care or project follow-up if appropriate.
quarterly_business_review,Quarterly Business Review,Business Starter Packs,6,Complete internal QA checklist.
quarterly_business_review,Quarterly Business Review,Business Starter Packs,7,"Send closeout summary with recommended next product, bundle, or monthly plan."
phone_system_readiness_review,Phone System Readiness Review,Business Starter Packs,1,Confirm bundle goal and business context.
phone_system_readiness_review,Phone System Readiness Review,Business Starter Packs,2,Combine relevant component checklists.
phone_system_readiness_review,Phone System Readiness Review,Business Starter Packs,3,"Sequence work into foundation, security, continuity, and growth steps."
phone_system_readiness_review,Phone System Readiness Review,Business Starter Packs,4,"Deliver bundled findings, setup notes, and roadmap."
phone_system_readiness_review,Phone System Readiness Review,Business Starter Packs,5,Recommend recurring care or project follow-up if appropriate.
phone_system_readiness_review,Phone System Readiness Review,Business Starter Packs,6,Complete internal QA checklist.
phone_system_readiness_review,Phone System Readiness Review,Business Starter Packs,7,"Send closeout summary with recommended next product, bundle, or monthly plan."
voip_vendor_selection_help,VoIP Vendor Selection Help,Business Starter Packs,1,Confirm bundle goal and business context.
voip_vendor_selection_help,VoIP Vendor Selection Help,Business Starter Packs,2,Combine relevant component checklists.
voip_vendor_selection_help,VoIP Vendor Selection Help,Business Starter Packs,3,"Sequence work into foundation, security, continuity, and growth steps."
voip_vendor_selection_help,VoIP Vendor Selection Help,Business Starter Packs,4,"Deliver bundled findings, setup notes, and roadmap."
voip_vendor_selection_help,VoIP Vendor Selection Help,Business Starter Packs,5,Recommend recurring care or project follow-up if appropriate.
voip_vendor_selection_help,VoIP Vendor Selection Help,Business Starter Packs,6,Complete internal QA checklist.
voip_vendor_selection_help,VoIP Vendor Selection Help,Business Starter Packs,7,"Send closeout summary with recommended next product, bundle, or monthly plan."
voip_cutover_support,VoIP Cutover Support,Business Starter Packs,1,Confirm bundle goal and business context.
voip_cutover_support,VoIP Cutover Support,Business Starter Packs,2,Combine relevant component checklists.
voip_cutover_support,VoIP Cutover Support,Business Starter Packs,3,"Sequence work into foundation, security, continuity, and growth steps."
voip_cutover_support,VoIP Cutover Support,Business Starter Packs,4,"Deliver bundled findings, setup notes, and roadmap."
voip_cutover_support,VoIP Cutover Support,Business Starter Packs,5,Recommend recurring care or project follow-up if appropriate.
voip_cutover_support,VoIP Cutover Support,Business Starter Packs,6,Complete internal QA checklist.
voip_cutover_support,VoIP Cutover Support,Business Starter Packs,7,"Send closeout summary with recommended next product, bundle, or monthly plan."
auto_attendant_setup,Auto Attendant Setup,Business Starter Packs,1,Confirm bundle goal and business context.
auto_attendant_setup,Auto Attendant Setup,Business Starter Packs,2,Combine relevant component checklists.
auto_attendant_setup,Auto Attendant Setup,Business Starter Packs,3,"Sequence work into foundation, security, continuity, and growth steps."
auto_attendant_setup,Auto Attendant Setup,Business Starter Packs,4,"Deliver bundled findings, setup notes, and roadmap."
auto_attendant_setup,Auto Attendant Setup,Business Starter Packs,5,Recommend recurring care or project follow-up if appropriate.
auto_attendant_setup,Auto Attendant Setup,Business Starter Packs,6,Complete internal QA checklist.
auto_attendant_setup,Auto Attendant Setup,Business Starter Packs,7,"Send closeout summary with recommended next product, bundle, or monthly plan."
business_voicemail_setup,Business Voicemail Setup,Business Starter Packs,1,Confirm bundle goal and business context.
business_voicemail_setup,Business Voicemail Setup,Business Starter Packs,2,Combine relevant component checklists.
business_voicemail_setup,Business Voicemail Setup,Business Starter Packs,3,"Sequence work into foundation, security, continuity, and growth steps."
business_voicemail_setup,Business Voicemail Setup,Business Starter Packs,4,"Deliver bundled findings, setup notes, and roadmap."
business_voicemail_setup,Business Voicemail Setup,Business Starter Packs,5,Recommend recurring care or project follow-up if appropriate.
business_voicemail_setup,Business Voicemail Setup,Business Starter Packs,6,Complete internal QA checklist.
business_voicemail_setup,Business Voicemail Setup,Business Starter Packs,7,"Send closeout summary with recommended next product, bundle, or monthly plan."
phone_number_port_coordination,Phone Number Port Coordination,Business Starter Packs,1,Confirm bundle goal and business context.
phone_number_port_coordination,Phone Number Port Coordination,Business Starter Packs,2,Combine relevant component checklists.
phone_number_port_coordination,Phone Number Port Coordination,Business Starter Packs,3,"Sequence work into foundation, security, continuity, and growth steps."
phone_number_port_coordination,Phone Number Port Coordination,Business Starter Packs,4,"Deliver bundled findings, setup notes, and roadmap."
phone_number_port_coordination,Phone Number Port Coordination,Business Starter Packs,5,Recommend recurring care or project follow-up if appropriate.
phone_number_port_coordination,Phone Number Port Coordination,Business Starter Packs,6,Complete internal QA checklist.
phone_number_port_coordination,Phone Number Port Coordination,Business Starter Packs,7,"Send closeout summary with recommended next product, bundle, or monthly plan."
teams_phone_readiness_check,Teams Phone Readiness Check,Business Starter Packs,1,Confirm bundle goal and business context.
teams_phone_readiness_check,Teams Phone Readiness Check,Business Starter Packs,2,Combine relevant component checklists.
teams_phone_readiness_check,Teams Phone Readiness Check,Business Starter Packs,3,"Sequence work into foundation, security, continuity, and growth steps."
teams_phone_readiness_check,Teams Phone Readiness Check,Business Starter Packs,4,"Deliver bundled findings, setup notes, and roadmap."
teams_phone_readiness_check,Teams Phone Readiness Check,Business Starter Packs,5,Recommend recurring care or project follow-up if appropriate.
teams_phone_readiness_check,Teams Phone Readiness Check,Business Starter Packs,6,Complete internal QA checklist.
teams_phone_readiness_check,Teams Phone Readiness Check,Business Starter Packs,7,"Send closeout summary with recommended next product, bundle, or monthly plan."
small_business_phone_refresh,Small Business Phone Refresh,Business Starter Packs,1,Confirm bundle goal and business context.
small_business_phone_refresh,Small Business Phone Refresh,Business Starter Packs,2,Combine relevant component checklists.
small_business_phone_refresh,Small Business Phone Refresh,Business Starter Packs,3,"Sequence work into foundation, security, continuity, and growth steps."
small_business_phone_refresh,Small Business Phone Refresh,Business Starter Packs,4,"Deliver bundled findings, setup notes, and roadmap."
small_business_phone_refresh,Small Business Phone Refresh,Business Starter Packs,5,Recommend recurring care or project follow-up if appropriate.
small_business_phone_refresh,Small Business Phone Refresh,Business Starter Packs,6,Complete internal QA checklist.
small_business_phone_refresh,Small Business Phone Refresh,Business Starter Packs,7,"Send closeout summary with recommended next product, bundle, or monthly plan."
church_technology_health_check,Church Technology Health Check,Business Starter Packs,1,Confirm bundle goal and business context.
church_technology_health_check,Church Technology Health Check,Business Starter Packs,2,Combine relevant component checklists.
church_technology_health_check,Church Technology Health Check,Business Starter Packs,3,"Sequence work into foundation, security, continuity, and growth steps."
church_technology_health_check,Church Technology Health Check,Business Starter Packs,4,"Deliver bundled findings, setup notes, and roadmap."
church_technology_health_check,Church Technology Health Check,Business Starter Packs,5,Recommend recurring care or project follow-up if appropriate.
church_technology_health_check,Church Technology Health Check,Business Starter Packs,6,Complete internal QA checklist.
church_technology_health_check,Church Technology Health Check,Business Starter Packs,7,"Send closeout summary with recommended next product, bundle, or monthly plan."
livestream_setup_support,Livestream Setup Support,Business Starter Packs,1,Confirm bundle goal and business context.
livestream_setup_support,Livestream Setup Support,Business Starter Packs,2,Combine relevant component checklists.
livestream_setup_support,Livestream Setup Support,Business Starter Packs,3,"Sequence work into foundation, security, continuity, and growth steps."
livestream_setup_support,Livestream Setup Support,Business Starter Packs,4,"Deliver bundled findings, setup notes, and roadmap."
livestream_setup_support,Livestream Setup Support,Business Starter Packs,5,Recommend recurring care or project follow-up if appropriate.
livestream_setup_support,Livestream Setup Support,Business Starter Packs,6,Complete internal QA checklist.
livestream_setup_support,Livestream Setup Support,Business Starter Packs,7,"Send closeout summary with recommended next product, bundle, or monthly plan."
guest_wi_fi_for_churches,Guest Wi-Fi for Churches,Business Starter Packs,1,Confirm bundle goal and business context.
guest_wi_fi_for_churches,Guest Wi-Fi for Churches,Business Starter Packs,2,Combine relevant component checklists.
guest_wi_fi_for_churches,Guest Wi-Fi for Churches,Business Starter Packs,3,"Sequence work into foundation, security, continuity, and growth steps."
guest_wi_fi_for_churches,Guest Wi-Fi for Churches,Business Starter Packs,4,"Deliver bundled findings, setup notes, and roadmap."
guest_wi_fi_for_churches,Guest Wi-Fi for Churches,Business Starter Packs,5,Recommend recurring care or project follow-up if appropriate.
guest_wi_fi_for_churches,Guest Wi-Fi for Churches,Business Starter Packs,6,Complete internal QA checklist.
guest_wi_fi_for_churches,Guest Wi-Fi for Churches,Business Starter Packs,7,"Send closeout summary with recommended next product, bundle, or monthly plan."
volunteer_account_cleanup,Volunteer Account Cleanup,Business Starter Packs,1,Confirm bundle goal and business context.
volunteer_account_cleanup,Volunteer Account Cleanup,Business Starter Packs,2,Combine relevant component checklists.
volunteer_account_cleanup,Volunteer Account Cleanup,Business Starter Packs,3,"Sequence work into foundation, security, continuity, and growth steps."
volunteer_account_cleanup,Volunteer Account Cleanup,Business Starter Packs,4,"Deliver bundled findings, setup notes, and roadmap."
volunteer_account_cleanup,Volunteer Account Cleanup,Business Starter Packs,5,Recommend recurring care or project follow-up if appropriate.
volunteer_account_cleanup,Volunteer Account Cleanup,Business Starter Packs,6,Complete internal QA checklist.
volunteer_account_cleanup,Volunteer Account Cleanup,Business Starter Packs,7,"Send closeout summary with recommended next product, bundle, or monthly plan."
church_it_foundation,Church IT Foundation,Business Starter Packs,1,Confirm bundle goal and business context.
church_it_foundation,Church IT Foundation,Business Starter Packs,2,Combine relevant component checklists.
church_it_foundation,Church IT Foundation,Business Starter Packs,3,"Sequence work into foundation, security, continuity, and growth steps."
church_it_foundation,Church IT Foundation,Business Starter Packs,4,"Deliver bundled findings, setup notes, and roadmap."
church_it_foundation,Church IT Foundation,Business Starter Packs,5,Recommend recurring care or project follow-up if appropriate.
church_it_foundation,Church IT Foundation,Business Starter Packs,6,Complete internal QA checklist.
church_it_foundation,Church IT Foundation,Business Starter Packs,7,"Send closeout summary with recommended next product, bundle, or monthly plan."
marina_connectivity_pack,Marina Connectivity Pack,Business Starter Packs,1,Confirm bundle goal and business context.
marina_connectivity_pack,Marina Connectivity Pack,Business Starter Packs,2,Combine relevant component checklists.
marina_connectivity_pack,Marina Connectivity Pack,Business Starter Packs,3,"Sequence work into foundation, security, continuity, and growth steps."
marina_connectivity_pack,Marina Connectivity Pack,Business Starter Packs,4,"Deliver bundled findings, setup notes, and roadmap."
marina_connectivity_pack,Marina Connectivity Pack,Business Starter Packs,5,Recommend recurring care or project follow-up if appropriate.
marina_connectivity_pack,Marina Connectivity Pack,Business Starter Packs,6,Complete internal QA checklist.
marina_connectivity_pack,Marina Connectivity Pack,Business Starter Packs,7,"Send closeout summary with recommended next product, bundle, or monthly plan."
outdoor_wi_fi_planning_for_marinas,Outdoor Wi-Fi Planning for Marinas,Business Starter Packs,1,Confirm bundle goal and business context.
outdoor_wi_fi_planning_for_marinas,Outdoor Wi-Fi Planning for Marinas,Business Starter Packs,2,Combine relevant component checklists.
outdoor_wi_fi_planning_for_marinas,Outdoor Wi-Fi Planning for Marinas,Business Starter Packs,3,"Sequence work into foundation, security, continuity, and growth steps."
outdoor_wi_fi_planning_for_marinas,Outdoor Wi-Fi Planning for Marinas,Business Starter Packs,4,"Deliver bundled findings, setup notes, and roadmap."
outdoor_wi_fi_planning_for_marinas,Outdoor Wi-Fi Planning for Marinas,Business Starter Packs,5,Recommend recurring care or project follow-up if appropriate.
outdoor_wi_fi_planning_for_marinas,Outdoor Wi-Fi Planning for Marinas,Business Starter Packs,6,Complete internal QA checklist.
outdoor_wi_fi_planning_for_marinas,Outdoor Wi-Fi Planning for Marinas,Business Starter Packs,7,"Send closeout summary with recommended next product, bundle, or monthly plan."
security_camera_planning_for_marinas,Security Camera Planning for Marinas,Business Starter Packs,1,Confirm bundle goal and business context.
security_camera_planning_for_marinas,Security Camera Planning for Marinas,Business Starter Packs,2,Combine relevant component checklists.
security_camera_planning_for_marinas,Security Camera Planning for Marinas,Business Starter Packs,3,"Sequence work into foundation, security, continuity, and growth steps."
security_camera_planning_for_marinas,Security Camera Planning for Marinas,Business Starter Packs,4,"Deliver bundled findings, setup notes, and roadmap."
security_camera_planning_for_marinas,Security Camera Planning for Marinas,Business Starter Packs,5,Recommend recurring care or project follow-up if appropriate.
security_camera_planning_for_marinas,Security Camera Planning for Marinas,Business Starter Packs,6,Complete internal QA checklist.
security_camera_planning_for_marinas,Security Camera Planning for Marinas,Business Starter Packs,7,"Send closeout summary with recommended next product, bundle, or monthly plan."
gate_and_sign_connectivity_review,Gate and Sign Connectivity Review,Business Starter Packs,1,Confirm bundle goal and business context.
gate_and_sign_connectivity_review,Gate and Sign Connectivity Review,Business Starter Packs,2,Combine relevant component checklists.
gate_and_sign_connectivity_review,Gate and Sign Connectivity Review,Business Starter Packs,3,"Sequence work into foundation, security, continuity, and growth steps."
gate_and_sign_connectivity_review,Gate and Sign Connectivity Review,Business Starter Packs,4,"Deliver bundled findings, setup notes, and roadmap."
gate_and_sign_connectivity_review,Gate and Sign Connectivity Review,Business Starter Packs,5,Recommend recurring care or project follow-up if appropriate.
gate_and_sign_connectivity_review,Gate and Sign Connectivity Review,Business Starter Packs,6,Complete internal QA checklist.
gate_and_sign_connectivity_review,Gate and Sign Connectivity Review,Business Starter Packs,7,"Send closeout summary with recommended next product, bundle, or monthly plan."
seasonal_business_it_readiness,Seasonal Business IT Readiness,Business Starter Packs,1,Confirm bundle goal and business context.
seasonal_business_it_readiness,Seasonal Business IT Readiness,Business Starter Packs,2,Combine relevant component checklists.
seasonal_business_it_readiness,Seasonal Business IT Readiness,Business Starter Packs,3,"Sequence work into foundation, security, continuity, and growth steps."
seasonal_business_it_readiness,Seasonal Business IT Readiness,Business Starter Packs,4,"Deliver bundled findings, setup notes, and roadmap."
seasonal_business_it_readiness,Seasonal Business IT Readiness,Business Starter Packs,5,Recommend recurring care or project follow-up if appropriate.
seasonal_business_it_readiness,Seasonal Business IT Readiness,Business Starter Packs,6,Complete internal QA checklist.
seasonal_business_it_readiness,Seasonal Business IT Readiness,Business Starter Packs,7,"Send closeout summary with recommended next product, bundle, or monthly plan."
wellness_office_security_pack,Wellness Office Security Pack,Business Starter Packs,1,Confirm bundle goal and business context.
wellness_office_security_pack,Wellness Office Security Pack,Business Starter Packs,2,Combine relevant component checklists.
wellness_office_security_pack,Wellness Office Security Pack,Business Starter Packs,3,"Sequence work into foundation, security, continuity, and growth steps."
wellness_office_security_pack,Wellness Office Security Pack,Business Starter Packs,4,"Deliver bundled findings, setup notes, and roadmap."
wellness_office_security_pack,Wellness Office Security Pack,Business Starter Packs,5,Recommend recurring care or project follow-up if appropriate.
wellness_office_security_pack,Wellness Office Security Pack,Business Starter Packs,6,Complete internal QA checklist.
wellness_office_security_pack,Wellness Office Security Pack,Business Starter Packs,7,"Send closeout summary with recommended next product, bundle, or monthly plan."
patient_wi_fi_separation,Patient Wi-Fi Separation,Business Starter Packs,1,Confirm bundle goal and business context.
patient_wi_fi_separation,Patient Wi-Fi Separation,Business Starter Packs,2,Combine relevant component checklists.
patient_wi_fi_separation,Patient Wi-Fi Separation,Business Starter Packs,3,"Sequence work into foundation, security, continuity, and growth steps."
patient_wi_fi_separation,Patient Wi-Fi Separation,Business Starter Packs,4,"Deliver bundled findings, setup notes, and roadmap."
patient_wi_fi_separation,Patient Wi-Fi Separation,Business Starter Packs,5,Recommend recurring care or project follow-up if appropriate.
patient_wi_fi_separation,Patient Wi-Fi Separation,Business Starter Packs,6,Complete internal QA checklist.
patient_wi_fi_separation,Patient Wi-Fi Separation,Business Starter Packs,7,"Send closeout summary with recommended next product, bundle, or monthly plan."
contractor_digital_office,Contractor Digital Office,Business Starter Packs,1,Confirm bundle goal and business context.
contractor_digital_office,Contractor Digital Office,Business Starter Packs,2,Combine relevant component checklists.
contractor_digital_office,Contractor Digital Office,Business Starter Packs,3,"Sequence work into foundation, security, continuity, and growth steps."
contractor_digital_office,Contractor Digital Office,Business Starter Packs,4,"Deliver bundled findings, setup notes, and roadmap."
contractor_digital_office,Contractor Digital Office,Business Starter Packs,5,Recommend recurring care or project follow-up if appropriate.
contractor_digital_office,Contractor Digital Office,Business Starter Packs,6,Complete internal QA checklist.
contractor_digital_office,Contractor Digital Office,Business Starter Packs,7,"Send closeout summary with recommended next product, bundle, or monthly plan."
field_laptop_setup,Field Laptop Setup,Business Starter Packs,1,Confirm bundle goal and business context.
field_laptop_setup,Field Laptop Setup,Business Starter Packs,2,Combine relevant component checklists.
field_laptop_setup,Field Laptop Setup,Business Starter Packs,3,"Sequence work into foundation, security, continuity, and growth steps."
field_laptop_setup,Field Laptop Setup,Business Starter Packs,4,"Deliver bundled findings, setup notes, and roadmap."
field_laptop_setup,Field Laptop Setup,Business Starter Packs,5,Recommend recurring care or project follow-up if appropriate.
field_laptop_setup,Field Laptop Setup,Business Starter Packs,6,Complete internal QA checklist.
field_laptop_setup,Field Laptop Setup,Business Starter Packs,7,"Send closeout summary with recommended next product, bundle, or monthly plan."
cloud_file_setup_for_job_photos,Cloud File Setup for Job Photos,Business Starter Packs,1,Confirm bundle goal and business context.
cloud_file_setup_for_job_photos,Cloud File Setup for Job Photos,Business Starter Packs,2,Combine relevant component checklists.
cloud_file_setup_for_job_photos,Cloud File Setup for Job Photos,Business Starter Packs,3,"Sequence work into foundation, security, continuity, and growth steps."
cloud_file_setup_for_job_photos,Cloud File Setup for Job Photos,Business Starter Packs,4,"Deliver bundled findings, setup notes, and roadmap."
cloud_file_setup_for_job_photos,Cloud File Setup for Job Photos,Business Starter Packs,5,Recommend recurring care or project follow-up if appropriate.
cloud_file_setup_for_job_photos,Cloud File Setup for Job Photos,Business Starter Packs,6,Complete internal QA checklist.
cloud_file_setup_for_job_photos,Cloud File Setup for Job Photos,Business Starter Packs,7,"Send closeout summary with recommended next product, bundle, or monthly plan."
mobile_device_security_setup,Mobile Device Security Setup,Business Starter Packs,1,Confirm bundle goal and business context.
mobile_device_security_setup,Mobile Device Security Setup,Business Starter Packs,2,Combine relevant component checklists.
mobile_device_security_setup,Mobile Device Security Setup,Business Starter Packs,3,"Sequence work into foundation, security, continuity, and growth steps."
mobile_device_security_setup,Mobile Device Security Setup,Business Starter Packs,4,"Deliver bundled findings, setup notes, and roadmap."
mobile_device_security_setup,Mobile Device Security Setup,Business Starter Packs,5,Recommend recurring care or project follow-up if appropriate.
mobile_device_security_setup,Mobile Device Security Setup,Business Starter Packs,6,Complete internal QA checklist.
mobile_device_security_setup,Mobile Device Security Setup,Business Starter Packs,7,"Send closeout summary with recommended next product, bundle, or monthly plan."
blueberry_business_starter,Blueberry Business Starter,Business Starter Packs,1,Confirm bundle goal and business context.
blueberry_business_starter,Blueberry Business Starter,Business Starter Packs,2,Combine relevant component checklists.
blueberry_business_starter,Blueberry Business Starter,Business Starter Packs,3,"Sequence work into foundation, security, continuity, and growth steps."
blueberry_business_starter,Blueberry Business Starter,Business Starter Packs,4,"Deliver bundled findings, setup notes, and roadmap."
blueberry_business_starter,Blueberry Business Starter,Business Starter Packs,5,Recommend recurring care or project follow-up if appropriate.
blueberry_business_starter,Blueberry Business Starter,Business Starter Packs,6,Complete internal QA checklist.
blueberry_business_starter,Blueberry Business Starter,Business Starter Packs,7,"Send closeout summary with recommended next product, bundle, or monthly plan."
pine_tree_protection_pack,Pine Tree Protection Pack,Business Starter Packs,1,Confirm bundle goal and business context.
pine_tree_protection_pack,Pine Tree Protection Pack,Business Starter Packs,2,Combine relevant component checklists.
pine_tree_protection_pack,Pine Tree Protection Pack,Business Starter Packs,3,"Sequence work into foundation, security, continuity, and growth steps."
pine_tree_protection_pack,Pine Tree Protection Pack,Business Starter Packs,4,"Deliver bundled findings, setup notes, and roadmap."
pine_tree_protection_pack,Pine Tree Protection Pack,Business Starter Packs,5,Recommend recurring care or project follow-up if appropriate.
pine_tree_protection_pack,Pine Tree Protection Pack,Business Starter Packs,6,Complete internal QA checklist.
pine_tree_protection_pack,Pine Tree Protection Pack,Business Starter Packs,7,"Send closeout summary with recommended next product, bundle, or monthly plan."
harbor_wi_fi_bundle,Harbor Wi-Fi Bundle,Business Starter Packs,1,Confirm bundle goal and business context.
harbor_wi_fi_bundle,Harbor Wi-Fi Bundle,Business Starter Packs,2,Combine relevant component checklists.
harbor_wi_fi_bundle,Harbor Wi-Fi Bundle,Business Starter Packs,3,"Sequence work into foundation, security, continuity, and growth steps."
harbor_wi_fi_bundle,Harbor Wi-Fi Bundle,Business Starter Packs,4,"Deliver bundled findings, setup notes, and roadmap."
harbor_wi_fi_bundle,Harbor Wi-Fi Bundle,Business Starter Packs,5,Recommend recurring care or project follow-up if appropriate.
harbor_wi_fi_bundle,Harbor Wi-Fi Bundle,Business Starter Packs,6,Complete internal QA checklist.
harbor_wi_fi_bundle,Harbor Wi-Fi Bundle,Business Starter Packs,7,"Send closeout summary with recommended next product, bundle, or monthly plan."
anchor_backup_plan,Anchor Backup Plan,Business Starter Packs,1,Confirm bundle goal and business context.
anchor_backup_plan,Anchor Backup Plan,Business Starter Packs,2,Combine relevant component checklists.
anchor_backup_plan,Anchor Backup Plan,Business Starter Packs,3,"Sequence work into foundation, security, continuity, and growth steps."
anchor_backup_plan,Anchor Backup Plan,Business Starter Packs,4,"Deliver bundled findings, setup notes, and roadmap."
anchor_backup_plan,Anchor Backup Plan,Business Starter Packs,5,Recommend recurring care or project follow-up if appropriate.
anchor_backup_plan,Anchor Backup Plan,Business Starter Packs,6,Complete internal QA checklist.
anchor_backup_plan,Anchor Backup Plan,Business Starter Packs,7,"Send closeout summary with recommended next product, bundle, or monthly plan."
north_star_cyber_plan,North Star Cyber Plan,Business Starter Packs,1,Confirm bundle goal and business context.
north_star_cyber_plan,North Star Cyber Plan,Business Starter Packs,2,Combine relevant component checklists.
north_star_cyber_plan,North Star Cyber Plan,Business Starter Packs,3,"Sequence work into foundation, security, continuity, and growth steps."
north_star_cyber_plan,North Star Cyber Plan,Business Starter Packs,4,"Deliver bundled findings, setup notes, and roadmap."
north_star_cyber_plan,North Star Cyber Plan,Business Starter Packs,5,Recommend recurring care or project follow-up if appropriate.
north_star_cyber_plan,North Star Cyber Plan,Business Starter Packs,6,Complete internal QA checklist.
north_star_cyber_plan,North Star Cyber Plan,Business Starter Packs,7,"Send closeout summary with recommended next product, bundle, or monthly plan."
