productId,productName,category,fieldId,label,type,required,options,help
password_security_checkup,Password Security Checkup,Quick Fixes,business_name,Business name,text,True,,Legal or public-facing business name.
password_security_checkup,Password Security Checkup,Quick Fixes,contact_name,Primary contact name,text,True,,Main person Maine Cyber Tech should coordinate with.
password_security_checkup,Password Security Checkup,Quick Fixes,contact_email,Primary contact email,email,True,,"Used for scheduling, service updates, and deliverables."
password_security_checkup,Password Security Checkup,Quick Fixes,contact_phone,Best phone number,tel,False,,"Useful for urgent, onsite, or access-sensitive work."
password_security_checkup,Password Security Checkup,Quick Fixes,business_address,Business address or service location,textarea,False,,"Required for onsite, Wi-Fi, network, camera, hardware, or location-specific services."
password_security_checkup,Password Security Checkup,Quick Fixes,urgency,How urgent is this request?,select,True,Not urgent;This week;ASAP;Emergency,Emergency work may require separate emergency support terms.
password_security_checkup,Password Security Checkup,Quick Fixes,users_count,Approximate number of users,number,False,,Estimate is acceptable.
password_security_checkup,Password Security Checkup,Quick Fixes,devices_count,Approximate number of devices,number,False,,"Include computers, phones, tablets, printers, network gear, and cameras if relevant."
password_security_checkup,Password Security Checkup,Quick Fixes,current_provider,"Current provider/platform, if known",text,False,,"Examples: Microsoft 365, Google Workspace, Cloudflare, GoDaddy, UniFi, Comcast, Spectrum, WordPress."
password_security_checkup,Password Security Checkup,Quick Fixes,admin_access_available,Do you have authorized admin access?,select,True,Yes;No;Not sure,Do not paste credentials into this form. Maine Cyber Tech will coordinate safe access separately.
password_security_checkup,Password Security Checkup,Quick Fixes,primary_goal,What are you trying to accomplish?,textarea,True,,"Describe the business goal, pain point, risk, outage, or improvement you want."
password_security_checkup,Password Security Checkup,Quick Fixes,preferred_session_type,Preferred session type,select,False,Remote;Onsite;Either,
password_security_checkup,Password Security Checkup,Quick Fixes,known_accounts_or_systems,Known accounts/systems involved,textarea,False,,
mfa_setup_session,MFA Setup Session,Quick Fixes,business_name,Business name,text,True,,Legal or public-facing business name.
mfa_setup_session,MFA Setup Session,Quick Fixes,contact_name,Primary contact name,text,True,,Main person Maine Cyber Tech should coordinate with.
mfa_setup_session,MFA Setup Session,Quick Fixes,contact_email,Primary contact email,email,True,,"Used for scheduling, service updates, and deliverables."
mfa_setup_session,MFA Setup Session,Quick Fixes,contact_phone,Best phone number,tel,False,,"Useful for urgent, onsite, or access-sensitive work."
mfa_setup_session,MFA Setup Session,Quick Fixes,business_address,Business address or service location,textarea,False,,"Required for onsite, Wi-Fi, network, camera, hardware, or location-specific services."
mfa_setup_session,MFA Setup Session,Quick Fixes,urgency,How urgent is this request?,select,True,Not urgent;This week;ASAP;Emergency,Emergency work may require separate emergency support terms.
mfa_setup_session,MFA Setup Session,Quick Fixes,users_count,Approximate number of users,number,False,,Estimate is acceptable.
mfa_setup_session,MFA Setup Session,Quick Fixes,devices_count,Approximate number of devices,number,False,,"Include computers, phones, tablets, printers, network gear, and cameras if relevant."
mfa_setup_session,MFA Setup Session,Quick Fixes,current_provider,"Current provider/platform, if known",text,False,,"Examples: Microsoft 365, Google Workspace, Cloudflare, GoDaddy, UniFi, Comcast, Spectrum, WordPress."
mfa_setup_session,MFA Setup Session,Quick Fixes,admin_access_available,Do you have authorized admin access?,select,True,Yes;No;Not sure,Do not paste credentials into this form. Maine Cyber Tech will coordinate safe access separately.
mfa_setup_session,MFA Setup Session,Quick Fixes,primary_goal,What are you trying to accomplish?,textarea,True,,"Describe the business goal, pain point, risk, outage, or improvement you want."
mfa_setup_session,MFA Setup Session,Quick Fixes,preferred_session_type,Preferred session type,select,False,Remote;Onsite;Either,
mfa_setup_session,MFA Setup Session,Quick Fixes,known_accounts_or_systems,Known accounts/systems involved,textarea,False,,
phishing_readiness_mini_audit,Phishing Readiness Mini Audit,Quick Fixes,business_name,Business name,text,True,,Legal or public-facing business name.
phishing_readiness_mini_audit,Phishing Readiness Mini Audit,Quick Fixes,contact_name,Primary contact name,text,True,,Main person Maine Cyber Tech should coordinate with.
phishing_readiness_mini_audit,Phishing Readiness Mini Audit,Quick Fixes,contact_email,Primary contact email,email,True,,"Used for scheduling, service updates, and deliverables."
phishing_readiness_mini_audit,Phishing Readiness Mini Audit,Quick Fixes,contact_phone,Best phone number,tel,False,,"Useful for urgent, onsite, or access-sensitive work."
phishing_readiness_mini_audit,Phishing Readiness Mini Audit,Quick Fixes,business_address,Business address or service location,textarea,False,,"Required for onsite, Wi-Fi, network, camera, hardware, or location-specific services."
phishing_readiness_mini_audit,Phishing Readiness Mini Audit,Quick Fixes,urgency,How urgent is this request?,select,True,Not urgent;This week;ASAP;Emergency,Emergency work may require separate emergency support terms.
phishing_readiness_mini_audit,Phishing Readiness Mini Audit,Quick Fixes,users_count,Approximate number of users,number,False,,Estimate is acceptable.
phishing_readiness_mini_audit,Phishing Readiness Mini Audit,Quick Fixes,devices_count,Approximate number of devices,number,False,,"Include computers, phones, tablets, printers, network gear, and cameras if relevant."
phishing_readiness_mini_audit,Phishing Readiness Mini Audit,Quick Fixes,current_provider,"Current provider/platform, if known",text,False,,"Examples: Microsoft 365, Google Workspace, Cloudflare, GoDaddy, UniFi, Comcast, Spectrum, WordPress."
phishing_readiness_mini_audit,Phishing Readiness Mini Audit,Quick Fixes,admin_access_available,Do you have authorized admin access?,select,True,Yes;No;Not sure,Do not paste credentials into this form. Maine Cyber Tech will coordinate safe access separately.
phishing_readiness_mini_audit,Phishing Readiness Mini Audit,Quick Fixes,primary_goal,What are you trying to accomplish?,textarea,True,,"Describe the business goal, pain point, risk, outage, or improvement you want."
phishing_readiness_mini_audit,Phishing Readiness Mini Audit,Quick Fixes,preferred_session_type,Preferred session type,select,False,Remote;Onsite;Either,
phishing_readiness_mini_audit,Phishing Readiness Mini Audit,Quick Fixes,known_accounts_or_systems,Known accounts/systems involved,textarea,False,,
security_score_snapshot,Security Score Snapshot,Quick Fixes,business_name,Business name,text,True,,Legal or public-facing business name.
security_score_snapshot,Security Score Snapshot,Quick Fixes,contact_name,Primary contact name,text,True,,Main person Maine Cyber Tech should coordinate with.
security_score_snapshot,Security Score Snapshot,Quick Fixes,contact_email,Primary contact email,email,True,,"Used for scheduling, service updates, and deliverables."
security_score_snapshot,Security Score Snapshot,Quick Fixes,contact_phone,Best phone number,tel,False,,"Useful for urgent, onsite, or access-sensitive work."
security_score_snapshot,Security Score Snapshot,Quick Fixes,business_address,Business address or service location,textarea,False,,"Required for onsite, Wi-Fi, network, camera, hardware, or location-specific services."
security_score_snapshot,Security Score Snapshot,Quick Fixes,urgency,How urgent is this request?,select,True,Not urgent;This week;ASAP;Emergency,Emergency work may require separate emergency support terms.
security_score_snapshot,Security Score Snapshot,Quick Fixes,users_count,Approximate number of users,number,False,,Estimate is acceptable.
security_score_snapshot,Security Score Snapshot,Quick Fixes,devices_count,Approximate number of devices,number,False,,"Include computers, phones, tablets, printers, network gear, and cameras if relevant."
security_score_snapshot,Security Score Snapshot,Quick Fixes,current_provider,"Current provider/platform, if known",text,False,,"Examples: Microsoft 365, Google Workspace, Cloudflare, GoDaddy, UniFi, Comcast, Spectrum, WordPress."
security_score_snapshot,Security Score Snapshot,Quick Fixes,admin_access_available,Do you have authorized admin access?,select,True,Yes;No;Not sure,Do not paste credentials into this form. Maine Cyber Tech will coordinate safe access separately.
security_score_snapshot,Security Score Snapshot,Quick Fixes,primary_goal,What are you trying to accomplish?,textarea,True,,"Describe the business goal, pain point, risk, outage, or improvement you want."
security_score_snapshot,Security Score Snapshot,Quick Fixes,preferred_session_type,Preferred session type,select,False,Remote;Onsite;Either,
security_score_snapshot,Security Score Snapshot,Quick Fixes,known_accounts_or_systems,Known accounts/systems involved,textarea,False,,
admin_account_cleanup,Admin Account Cleanup,Quick Fixes,business_name,Business name,text,True,,Legal or public-facing business name.
admin_account_cleanup,Admin Account Cleanup,Quick Fixes,contact_name,Primary contact name,text,True,,Main person Maine Cyber Tech should coordinate with.
admin_account_cleanup,Admin Account Cleanup,Quick Fixes,contact_email,Primary contact email,email,True,,"Used for scheduling, service updates, and deliverables."
admin_account_cleanup,Admin Account Cleanup,Quick Fixes,contact_phone,Best phone number,tel,False,,"Useful for urgent, onsite, or access-sensitive work."
admin_account_cleanup,Admin Account Cleanup,Quick Fixes,business_address,Business address or service location,textarea,False,,"Required for onsite, Wi-Fi, network, camera, hardware, or location-specific services."
admin_account_cleanup,Admin Account Cleanup,Quick Fixes,urgency,How urgent is this request?,select,True,Not urgent;This week;ASAP;Emergency,Emergency work may require separate emergency support terms.
admin_account_cleanup,Admin Account Cleanup,Quick Fixes,users_count,Approximate number of users,number,False,,Estimate is acceptable.
admin_account_cleanup,Admin Account Cleanup,Quick Fixes,devices_count,Approximate number of devices,number,False,,"Include computers, phones, tablets, printers, network gear, and cameras if relevant."
admin_account_cleanup,Admin Account Cleanup,Quick Fixes,current_provider,"Current provider/platform, if known",text,False,,"Examples: Microsoft 365, Google Workspace, Cloudflare, GoDaddy, UniFi, Comcast, Spectrum, WordPress."
admin_account_cleanup,Admin Account Cleanup,Quick Fixes,admin_access_available,Do you have authorized admin access?,select,True,Yes;No;Not sure,Do not paste credentials into this form. Maine Cyber Tech will coordinate safe access separately.
admin_account_cleanup,Admin Account Cleanup,Quick Fixes,primary_goal,What are you trying to accomplish?,textarea,True,,"Describe the business goal, pain point, risk, outage, or improvement you want."
admin_account_cleanup,Admin Account Cleanup,Quick Fixes,preferred_session_type,Preferred session type,select,False,Remote;Onsite;Either,
admin_account_cleanup,Admin Account Cleanup,Quick Fixes,known_accounts_or_systems,Known accounts/systems involved,textarea,False,,
business_email_safety_check,Business Email Safety Check,Quick Fixes,business_name,Business name,text,True,,Legal or public-facing business name.
business_email_safety_check,Business Email Safety Check,Quick Fixes,contact_name,Primary contact name,text,True,,Main person Maine Cyber Tech should coordinate with.
business_email_safety_check,Business Email Safety Check,Quick Fixes,contact_email,Primary contact email,email,True,,"Used for scheduling, service updates, and deliverables."
business_email_safety_check,Business Email Safety Check,Quick Fixes,contact_phone,Best phone number,tel,False,,"Useful for urgent, onsite, or access-sensitive work."
business_email_safety_check,Business Email Safety Check,Quick Fixes,business_address,Business address or service location,textarea,False,,"Required for onsite, Wi-Fi, network, camera, hardware, or location-specific services."
business_email_safety_check,Business Email Safety Check,Quick Fixes,urgency,How urgent is this request?,select,True,Not urgent;This week;ASAP;Emergency,Emergency work may require separate emergency support terms.
business_email_safety_check,Business Email Safety Check,Quick Fixes,users_count,Approximate number of users,number,False,,Estimate is acceptable.
business_email_safety_check,Business Email Safety Check,Quick Fixes,devices_count,Approximate number of devices,number,False,,"Include computers, phones, tablets, printers, network gear, and cameras if relevant."
business_email_safety_check,Business Email Safety Check,Quick Fixes,current_provider,"Current provider/platform, if known",text,False,,"Examples: Microsoft 365, Google Workspace, Cloudflare, GoDaddy, UniFi, Comcast, Spectrum, WordPress."
business_email_safety_check,Business Email Safety Check,Quick Fixes,admin_access_available,Do you have authorized admin access?,select,True,Yes;No;Not sure,Do not paste credentials into this form. Maine Cyber Tech will coordinate safe access separately.
business_email_safety_check,Business Email Safety Check,Quick Fixes,primary_goal,What are you trying to accomplish?,textarea,True,,"Describe the business goal, pain point, risk, outage, or improvement you want."
business_email_safety_check,Business Email Safety Check,Quick Fixes,preferred_session_type,Preferred session type,select,False,Remote;Onsite;Either,
business_email_safety_check,Business Email Safety Check,Quick Fixes,known_accounts_or_systems,Known accounts/systems involved,textarea,False,,
remote_work_safety_check,Remote Work Safety Check,Quick Fixes,business_name,Business name,text,True,,Legal or public-facing business name.
remote_work_safety_check,Remote Work Safety Check,Quick Fixes,contact_name,Primary contact name,text,True,,Main person Maine Cyber Tech should coordinate with.
remote_work_safety_check,Remote Work Safety Check,Quick Fixes,contact_email,Primary contact email,email,True,,"Used for scheduling, service updates, and deliverables."
remote_work_safety_check,Remote Work Safety Check,Quick Fixes,contact_phone,Best phone number,tel,False,,"Useful for urgent, onsite, or access-sensitive work."
remote_work_safety_check,Remote Work Safety Check,Quick Fixes,business_address,Business address or service location,textarea,False,,"Required for onsite, Wi-Fi, network, camera, hardware, or location-specific services."
remote_work_safety_check,Remote Work Safety Check,Quick Fixes,urgency,How urgent is this request?,select,True,Not urgent;This week;ASAP;Emergency,Emergency work may require separate emergency support terms.
remote_work_safety_check,Remote Work Safety Check,Quick Fixes,users_count,Approximate number of users,number,False,,Estimate is acceptable.
remote_work_safety_check,Remote Work Safety Check,Quick Fixes,devices_count,Approximate number of devices,number,False,,"Include computers, phones, tablets, printers, network gear, and cameras if relevant."
remote_work_safety_check,Remote Work Safety Check,Quick Fixes,current_provider,"Current provider/platform, if known",text,False,,"Examples: Microsoft 365, Google Workspace, Cloudflare, GoDaddy, UniFi, Comcast, Spectrum, WordPress."
remote_work_safety_check,Remote Work Safety Check,Quick Fixes,admin_access_available,Do you have authorized admin access?,select,True,Yes;No;Not sure,Do not paste credentials into this form. Maine Cyber Tech will coordinate safe access separately.
remote_work_safety_check,Remote Work Safety Check,Quick Fixes,primary_goal,What are you trying to accomplish?,textarea,True,,"Describe the business goal, pain point, risk, outage, or improvement you want."
remote_work_safety_check,Remote Work Safety Check,Quick Fixes,preferred_session_type,Preferred session type,select,False,Remote;Onsite;Either,
remote_work_safety_check,Remote Work Safety Check,Quick Fixes,known_accounts_or_systems,Known accounts/systems involved,textarea,False,,
basic_incident_readiness_checklist,Basic Incident Readiness Checklist,Quick Fixes,business_name,Business name,text,True,,Legal or public-facing business name.
basic_incident_readiness_checklist,Basic Incident Readiness Checklist,Quick Fixes,contact_name,Primary contact name,text,True,,Main person Maine Cyber Tech should coordinate with.
basic_incident_readiness_checklist,Basic Incident Readiness Checklist,Quick Fixes,contact_email,Primary contact email,email,True,,"Used for scheduling, service updates, and deliverables."
basic_incident_readiness_checklist,Basic Incident Readiness Checklist,Quick Fixes,contact_phone,Best phone number,tel,False,,"Useful for urgent, onsite, or access-sensitive work."
basic_incident_readiness_checklist,Basic Incident Readiness Checklist,Quick Fixes,business_address,Business address or service location,textarea,False,,"Required for onsite, Wi-Fi, network, camera, hardware, or location-specific services."
basic_incident_readiness_checklist,Basic Incident Readiness Checklist,Quick Fixes,urgency,How urgent is this request?,select,True,Not urgent;This week;ASAP;Emergency,Emergency work may require separate emergency support terms.
basic_incident_readiness_checklist,Basic Incident Readiness Checklist,Quick Fixes,users_count,Approximate number of users,number,False,,Estimate is acceptable.
basic_incident_readiness_checklist,Basic Incident Readiness Checklist,Quick Fixes,devices_count,Approximate number of devices,number,False,,"Include computers, phones, tablets, printers, network gear, and cameras if relevant."
basic_incident_readiness_checklist,Basic Incident Readiness Checklist,Quick Fixes,current_provider,"Current provider/platform, if known",text,False,,"Examples: Microsoft 365, Google Workspace, Cloudflare, GoDaddy, UniFi, Comcast, Spectrum, WordPress."
basic_incident_readiness_checklist,Basic Incident Readiness Checklist,Quick Fixes,admin_access_available,Do you have authorized admin access?,select,True,Yes;No;Not sure,Do not paste credentials into this form. Maine Cyber Tech will coordinate safe access separately.
basic_incident_readiness_checklist,Basic Incident Readiness Checklist,Quick Fixes,primary_goal,What are you trying to accomplish?,textarea,True,,"Describe the business goal, pain point, risk, outage, or improvement you want."
basic_incident_readiness_checklist,Basic Incident Readiness Checklist,Quick Fixes,preferred_session_type,Preferred session type,select,False,Remote;Onsite;Either,
basic_incident_readiness_checklist,Basic Incident Readiness Checklist,Quick Fixes,known_accounts_or_systems,Known accounts/systems involved,textarea,False,,
website_uptime_monitor_setup,Website Uptime Monitor Setup,Quick Fixes,business_name,Business name,text,True,,Legal or public-facing business name.
website_uptime_monitor_setup,Website Uptime Monitor Setup,Quick Fixes,contact_name,Primary contact name,text,True,,Main person Maine Cyber Tech should coordinate with.
website_uptime_monitor_setup,Website Uptime Monitor Setup,Quick Fixes,contact_email,Primary contact email,email,True,,"Used for scheduling, service updates, and deliverables."
website_uptime_monitor_setup,Website Uptime Monitor Setup,Quick Fixes,contact_phone,Best phone number,tel,False,,"Useful for urgent, onsite, or access-sensitive work."
website_uptime_monitor_setup,Website Uptime Monitor Setup,Quick Fixes,business_address,Business address or service location,textarea,False,,"Required for onsite, Wi-Fi, network, camera, hardware, or location-specific services."
website_uptime_monitor_setup,Website Uptime Monitor Setup,Quick Fixes,urgency,How urgent is this request?,select,True,Not urgent;This week;ASAP;Emergency,Emergency work may require separate emergency support terms.
website_uptime_monitor_setup,Website Uptime Monitor Setup,Quick Fixes,users_count,Approximate number of users,number,False,,Estimate is acceptable.
website_uptime_monitor_setup,Website Uptime Monitor Setup,Quick Fixes,devices_count,Approximate number of devices,number,False,,"Include computers, phones, tablets, printers, network gear, and cameras if relevant."
website_uptime_monitor_setup,Website Uptime Monitor Setup,Quick Fixes,current_provider,"Current provider/platform, if known",text,False,,"Examples: Microsoft 365, Google Workspace, Cloudflare, GoDaddy, UniFi, Comcast, Spectrum, WordPress."
website_uptime_monitor_setup,Website Uptime Monitor Setup,Quick Fixes,admin_access_available,Do you have authorized admin access?,select,True,Yes;No;Not sure,Do not paste credentials into this form. Maine Cyber Tech will coordinate safe access separately.
website_uptime_monitor_setup,Website Uptime Monitor Setup,Quick Fixes,primary_goal,What are you trying to accomplish?,textarea,True,,"Describe the business goal, pain point, risk, outage, or improvement you want."
website_uptime_monitor_setup,Website Uptime Monitor Setup,Quick Fixes,preferred_session_type,Preferred session type,select,False,Remote;Onsite;Either,
website_uptime_monitor_setup,Website Uptime Monitor Setup,Quick Fixes,known_accounts_or_systems,Known accounts/systems involved,textarea,False,,
printer_scanner_setup,Printer / Scanner Setup,Quick Fixes,business_name,Business name,text,True,,Legal or public-facing business name.
printer_scanner_setup,Printer / Scanner Setup,Quick Fixes,contact_name,Primary contact name,text,True,,Main person Maine Cyber Tech should coordinate with.
printer_scanner_setup,Printer / Scanner Setup,Quick Fixes,contact_email,Primary contact email,email,True,,"Used for scheduling, service updates, and deliverables."
printer_scanner_setup,Printer / Scanner Setup,Quick Fixes,contact_phone,Best phone number,tel,False,,"Useful for urgent, onsite, or access-sensitive work."
printer_scanner_setup,Printer / Scanner Setup,Quick Fixes,business_address,Business address or service location,textarea,False,,"Required for onsite, Wi-Fi, network, camera, hardware, or location-specific services."
printer_scanner_setup,Printer / Scanner Setup,Quick Fixes,urgency,How urgent is this request?,select,True,Not urgent;This week;ASAP;Emergency,Emergency work may require separate emergency support terms.
printer_scanner_setup,Printer / Scanner Setup,Quick Fixes,users_count,Approximate number of users,number,False,,Estimate is acceptable.
printer_scanner_setup,Printer / Scanner Setup,Quick Fixes,devices_count,Approximate number of devices,number,False,,"Include computers, phones, tablets, printers, network gear, and cameras if relevant."
printer_scanner_setup,Printer / Scanner Setup,Quick Fixes,current_provider,"Current provider/platform, if known",text,False,,"Examples: Microsoft 365, Google Workspace, Cloudflare, GoDaddy, UniFi, Comcast, Spectrum, WordPress."
printer_scanner_setup,Printer / Scanner Setup,Quick Fixes,admin_access_available,Do you have authorized admin access?,select,True,Yes;No;Not sure,Do not paste credentials into this form. Maine Cyber Tech will coordinate safe access separately.
printer_scanner_setup,Printer / Scanner Setup,Quick Fixes,primary_goal,What are you trying to accomplish?,textarea,True,,"Describe the business goal, pain point, risk, outage, or improvement you want."
printer_scanner_setup,Printer / Scanner Setup,Quick Fixes,preferred_session_type,Preferred session type,select,False,Remote;Onsite;Either,
printer_scanner_setup,Printer / Scanner Setup,Quick Fixes,known_accounts_or_systems,Known accounts/systems involved,textarea,False,,
pc_tune_up_cleanup,PC Tune-Up / Cleanup,Quick Fixes,business_name,Business name,text,True,,Legal or public-facing business name.
pc_tune_up_cleanup,PC Tune-Up / Cleanup,Quick Fixes,contact_name,Primary contact name,text,True,,Main person Maine Cyber Tech should coordinate with.
pc_tune_up_cleanup,PC Tune-Up / Cleanup,Quick Fixes,contact_email,Primary contact email,email,True,,"Used for scheduling, service updates, and deliverables."
pc_tune_up_cleanup,PC Tune-Up / Cleanup,Quick Fixes,contact_phone,Best phone number,tel,False,,"Useful for urgent, onsite, or access-sensitive work."
pc_tune_up_cleanup,PC Tune-Up / Cleanup,Quick Fixes,business_address,Business address or service location,textarea,False,,"Required for onsite, Wi-Fi, network, camera, hardware, or location-specific services."
pc_tune_up_cleanup,PC Tune-Up / Cleanup,Quick Fixes,urgency,How urgent is this request?,select,True,Not urgent;This week;ASAP;Emergency,Emergency work may require separate emergency support terms.
pc_tune_up_cleanup,PC Tune-Up / Cleanup,Quick Fixes,users_count,Approximate number of users,number,False,,Estimate is acceptable.
pc_tune_up_cleanup,PC Tune-Up / Cleanup,Quick Fixes,devices_count,Approximate number of devices,number,False,,"Include computers, phones, tablets, printers, network gear, and cameras if relevant."
pc_tune_up_cleanup,PC Tune-Up / Cleanup,Quick Fixes,current_provider,"Current provider/platform, if known",text,False,,"Examples: Microsoft 365, Google Workspace, Cloudflare, GoDaddy, UniFi, Comcast, Spectrum, WordPress."
pc_tune_up_cleanup,PC Tune-Up / Cleanup,Quick Fixes,admin_access_available,Do you have authorized admin access?,select,True,Yes;No;Not sure,Do not paste credentials into this form. Maine Cyber Tech will coordinate safe access separately.
pc_tune_up_cleanup,PC Tune-Up / Cleanup,Quick Fixes,primary_goal,What are you trying to accomplish?,textarea,True,,"Describe the business goal, pain point, risk, outage, or improvement you want."
pc_tune_up_cleanup,PC Tune-Up / Cleanup,Quick Fixes,preferred_session_type,Preferred session type,select,False,Remote;Onsite;Either,
pc_tune_up_cleanup,PC Tune-Up / Cleanup,Quick Fixes,known_accounts_or_systems,Known accounts/systems involved,textarea,False,,
computer_replacement_readiness_review,Computer Replacement Readiness Review,Quick Fixes,business_name,Business name,text,True,,Legal or public-facing business name.
computer_replacement_readiness_review,Computer Replacement Readiness Review,Quick Fixes,contact_name,Primary contact name,text,True,,Main person Maine Cyber Tech should coordinate with.
computer_replacement_readiness_review,Computer Replacement Readiness Review,Quick Fixes,contact_email,Primary contact email,email,True,,"Used for scheduling, service updates, and deliverables."
computer_replacement_readiness_review,Computer Replacement Readiness Review,Quick Fixes,contact_phone,Best phone number,tel,False,,"Useful for urgent, onsite, or access-sensitive work."
computer_replacement_readiness_review,Computer Replacement Readiness Review,Quick Fixes,business_address,Business address or service location,textarea,False,,"Required for onsite, Wi-Fi, network, camera, hardware, or location-specific services."
computer_replacement_readiness_review,Computer Replacement Readiness Review,Quick Fixes,urgency,How urgent is this request?,select,True,Not urgent;This week;ASAP;Emergency,Emergency work may require separate emergency support terms.
computer_replacement_readiness_review,Computer Replacement Readiness Review,Quick Fixes,users_count,Approximate number of users,number,False,,Estimate is acceptable.
computer_replacement_readiness_review,Computer Replacement Readiness Review,Quick Fixes,devices_count,Approximate number of devices,number,False,,"Include computers, phones, tablets, printers, network gear, and cameras if relevant."
computer_replacement_readiness_review,Computer Replacement Readiness Review,Quick Fixes,current_provider,"Current provider/platform, if known",text,False,,"Examples: Microsoft 365, Google Workspace, Cloudflare, GoDaddy, UniFi, Comcast, Spectrum, WordPress."
computer_replacement_readiness_review,Computer Replacement Readiness Review,Quick Fixes,admin_access_available,Do you have authorized admin access?,select,True,Yes;No;Not sure,Do not paste credentials into this form. Maine Cyber Tech will coordinate safe access separately.
computer_replacement_readiness_review,Computer Replacement Readiness Review,Quick Fixes,primary_goal,What are you trying to accomplish?,textarea,True,,"Describe the business goal, pain point, risk, outage, or improvement you want."
computer_replacement_readiness_review,Computer Replacement Readiness Review,Quick Fixes,preferred_session_type,Preferred session type,select,False,Remote;Onsite;Either,
computer_replacement_readiness_review,Computer Replacement Readiness Review,Quick Fixes,known_accounts_or_systems,Known accounts/systems involved,textarea,False,,
cyber_risk_snapshot,Cyber Risk Snapshot,Cybersecurity,business_name,Business name,text,True,,Legal or public-facing business name.
cyber_risk_snapshot,Cyber Risk Snapshot,Cybersecurity,contact_name,Primary contact name,text,True,,Main person Maine Cyber Tech should coordinate with.
cyber_risk_snapshot,Cyber Risk Snapshot,Cybersecurity,contact_email,Primary contact email,email,True,,"Used for scheduling, service updates, and deliverables."
cyber_risk_snapshot,Cyber Risk Snapshot,Cybersecurity,contact_phone,Best phone number,tel,False,,"Useful for urgent, onsite, or access-sensitive work."
cyber_risk_snapshot,Cyber Risk Snapshot,Cybersecurity,business_address,Business address or service location,textarea,False,,"Required for onsite, Wi-Fi, network, camera, hardware, or location-specific services."
cyber_risk_snapshot,Cyber Risk Snapshot,Cybersecurity,urgency,How urgent is this request?,select,True,Not urgent;This week;ASAP;Emergency,Emergency work may require separate emergency support terms.
cyber_risk_snapshot,Cyber Risk Snapshot,Cybersecurity,users_count,Approximate number of users,number,False,,Estimate is acceptable.
cyber_risk_snapshot,Cyber Risk Snapshot,Cybersecurity,devices_count,Approximate number of devices,number,False,,"Include computers, phones, tablets, printers, network gear, and cameras if relevant."
cyber_risk_snapshot,Cyber Risk Snapshot,Cybersecurity,current_provider,"Current provider/platform, if known",text,False,,"Examples: Microsoft 365, Google Workspace, Cloudflare, GoDaddy, UniFi, Comcast, Spectrum, WordPress."
cyber_risk_snapshot,Cyber Risk Snapshot,Cybersecurity,admin_access_available,Do you have authorized admin access?,select,True,Yes;No;Not sure,Do not paste credentials into this form. Maine Cyber Tech will coordinate safe access separately.
cyber_risk_snapshot,Cyber Risk Snapshot,Cybersecurity,primary_goal,What are you trying to accomplish?,textarea,True,,"Describe the business goal, pain point, risk, outage, or improvement you want."
cyber_risk_snapshot,Cyber Risk Snapshot,Cybersecurity,recent_security_incident,Any recent suspicious activity or incident?,textarea,False,,
cyber_risk_snapshot,Cyber Risk Snapshot,Cybersecurity,security_priority,Primary security concern,select,False,Account takeover;Phishing;Ransomware;Cyber insurance;Compliance;Not sure,
full_cybersecurity_assessment,Full Cybersecurity Assessment,Cybersecurity,business_name,Business name,text,True,,Legal or public-facing business name.
full_cybersecurity_assessment,Full Cybersecurity Assessment,Cybersecurity,contact_name,Primary contact name,text,True,,Main person Maine Cyber Tech should coordinate with.
full_cybersecurity_assessment,Full Cybersecurity Assessment,Cybersecurity,contact_email,Primary contact email,email,True,,"Used for scheduling, service updates, and deliverables."
full_cybersecurity_assessment,Full Cybersecurity Assessment,Cybersecurity,contact_phone,Best phone number,tel,False,,"Useful for urgent, onsite, or access-sensitive work."
full_cybersecurity_assessment,Full Cybersecurity Assessment,Cybersecurity,business_address,Business address or service location,textarea,False,,"Required for onsite, Wi-Fi, network, camera, hardware, or location-specific services."
full_cybersecurity_assessment,Full Cybersecurity Assessment,Cybersecurity,urgency,How urgent is this request?,select,True,Not urgent;This week;ASAP;Emergency,Emergency work may require separate emergency support terms.
full_cybersecurity_assessment,Full Cybersecurity Assessment,Cybersecurity,users_count,Approximate number of users,number,False,,Estimate is acceptable.
full_cybersecurity_assessment,Full Cybersecurity Assessment,Cybersecurity,devices_count,Approximate number of devices,number,False,,"Include computers, phones, tablets, printers, network gear, and cameras if relevant."
full_cybersecurity_assessment,Full Cybersecurity Assessment,Cybersecurity,current_provider,"Current provider/platform, if known",text,False,,"Examples: Microsoft 365, Google Workspace, Cloudflare, GoDaddy, UniFi, Comcast, Spectrum, WordPress."
full_cybersecurity_assessment,Full Cybersecurity Assessment,Cybersecurity,admin_access_available,Do you have authorized admin access?,select,True,Yes;No;Not sure,Do not paste credentials into this form. Maine Cyber Tech will coordinate safe access separately.
full_cybersecurity_assessment,Full Cybersecurity Assessment,Cybersecurity,primary_goal,What are you trying to accomplish?,textarea,True,,"Describe the business goal, pain point, risk, outage, or improvement you want."
full_cybersecurity_assessment,Full Cybersecurity Assessment,Cybersecurity,recent_security_incident,Any recent suspicious activity or incident?,textarea,False,,
full_cybersecurity_assessment,Full Cybersecurity Assessment,Cybersecurity,security_priority,Primary security concern,select,False,Account takeover;Phishing;Ransomware;Cyber insurance;Compliance;Not sure,
m365_security_assessment,M365 Security Assessment,Cybersecurity,business_name,Business name,text,True,,Legal or public-facing business name.
m365_security_assessment,M365 Security Assessment,Cybersecurity,contact_name,Primary contact name,text,True,,Main person Maine Cyber Tech should coordinate with.
m365_security_assessment,M365 Security Assessment,Cybersecurity,contact_email,Primary contact email,email,True,,"Used for scheduling, service updates, and deliverables."
m365_security_assessment,M365 Security Assessment,Cybersecurity,contact_phone,Best phone number,tel,False,,"Useful for urgent, onsite, or access-sensitive work."
m365_security_assessment,M365 Security Assessment,Cybersecurity,business_address,Business address or service location,textarea,False,,"Required for onsite, Wi-Fi, network, camera, hardware, or location-specific services."
m365_security_assessment,M365 Security Assessment,Cybersecurity,urgency,How urgent is this request?,select,True,Not urgent;This week;ASAP;Emergency,Emergency work may require separate emergency support terms.
m365_security_assessment,M365 Security Assessment,Cybersecurity,users_count,Approximate number of users,number,False,,Estimate is acceptable.
m365_security_assessment,M365 Security Assessment,Cybersecurity,devices_count,Approximate number of devices,number,False,,"Include computers, phones, tablets, printers, network gear, and cameras if relevant."
m365_security_assessment,M365 Security Assessment,Cybersecurity,current_provider,"Current provider/platform, if known",text,False,,"Examples: Microsoft 365, Google Workspace, Cloudflare, GoDaddy, UniFi, Comcast, Spectrum, WordPress."
m365_security_assessment,M365 Security Assessment,Cybersecurity,admin_access_available,Do you have authorized admin access?,select,True,Yes;No;Not sure,Do not paste credentials into this form. Maine Cyber Tech will coordinate safe access separately.
m365_security_assessment,M365 Security Assessment,Cybersecurity,primary_goal,What are you trying to accomplish?,textarea,True,,"Describe the business goal, pain point, risk, outage, or improvement you want."
m365_security_assessment,M365 Security Assessment,Cybersecurity,recent_security_incident,Any recent suspicious activity or incident?,textarea,False,,
m365_security_assessment,M365 Security Assessment,Cybersecurity,security_priority,Primary security concern,select,False,Account takeover;Phishing;Ransomware;Cyber insurance;Compliance;Not sure,
small_business_ransomware_readiness_review,Small Business Ransomware Readiness Review,Cybersecurity,business_name,Business name,text,True,,Legal or public-facing business name.
small_business_ransomware_readiness_review,Small Business Ransomware Readiness Review,Cybersecurity,contact_name,Primary contact name,text,True,,Main person Maine Cyber Tech should coordinate with.
small_business_ransomware_readiness_review,Small Business Ransomware Readiness Review,Cybersecurity,contact_email,Primary contact email,email,True,,"Used for scheduling, service updates, and deliverables."
small_business_ransomware_readiness_review,Small Business Ransomware Readiness Review,Cybersecurity,contact_phone,Best phone number,tel,False,,"Useful for urgent, onsite, or access-sensitive work."
small_business_ransomware_readiness_review,Small Business Ransomware Readiness Review,Cybersecurity,business_address,Business address or service location,textarea,False,,"Required for onsite, Wi-Fi, network, camera, hardware, or location-specific services."
small_business_ransomware_readiness_review,Small Business Ransomware Readiness Review,Cybersecurity,urgency,How urgent is this request?,select,True,Not urgent;This week;ASAP;Emergency,Emergency work may require separate emergency support terms.
small_business_ransomware_readiness_review,Small Business Ransomware Readiness Review,Cybersecurity,users_count,Approximate number of users,number,False,,Estimate is acceptable.
small_business_ransomware_readiness_review,Small Business Ransomware Readiness Review,Cybersecurity,devices_count,Approximate number of devices,number,False,,"Include computers, phones, tablets, printers, network gear, and cameras if relevant."
small_business_ransomware_readiness_review,Small Business Ransomware Readiness Review,Cybersecurity,current_provider,"Current provider/platform, if known",text,False,,"Examples: Microsoft 365, Google Workspace, Cloudflare, GoDaddy, UniFi, Comcast, Spectrum, WordPress."
small_business_ransomware_readiness_review,Small Business Ransomware Readiness Review,Cybersecurity,admin_access_available,Do you have authorized admin access?,select,True,Yes;No;Not sure,Do not paste credentials into this form. Maine Cyber Tech will coordinate safe access separately.
small_business_ransomware_readiness_review,Small Business Ransomware Readiness Review,Cybersecurity,primary_goal,What are you trying to accomplish?,textarea,True,,"Describe the business goal, pain point, risk, outage, or improvement you want."
small_business_ransomware_readiness_review,Small Business Ransomware Readiness Review,Cybersecurity,recent_security_incident,Any recent suspicious activity or incident?,textarea,False,,
small_business_ransomware_readiness_review,Small Business Ransomware Readiness Review,Cybersecurity,security_priority,Primary security concern,select,False,Account takeover;Phishing;Ransomware;Cyber insurance;Compliance;Not sure,
nonprofit_cyber_readiness_review,Nonprofit Cyber Readiness Review,Cybersecurity,business_name,Business name,text,True,,Legal or public-facing business name.
nonprofit_cyber_readiness_review,Nonprofit Cyber Readiness Review,Cybersecurity,contact_name,Primary contact name,text,True,,Main person Maine Cyber Tech should coordinate with.
nonprofit_cyber_readiness_review,Nonprofit Cyber Readiness Review,Cybersecurity,contact_email,Primary contact email,email,True,,"Used for scheduling, service updates, and deliverables."
nonprofit_cyber_readiness_review,Nonprofit Cyber Readiness Review,Cybersecurity,contact_phone,Best phone number,tel,False,,"Useful for urgent, onsite, or access-sensitive work."
nonprofit_cyber_readiness_review,Nonprofit Cyber Readiness Review,Cybersecurity,business_address,Business address or service location,textarea,False,,"Required for onsite, Wi-Fi, network, camera, hardware, or location-specific services."
nonprofit_cyber_readiness_review,Nonprofit Cyber Readiness Review,Cybersecurity,urgency,How urgent is this request?,select,True,Not urgent;This week;ASAP;Emergency,Emergency work may require separate emergency support terms.
nonprofit_cyber_readiness_review,Nonprofit Cyber Readiness Review,Cybersecurity,users_count,Approximate number of users,number,False,,Estimate is acceptable.
nonprofit_cyber_readiness_review,Nonprofit Cyber Readiness Review,Cybersecurity,devices_count,Approximate number of devices,number,False,,"Include computers, phones, tablets, printers, network gear, and cameras if relevant."
nonprofit_cyber_readiness_review,Nonprofit Cyber Readiness Review,Cybersecurity,current_provider,"Current provider/platform, if known",text,False,,"Examples: Microsoft 365, Google Workspace, Cloudflare, GoDaddy, UniFi, Comcast, Spectrum, WordPress."
nonprofit_cyber_readiness_review,Nonprofit Cyber Readiness Review,Cybersecurity,admin_access_available,Do you have authorized admin access?,select,True,Yes;No;Not sure,Do not paste credentials into this form. Maine Cyber Tech will coordinate safe access separately.
nonprofit_cyber_readiness_review,Nonprofit Cyber Readiness Review,Cybersecurity,primary_goal,What are you trying to accomplish?,textarea,True,,"Describe the business goal, pain point, risk, outage, or improvement you want."
nonprofit_cyber_readiness_review,Nonprofit Cyber Readiness Review,Cybersecurity,recent_security_incident,Any recent suspicious activity or incident?,textarea,False,,
nonprofit_cyber_readiness_review,Nonprofit Cyber Readiness Review,Cybersecurity,security_priority,Primary security concern,select,False,Account takeover;Phishing;Ransomware;Cyber insurance;Compliance;Not sure,
vendor_access_review,Vendor Access Review,Cybersecurity,business_name,Business name,text,True,,Legal or public-facing business name.
vendor_access_review,Vendor Access Review,Cybersecurity,contact_name,Primary contact name,text,True,,Main person Maine Cyber Tech should coordinate with.
vendor_access_review,Vendor Access Review,Cybersecurity,contact_email,Primary contact email,email,True,,"Used for scheduling, service updates, and deliverables."
vendor_access_review,Vendor Access Review,Cybersecurity,contact_phone,Best phone number,tel,False,,"Useful for urgent, onsite, or access-sensitive work."
vendor_access_review,Vendor Access Review,Cybersecurity,business_address,Business address or service location,textarea,False,,"Required for onsite, Wi-Fi, network, camera, hardware, or location-specific services."
vendor_access_review,Vendor Access Review,Cybersecurity,urgency,How urgent is this request?,select,True,Not urgent;This week;ASAP;Emergency,Emergency work may require separate emergency support terms.
vendor_access_review,Vendor Access Review,Cybersecurity,users_count,Approximate number of users,number,False,,Estimate is acceptable.
vendor_access_review,Vendor Access Review,Cybersecurity,devices_count,Approximate number of devices,number,False,,"Include computers, phones, tablets, printers, network gear, and cameras if relevant."
vendor_access_review,Vendor Access Review,Cybersecurity,current_provider,"Current provider/platform, if known",text,False,,"Examples: Microsoft 365, Google Workspace, Cloudflare, GoDaddy, UniFi, Comcast, Spectrum, WordPress."
vendor_access_review,Vendor Access Review,Cybersecurity,admin_access_available,Do you have authorized admin access?,select,True,Yes;No;Not sure,Do not paste credentials into this form. Maine Cyber Tech will coordinate safe access separately.
vendor_access_review,Vendor Access Review,Cybersecurity,primary_goal,What are you trying to accomplish?,textarea,True,,"Describe the business goal, pain point, risk, outage, or improvement you want."
vendor_access_review,Vendor Access Review,Cybersecurity,recent_security_incident,Any recent suspicious activity or incident?,textarea,False,,
vendor_access_review,Vendor Access Review,Cybersecurity,security_priority,Primary security concern,select,False,Account takeover;Phishing;Ransomware;Cyber insurance;Compliance;Not sure,
admin_privilege_review,Admin Privilege Review,Cybersecurity,business_name,Business name,text,True,,Legal or public-facing business name.
admin_privilege_review,Admin Privilege Review,Cybersecurity,contact_name,Primary contact name,text,True,,Main person Maine Cyber Tech should coordinate with.
admin_privilege_review,Admin Privilege Review,Cybersecurity,contact_email,Primary contact email,email,True,,"Used for scheduling, service updates, and deliverables."
admin_privilege_review,Admin Privilege Review,Cybersecurity,contact_phone,Best phone number,tel,False,,"Useful for urgent, onsite, or access-sensitive work."
admin_privilege_review,Admin Privilege Review,Cybersecurity,business_address,Business address or service location,textarea,False,,"Required for onsite, Wi-Fi, network, camera, hardware, or location-specific services."
admin_privilege_review,Admin Privilege Review,Cybersecurity,urgency,How urgent is this request?,select,True,Not urgent;This week;ASAP;Emergency,Emergency work may require separate emergency support terms.
admin_privilege_review,Admin Privilege Review,Cybersecurity,users_count,Approximate number of users,number,False,,Estimate is acceptable.
admin_privilege_review,Admin Privilege Review,Cybersecurity,devices_count,Approximate number of devices,number,False,,"Include computers, phones, tablets, printers, network gear, and cameras if relevant."
admin_privilege_review,Admin Privilege Review,Cybersecurity,current_provider,"Current provider/platform, if known",text,False,,"Examples: Microsoft 365, Google Workspace, Cloudflare, GoDaddy, UniFi, Comcast, Spectrum, WordPress."
admin_privilege_review,Admin Privilege Review,Cybersecurity,admin_access_available,Do you have authorized admin access?,select,True,Yes;No;Not sure,Do not paste credentials into this form. Maine Cyber Tech will coordinate safe access separately.
admin_privilege_review,Admin Privilege Review,Cybersecurity,primary_goal,What are you trying to accomplish?,textarea,True,,"Describe the business goal, pain point, risk, outage, or improvement you want."
admin_privilege_review,Admin Privilege Review,Cybersecurity,recent_security_incident,Any recent suspicious activity or incident?,textarea,False,,
admin_privilege_review,Admin Privilege Review,Cybersecurity,security_priority,Primary security concern,select,False,Account takeover;Phishing;Ransomware;Cyber insurance;Compliance;Not sure,
mfa_enforcement_project,MFA Enforcement Project,Cybersecurity,business_name,Business name,text,True,,Legal or public-facing business name.
mfa_enforcement_project,MFA Enforcement Project,Cybersecurity,contact_name,Primary contact name,text,True,,Main person Maine Cyber Tech should coordinate with.
mfa_enforcement_project,MFA Enforcement Project,Cybersecurity,contact_email,Primary contact email,email,True,,"Used for scheduling, service updates, and deliverables."
mfa_enforcement_project,MFA Enforcement Project,Cybersecurity,contact_phone,Best phone number,tel,False,,"Useful for urgent, onsite, or access-sensitive work."
mfa_enforcement_project,MFA Enforcement Project,Cybersecurity,business_address,Business address or service location,textarea,False,,"Required for onsite, Wi-Fi, network, camera, hardware, or location-specific services."
mfa_enforcement_project,MFA Enforcement Project,Cybersecurity,urgency,How urgent is this request?,select,True,Not urgent;This week;ASAP;Emergency,Emergency work may require separate emergency support terms.
mfa_enforcement_project,MFA Enforcement Project,Cybersecurity,users_count,Approximate number of users,number,False,,Estimate is acceptable.
mfa_enforcement_project,MFA Enforcement Project,Cybersecurity,devices_count,Approximate number of devices,number,False,,"Include computers, phones, tablets, printers, network gear, and cameras if relevant."
mfa_enforcement_project,MFA Enforcement Project,Cybersecurity,current_provider,"Current provider/platform, if known",text,False,,"Examples: Microsoft 365, Google Workspace, Cloudflare, GoDaddy, UniFi, Comcast, Spectrum, WordPress."
mfa_enforcement_project,MFA Enforcement Project,Cybersecurity,admin_access_available,Do you have authorized admin access?,select,True,Yes;No;Not sure,Do not paste credentials into this form. Maine Cyber Tech will coordinate safe access separately.
mfa_enforcement_project,MFA Enforcement Project,Cybersecurity,primary_goal,What are you trying to accomplish?,textarea,True,,"Describe the business goal, pain point, risk, outage, or improvement you want."
mfa_enforcement_project,MFA Enforcement Project,Cybersecurity,recent_security_incident,Any recent suspicious activity or incident?,textarea,False,,
mfa_enforcement_project,MFA Enforcement Project,Cybersecurity,security_priority,Primary security concern,select,False,Account takeover;Phishing;Ransomware;Cyber insurance;Compliance;Not sure,
password_manager_rollout,Password Manager Rollout,Cybersecurity,business_name,Business name,text,True,,Legal or public-facing business name.
password_manager_rollout,Password Manager Rollout,Cybersecurity,contact_name,Primary contact name,text,True,,Main person Maine Cyber Tech should coordinate with.
password_manager_rollout,Password Manager Rollout,Cybersecurity,contact_email,Primary contact email,email,True,,"Used for scheduling, service updates, and deliverables."
password_manager_rollout,Password Manager Rollout,Cybersecurity,contact_phone,Best phone number,tel,False,,"Useful for urgent, onsite, or access-sensitive work."
password_manager_rollout,Password Manager Rollout,Cybersecurity,business_address,Business address or service location,textarea,False,,"Required for onsite, Wi-Fi, network, camera, hardware, or location-specific services."
password_manager_rollout,Password Manager Rollout,Cybersecurity,urgency,How urgent is this request?,select,True,Not urgent;This week;ASAP;Emergency,Emergency work may require separate emergency support terms.
password_manager_rollout,Password Manager Rollout,Cybersecurity,users_count,Approximate number of users,number,False,,Estimate is acceptable.
password_manager_rollout,Password Manager Rollout,Cybersecurity,devices_count,Approximate number of devices,number,False,,"Include computers, phones, tablets, printers, network gear, and cameras if relevant."
password_manager_rollout,Password Manager Rollout,Cybersecurity,current_provider,"Current provider/platform, if known",text,False,,"Examples: Microsoft 365, Google Workspace, Cloudflare, GoDaddy, UniFi, Comcast, Spectrum, WordPress."
password_manager_rollout,Password Manager Rollout,Cybersecurity,admin_access_available,Do you have authorized admin access?,select,True,Yes;No;Not sure,Do not paste credentials into this form. Maine Cyber Tech will coordinate safe access separately.
password_manager_rollout,Password Manager Rollout,Cybersecurity,primary_goal,What are you trying to accomplish?,textarea,True,,"Describe the business goal, pain point, risk, outage, or improvement you want."
password_manager_rollout,Password Manager Rollout,Cybersecurity,recent_security_incident,Any recent suspicious activity or incident?,textarea,False,,
password_manager_rollout,Password Manager Rollout,Cybersecurity,security_priority,Primary security concern,select,False,Account takeover;Phishing;Ransomware;Cyber insurance;Compliance;Not sure,
email_security_hardening,Email Security Hardening,Cybersecurity,business_name,Business name,text,True,,Legal or public-facing business name.
email_security_hardening,Email Security Hardening,Cybersecurity,contact_name,Primary contact name,text,True,,Main person Maine Cyber Tech should coordinate with.
email_security_hardening,Email Security Hardening,Cybersecurity,contact_email,Primary contact email,email,True,,"Used for scheduling, service updates, and deliverables."
email_security_hardening,Email Security Hardening,Cybersecurity,contact_phone,Best phone number,tel,False,,"Useful for urgent, onsite, or access-sensitive work."
email_security_hardening,Email Security Hardening,Cybersecurity,business_address,Business address or service location,textarea,False,,"Required for onsite, Wi-Fi, network, camera, hardware, or location-specific services."
email_security_hardening,Email Security Hardening,Cybersecurity,urgency,How urgent is this request?,select,True,Not urgent;This week;ASAP;Emergency,Emergency work may require separate emergency support terms.
email_security_hardening,Email Security Hardening,Cybersecurity,users_count,Approximate number of users,number,False,,Estimate is acceptable.
email_security_hardening,Email Security Hardening,Cybersecurity,devices_count,Approximate number of devices,number,False,,"Include computers, phones, tablets, printers, network gear, and cameras if relevant."
email_security_hardening,Email Security Hardening,Cybersecurity,current_provider,"Current provider/platform, if known",text,False,,"Examples: Microsoft 365, Google Workspace, Cloudflare, GoDaddy, UniFi, Comcast, Spectrum, WordPress."
email_security_hardening,Email Security Hardening,Cybersecurity,admin_access_available,Do you have authorized admin access?,select,True,Yes;No;Not sure,Do not paste credentials into this form. Maine Cyber Tech will coordinate safe access separately.
email_security_hardening,Email Security Hardening,Cybersecurity,primary_goal,What are you trying to accomplish?,textarea,True,,"Describe the business goal, pain point, risk, outage, or improvement you want."
email_security_hardening,Email Security Hardening,Cybersecurity,recent_security_incident,Any recent suspicious activity or incident?,textarea,False,,
email_security_hardening,Email Security Hardening,Cybersecurity,security_priority,Primary security concern,select,False,Account takeover;Phishing;Ransomware;Cyber insurance;Compliance;Not sure,
endpoint_protection_rollout,Endpoint Protection Rollout,Cybersecurity,business_name,Business name,text,True,,Legal or public-facing business name.
endpoint_protection_rollout,Endpoint Protection Rollout,Cybersecurity,contact_name,Primary contact name,text,True,,Main person Maine Cyber Tech should coordinate with.
endpoint_protection_rollout,Endpoint Protection Rollout,Cybersecurity,contact_email,Primary contact email,email,True,,"Used for scheduling, service updates, and deliverables."
endpoint_protection_rollout,Endpoint Protection Rollout,Cybersecurity,contact_phone,Best phone number,tel,False,,"Useful for urgent, onsite, or access-sensitive work."
endpoint_protection_rollout,Endpoint Protection Rollout,Cybersecurity,business_address,Business address or service location,textarea,False,,"Required for onsite, Wi-Fi, network, camera, hardware, or location-specific services."
endpoint_protection_rollout,Endpoint Protection Rollout,Cybersecurity,urgency,How urgent is this request?,select,True,Not urgent;This week;ASAP;Emergency,Emergency work may require separate emergency support terms.
endpoint_protection_rollout,Endpoint Protection Rollout,Cybersecurity,users_count,Approximate number of users,number,False,,Estimate is acceptable.
endpoint_protection_rollout,Endpoint Protection Rollout,Cybersecurity,devices_count,Approximate number of devices,number,False,,"Include computers, phones, tablets, printers, network gear, and cameras if relevant."
endpoint_protection_rollout,Endpoint Protection Rollout,Cybersecurity,current_provider,"Current provider/platform, if known",text,False,,"Examples: Microsoft 365, Google Workspace, Cloudflare, GoDaddy, UniFi, Comcast, Spectrum, WordPress."
endpoint_protection_rollout,Endpoint Protection Rollout,Cybersecurity,admin_access_available,Do you have authorized admin access?,select,True,Yes;No;Not sure,Do not paste credentials into this form. Maine Cyber Tech will coordinate safe access separately.
endpoint_protection_rollout,Endpoint Protection Rollout,Cybersecurity,primary_goal,What are you trying to accomplish?,textarea,True,,"Describe the business goal, pain point, risk, outage, or improvement you want."
endpoint_protection_rollout,Endpoint Protection Rollout,Cybersecurity,recent_security_incident,Any recent suspicious activity or incident?,textarea,False,,
endpoint_protection_rollout,Endpoint Protection Rollout,Cybersecurity,security_priority,Primary security concern,select,False,Account takeover;Phishing;Ransomware;Cyber insurance;Compliance;Not sure,
local_admin_removal_project,Local Admin Removal Project,Cybersecurity,business_name,Business name,text,True,,Legal or public-facing business name.
local_admin_removal_project,Local Admin Removal Project,Cybersecurity,contact_name,Primary contact name,text,True,,Main person Maine Cyber Tech should coordinate with.
local_admin_removal_project,Local Admin Removal Project,Cybersecurity,contact_email,Primary contact email,email,True,,"Used for scheduling, service updates, and deliverables."
local_admin_removal_project,Local Admin Removal Project,Cybersecurity,contact_phone,Best phone number,tel,False,,"Useful for urgent, onsite, or access-sensitive work."
local_admin_removal_project,Local Admin Removal Project,Cybersecurity,business_address,Business address or service location,textarea,False,,"Required for onsite, Wi-Fi, network, camera, hardware, or location-specific services."
local_admin_removal_project,Local Admin Removal Project,Cybersecurity,urgency,How urgent is this request?,select,True,Not urgent;This week;ASAP;Emergency,Emergency work may require separate emergency support terms.
local_admin_removal_project,Local Admin Removal Project,Cybersecurity,users_count,Approximate number of users,number,False,,Estimate is acceptable.
local_admin_removal_project,Local Admin Removal Project,Cybersecurity,devices_count,Approximate number of devices,number,False,,"Include computers, phones, tablets, printers, network gear, and cameras if relevant."
local_admin_removal_project,Local Admin Removal Project,Cybersecurity,current_provider,"Current provider/platform, if known",text,False,,"Examples: Microsoft 365, Google Workspace, Cloudflare, GoDaddy, UniFi, Comcast, Spectrum, WordPress."
local_admin_removal_project,Local Admin Removal Project,Cybersecurity,admin_access_available,Do you have authorized admin access?,select,True,Yes;No;Not sure,Do not paste credentials into this form. Maine Cyber Tech will coordinate safe access separately.
local_admin_removal_project,Local Admin Removal Project,Cybersecurity,primary_goal,What are you trying to accomplish?,textarea,True,,"Describe the business goal, pain point, risk, outage, or improvement you want."
local_admin_removal_project,Local Admin Removal Project,Cybersecurity,recent_security_incident,Any recent suspicious activity or incident?,textarea,False,,
local_admin_removal_project,Local Admin Removal Project,Cybersecurity,security_priority,Primary security concern,select,False,Account takeover;Phishing;Ransomware;Cyber insurance;Compliance;Not sure,
bitlocker_encryption_rollout,BitLocker Encryption Rollout,Cybersecurity,business_name,Business name,text,True,,Legal or public-facing business name.
bitlocker_encryption_rollout,BitLocker Encryption Rollout,Cybersecurity,contact_name,Primary contact name,text,True,,Main person Maine Cyber Tech should coordinate with.
bitlocker_encryption_rollout,BitLocker Encryption Rollout,Cybersecurity,contact_email,Primary contact email,email,True,,"Used for scheduling, service updates, and deliverables."
bitlocker_encryption_rollout,BitLocker Encryption Rollout,Cybersecurity,contact_phone,Best phone number,tel,False,,"Useful for urgent, onsite, or access-sensitive work."
bitlocker_encryption_rollout,BitLocker Encryption Rollout,Cybersecurity,business_address,Business address or service location,textarea,False,,"Required for onsite, Wi-Fi, network, camera, hardware, or location-specific services."
bitlocker_encryption_rollout,BitLocker Encryption Rollout,Cybersecurity,urgency,How urgent is this request?,select,True,Not urgent;This week;ASAP;Emergency,Emergency work may require separate emergency support terms.
bitlocker_encryption_rollout,BitLocker Encryption Rollout,Cybersecurity,users_count,Approximate number of users,number,False,,Estimate is acceptable.
bitlocker_encryption_rollout,BitLocker Encryption Rollout,Cybersecurity,devices_count,Approximate number of devices,number,False,,"Include computers, phones, tablets, printers, network gear, and cameras if relevant."
bitlocker_encryption_rollout,BitLocker Encryption Rollout,Cybersecurity,current_provider,"Current provider/platform, if known",text,False,,"Examples: Microsoft 365, Google Workspace, Cloudflare, GoDaddy, UniFi, Comcast, Spectrum, WordPress."
bitlocker_encryption_rollout,BitLocker Encryption Rollout,Cybersecurity,admin_access_available,Do you have authorized admin access?,select,True,Yes;No;Not sure,Do not paste credentials into this form. Maine Cyber Tech will coordinate safe access separately.
bitlocker_encryption_rollout,BitLocker Encryption Rollout,Cybersecurity,primary_goal,What are you trying to accomplish?,textarea,True,,"Describe the business goal, pain point, risk, outage, or improvement you want."
bitlocker_encryption_rollout,BitLocker Encryption Rollout,Cybersecurity,recent_security_incident,Any recent suspicious activity or incident?,textarea,False,,
bitlocker_encryption_rollout,BitLocker Encryption Rollout,Cybersecurity,security_priority,Primary security concern,select,False,Account takeover;Phishing;Ransomware;Cyber insurance;Compliance;Not sure,
dns_filtering_setup,DNS Filtering Setup,Cybersecurity,business_name,Business name,text,True,,Legal or public-facing business name.
dns_filtering_setup,DNS Filtering Setup,Cybersecurity,contact_name,Primary contact name,text,True,,Main person Maine Cyber Tech should coordinate with.
dns_filtering_setup,DNS Filtering Setup,Cybersecurity,contact_email,Primary contact email,email,True,,"Used for scheduling, service updates, and deliverables."
dns_filtering_setup,DNS Filtering Setup,Cybersecurity,contact_phone,Best phone number,tel,False,,"Useful for urgent, onsite, or access-sensitive work."
dns_filtering_setup,DNS Filtering Setup,Cybersecurity,business_address,Business address or service location,textarea,False,,"Required for onsite, Wi-Fi, network, camera, hardware, or location-specific services."
dns_filtering_setup,DNS Filtering Setup,Cybersecurity,urgency,How urgent is this request?,select,True,Not urgent;This week;ASAP;Emergency,Emergency work may require separate emergency support terms.
dns_filtering_setup,DNS Filtering Setup,Cybersecurity,users_count,Approximate number of users,number,False,,Estimate is acceptable.
dns_filtering_setup,DNS Filtering Setup,Cybersecurity,devices_count,Approximate number of devices,number,False,,"Include computers, phones, tablets, printers, network gear, and cameras if relevant."
dns_filtering_setup,DNS Filtering Setup,Cybersecurity,current_provider,"Current provider/platform, if known",text,False,,"Examples: Microsoft 365, Google Workspace, Cloudflare, GoDaddy, UniFi, Comcast, Spectrum, WordPress."
dns_filtering_setup,DNS Filtering Setup,Cybersecurity,admin_access_available,Do you have authorized admin access?,select,True,Yes;No;Not sure,Do not paste credentials into this form. Maine Cyber Tech will coordinate safe access separately.
dns_filtering_setup,DNS Filtering Setup,Cybersecurity,primary_goal,What are you trying to accomplish?,textarea,True,,"Describe the business goal, pain point, risk, outage, or improvement you want."
dns_filtering_setup,DNS Filtering Setup,Cybersecurity,recent_security_incident,Any recent suspicious activity or incident?,textarea,False,,
dns_filtering_setup,DNS Filtering Setup,Cybersecurity,security_priority,Primary security concern,select,False,Account takeover;Phishing;Ransomware;Cyber insurance;Compliance;Not sure,
security_awareness_training_setup,Security Awareness Training Setup,Cybersecurity,business_name,Business name,text,True,,Legal or public-facing business name.
security_awareness_training_setup,Security Awareness Training Setup,Cybersecurity,contact_name,Primary contact name,text,True,,Main person Maine Cyber Tech should coordinate with.
security_awareness_training_setup,Security Awareness Training Setup,Cybersecurity,contact_email,Primary contact email,email,True,,"Used for scheduling, service updates, and deliverables."
security_awareness_training_setup,Security Awareness Training Setup,Cybersecurity,contact_phone,Best phone number,tel,False,,"Useful for urgent, onsite, or access-sensitive work."
security_awareness_training_setup,Security Awareness Training Setup,Cybersecurity,business_address,Business address or service location,textarea,False,,"Required for onsite, Wi-Fi, network, camera, hardware, or location-specific services."
security_awareness_training_setup,Security Awareness Training Setup,Cybersecurity,urgency,How urgent is this request?,select,True,Not urgent;This week;ASAP;Emergency,Emergency work may require separate emergency support terms.
security_awareness_training_setup,Security Awareness Training Setup,Cybersecurity,users_count,Approximate number of users,number,False,,Estimate is acceptable.
security_awareness_training_setup,Security Awareness Training Setup,Cybersecurity,devices_count,Approximate number of devices,number,False,,"Include computers, phones, tablets, printers, network gear, and cameras if relevant."
security_awareness_training_setup,Security Awareness Training Setup,Cybersecurity,current_provider,"Current provider/platform, if known",text,False,,"Examples: Microsoft 365, Google Workspace, Cloudflare, GoDaddy, UniFi, Comcast, Spectrum, WordPress."
security_awareness_training_setup,Security Awareness Training Setup,Cybersecurity,admin_access_available,Do you have authorized admin access?,select,True,Yes;No;Not sure,Do not paste credentials into this form. Maine Cyber Tech will coordinate safe access separately.
security_awareness_training_setup,Security Awareness Training Setup,Cybersecurity,primary_goal,What are you trying to accomplish?,textarea,True,,"Describe the business goal, pain point, risk, outage, or improvement you want."
security_awareness_training_setup,Security Awareness Training Setup,Cybersecurity,recent_security_incident,Any recent suspicious activity or incident?,textarea,False,,
security_awareness_training_setup,Security Awareness Training Setup,Cybersecurity,security_priority,Primary security concern,select,False,Account takeover;Phishing;Ransomware;Cyber insurance;Compliance;Not sure,
incident_response_plan_starter,Incident Response Plan Starter,Cybersecurity,business_name,Business name,text,True,,Legal or public-facing business name.
incident_response_plan_starter,Incident Response Plan Starter,Cybersecurity,contact_name,Primary contact name,text,True,,Main person Maine Cyber Tech should coordinate with.
incident_response_plan_starter,Incident Response Plan Starter,Cybersecurity,contact_email,Primary contact email,email,True,,"Used for scheduling, service updates, and deliverables."
incident_response_plan_starter,Incident Response Plan Starter,Cybersecurity,contact_phone,Best phone number,tel,False,,"Useful for urgent, onsite, or access-sensitive work."
incident_response_plan_starter,Incident Response Plan Starter,Cybersecurity,business_address,Business address or service location,textarea,False,,"Required for onsite, Wi-Fi, network, camera, hardware, or location-specific services."
incident_response_plan_starter,Incident Response Plan Starter,Cybersecurity,urgency,How urgent is this request?,select,True,Not urgent;This week;ASAP;Emergency,Emergency work may require separate emergency support terms.
incident_response_plan_starter,Incident Response Plan Starter,Cybersecurity,users_count,Approximate number of users,number,False,,Estimate is acceptable.
incident_response_plan_starter,Incident Response Plan Starter,Cybersecurity,devices_count,Approximate number of devices,number,False,,"Include computers, phones, tablets, printers, network gear, and cameras if relevant."
incident_response_plan_starter,Incident Response Plan Starter,Cybersecurity,current_provider,"Current provider/platform, if known",text,False,,"Examples: Microsoft 365, Google Workspace, Cloudflare, GoDaddy, UniFi, Comcast, Spectrum, WordPress."
incident_response_plan_starter,Incident Response Plan Starter,Cybersecurity,admin_access_available,Do you have authorized admin access?,select,True,Yes;No;Not sure,Do not paste credentials into this form. Maine Cyber Tech will coordinate safe access separately.
incident_response_plan_starter,Incident Response Plan Starter,Cybersecurity,primary_goal,What are you trying to accomplish?,textarea,True,,"Describe the business goal, pain point, risk, outage, or improvement you want."
incident_response_plan_starter,Incident Response Plan Starter,Cybersecurity,recent_security_incident,Any recent suspicious activity or incident?,textarea,False,,
incident_response_plan_starter,Incident Response Plan Starter,Cybersecurity,security_priority,Primary security concern,select,False,Account takeover;Phishing;Ransomware;Cyber insurance;Compliance;Not sure,
cyber_insurance_readiness_package,Cyber Insurance Readiness Package,Cybersecurity,business_name,Business name,text,True,,Legal or public-facing business name.
cyber_insurance_readiness_package,Cyber Insurance Readiness Package,Cybersecurity,contact_name,Primary contact name,text,True,,Main person Maine Cyber Tech should coordinate with.
cyber_insurance_readiness_package,Cyber Insurance Readiness Package,Cybersecurity,contact_email,Primary contact email,email,True,,"Used for scheduling, service updates, and deliverables."
cyber_insurance_readiness_package,Cyber Insurance Readiness Package,Cybersecurity,contact_phone,Best phone number,tel,False,,"Useful for urgent, onsite, or access-sensitive work."
cyber_insurance_readiness_package,Cyber Insurance Readiness Package,Cybersecurity,business_address,Business address or service location,textarea,False,,"Required for onsite, Wi-Fi, network, camera, hardware, or location-specific services."
cyber_insurance_readiness_package,Cyber Insurance Readiness Package,Cybersecurity,urgency,How urgent is this request?,select,True,Not urgent;This week;ASAP;Emergency,Emergency work may require separate emergency support terms.
cyber_insurance_readiness_package,Cyber Insurance Readiness Package,Cybersecurity,users_count,Approximate number of users,number,False,,Estimate is acceptable.
cyber_insurance_readiness_package,Cyber Insurance Readiness Package,Cybersecurity,devices_count,Approximate number of devices,number,False,,"Include computers, phones, tablets, printers, network gear, and cameras if relevant."
cyber_insurance_readiness_package,Cyber Insurance Readiness Package,Cybersecurity,current_provider,"Current provider/platform, if known",text,False,,"Examples: Microsoft 365, Google Workspace, Cloudflare, GoDaddy, UniFi, Comcast, Spectrum, WordPress."
cyber_insurance_readiness_package,Cyber Insurance Readiness Package,Cybersecurity,admin_access_available,Do you have authorized admin access?,select,True,Yes;No;Not sure,Do not paste credentials into this form. Maine Cyber Tech will coordinate safe access separately.
cyber_insurance_readiness_package,Cyber Insurance Readiness Package,Cybersecurity,primary_goal,What are you trying to accomplish?,textarea,True,,"Describe the business goal, pain point, risk, outage, or improvement you want."
cyber_insurance_readiness_package,Cyber Insurance Readiness Package,Cybersecurity,recent_security_incident,Any recent suspicious activity or incident?,textarea,False,,
cyber_insurance_readiness_package,Cyber Insurance Readiness Package,Cybersecurity,security_priority,Primary security concern,select,False,Account takeover;Phishing;Ransomware;Cyber insurance;Compliance;Not sure,
security_awareness_lunch_learn,Security Awareness Lunch & Learn,Cybersecurity,business_name,Business name,text,True,,Legal or public-facing business name.
security_awareness_lunch_learn,Security Awareness Lunch & Learn,Cybersecurity,contact_name,Primary contact name,text,True,,Main person Maine Cyber Tech should coordinate with.
security_awareness_lunch_learn,Security Awareness Lunch & Learn,Cybersecurity,contact_email,Primary contact email,email,True,,"Used for scheduling, service updates, and deliverables."
security_awareness_lunch_learn,Security Awareness Lunch & Learn,Cybersecurity,contact_phone,Best phone number,tel,False,,"Useful for urgent, onsite, or access-sensitive work."
security_awareness_lunch_learn,Security Awareness Lunch & Learn,Cybersecurity,business_address,Business address or service location,textarea,False,,"Required for onsite, Wi-Fi, network, camera, hardware, or location-specific services."
security_awareness_lunch_learn,Security Awareness Lunch & Learn,Cybersecurity,urgency,How urgent is this request?,select,True,Not urgent;This week;ASAP;Emergency,Emergency work may require separate emergency support terms.
security_awareness_lunch_learn,Security Awareness Lunch & Learn,Cybersecurity,users_count,Approximate number of users,number,False,,Estimate is acceptable.
security_awareness_lunch_learn,Security Awareness Lunch & Learn,Cybersecurity,devices_count,Approximate number of devices,number,False,,"Include computers, phones, tablets, printers, network gear, and cameras if relevant."
security_awareness_lunch_learn,Security Awareness Lunch & Learn,Cybersecurity,current_provider,"Current provider/platform, if known",text,False,,"Examples: Microsoft 365, Google Workspace, Cloudflare, GoDaddy, UniFi, Comcast, Spectrum, WordPress."
security_awareness_lunch_learn,Security Awareness Lunch & Learn,Cybersecurity,admin_access_available,Do you have authorized admin access?,select,True,Yes;No;Not sure,Do not paste credentials into this form. Maine Cyber Tech will coordinate safe access separately.
security_awareness_lunch_learn,Security Awareness Lunch & Learn,Cybersecurity,primary_goal,What are you trying to accomplish?,textarea,True,,"Describe the business goal, pain point, risk, outage, or improvement you want."
security_awareness_lunch_learn,Security Awareness Lunch & Learn,Cybersecurity,recent_security_incident,Any recent suspicious activity or incident?,textarea,False,,
security_awareness_lunch_learn,Security Awareness Lunch & Learn,Cybersecurity,security_priority,Primary security concern,select,False,Account takeover;Phishing;Ransomware;Cyber insurance;Compliance;Not sure,
owner_admin_security_training,Owner/Admin Security Training,Cybersecurity,business_name,Business name,text,True,,Legal or public-facing business name.
owner_admin_security_training,Owner/Admin Security Training,Cybersecurity,contact_name,Primary contact name,text,True,,Main person Maine Cyber Tech should coordinate with.
owner_admin_security_training,Owner/Admin Security Training,Cybersecurity,contact_email,Primary contact email,email,True,,"Used for scheduling, service updates, and deliverables."
owner_admin_security_training,Owner/Admin Security Training,Cybersecurity,contact_phone,Best phone number,tel,False,,"Useful for urgent, onsite, or access-sensitive work."
owner_admin_security_training,Owner/Admin Security Training,Cybersecurity,business_address,Business address or service location,textarea,False,,"Required for onsite, Wi-Fi, network, camera, hardware, or location-specific services."
owner_admin_security_training,Owner/Admin Security Training,Cybersecurity,urgency,How urgent is this request?,select,True,Not urgent;This week;ASAP;Emergency,Emergency work may require separate emergency support terms.
owner_admin_security_training,Owner/Admin Security Training,Cybersecurity,users_count,Approximate number of users,number,False,,Estimate is acceptable.
owner_admin_security_training,Owner/Admin Security Training,Cybersecurity,devices_count,Approximate number of devices,number,False,,"Include computers, phones, tablets, printers, network gear, and cameras if relevant."
owner_admin_security_training,Owner/Admin Security Training,Cybersecurity,current_provider,"Current provider/platform, if known",text,False,,"Examples: Microsoft 365, Google Workspace, Cloudflare, GoDaddy, UniFi, Comcast, Spectrum, WordPress."
owner_admin_security_training,Owner/Admin Security Training,Cybersecurity,admin_access_available,Do you have authorized admin access?,select,True,Yes;No;Not sure,Do not paste credentials into this form. Maine Cyber Tech will coordinate safe access separately.
owner_admin_security_training,Owner/Admin Security Training,Cybersecurity,primary_goal,What are you trying to accomplish?,textarea,True,,"Describe the business goal, pain point, risk, outage, or improvement you want."
owner_admin_security_training,Owner/Admin Security Training,Cybersecurity,recent_security_incident,Any recent suspicious activity or incident?,textarea,False,,
owner_admin_security_training,Owner/Admin Security Training,Cybersecurity,security_priority,Primary security concern,select,False,Account takeover;Phishing;Ransomware;Cyber insurance;Compliance;Not sure,
staff_security_starter,Staff Security Starter,Cybersecurity,business_name,Business name,text,True,,Legal or public-facing business name.
staff_security_starter,Staff Security Starter,Cybersecurity,contact_name,Primary contact name,text,True,,Main person Maine Cyber Tech should coordinate with.
staff_security_starter,Staff Security Starter,Cybersecurity,contact_email,Primary contact email,email,True,,"Used for scheduling, service updates, and deliverables."
staff_security_starter,Staff Security Starter,Cybersecurity,contact_phone,Best phone number,tel,False,,"Useful for urgent, onsite, or access-sensitive work."
staff_security_starter,Staff Security Starter,Cybersecurity,business_address,Business address or service location,textarea,False,,"Required for onsite, Wi-Fi, network, camera, hardware, or location-specific services."
staff_security_starter,Staff Security Starter,Cybersecurity,urgency,How urgent is this request?,select,True,Not urgent;This week;ASAP;Emergency,Emergency work may require separate emergency support terms.
staff_security_starter,Staff Security Starter,Cybersecurity,users_count,Approximate number of users,number,False,,Estimate is acceptable.
staff_security_starter,Staff Security Starter,Cybersecurity,devices_count,Approximate number of devices,number,False,,"Include computers, phones, tablets, printers, network gear, and cameras if relevant."
staff_security_starter,Staff Security Starter,Cybersecurity,current_provider,"Current provider/platform, if known",text,False,,"Examples: Microsoft 365, Google Workspace, Cloudflare, GoDaddy, UniFi, Comcast, Spectrum, WordPress."
staff_security_starter,Staff Security Starter,Cybersecurity,admin_access_available,Do you have authorized admin access?,select,True,Yes;No;Not sure,Do not paste credentials into this form. Maine Cyber Tech will coordinate safe access separately.
staff_security_starter,Staff Security Starter,Cybersecurity,primary_goal,What are you trying to accomplish?,textarea,True,,"Describe the business goal, pain point, risk, outage, or improvement you want."
staff_security_starter,Staff Security Starter,Cybersecurity,recent_security_incident,Any recent suspicious activity or incident?,textarea,False,,
staff_security_starter,Staff Security Starter,Cybersecurity,security_priority,Primary security concern,select,False,Account takeover;Phishing;Ransomware;Cyber insurance;Compliance;Not sure,
microsoft_365_tenant_setup,Microsoft 365 Tenant Setup,Microsoft 365,business_name,Business name,text,True,,Legal or public-facing business name.
microsoft_365_tenant_setup,Microsoft 365 Tenant Setup,Microsoft 365,contact_name,Primary contact name,text,True,,Main person Maine Cyber Tech should coordinate with.
microsoft_365_tenant_setup,Microsoft 365 Tenant Setup,Microsoft 365,contact_email,Primary contact email,email,True,,"Used for scheduling, service updates, and deliverables."
microsoft_365_tenant_setup,Microsoft 365 Tenant Setup,Microsoft 365,contact_phone,Best phone number,tel,False,,"Useful for urgent, onsite, or access-sensitive work."
microsoft_365_tenant_setup,Microsoft 365 Tenant Setup,Microsoft 365,business_address,Business address or service location,textarea,False,,"Required for onsite, Wi-Fi, network, camera, hardware, or location-specific services."
microsoft_365_tenant_setup,Microsoft 365 Tenant Setup,Microsoft 365,urgency,How urgent is this request?,select,True,Not urgent;This week;ASAP;Emergency,Emergency work may require separate emergency support terms.
microsoft_365_tenant_setup,Microsoft 365 Tenant Setup,Microsoft 365,users_count,Approximate number of users,number,False,,Estimate is acceptable.
microsoft_365_tenant_setup,Microsoft 365 Tenant Setup,Microsoft 365,devices_count,Approximate number of devices,number,False,,"Include computers, phones, tablets, printers, network gear, and cameras if relevant."
microsoft_365_tenant_setup,Microsoft 365 Tenant Setup,Microsoft 365,current_provider,"Current provider/platform, if known",text,False,,"Examples: Microsoft 365, Google Workspace, Cloudflare, GoDaddy, UniFi, Comcast, Spectrum, WordPress."
microsoft_365_tenant_setup,Microsoft 365 Tenant Setup,Microsoft 365,admin_access_available,Do you have authorized admin access?,select,True,Yes;No;Not sure,Do not paste credentials into this form. Maine Cyber Tech will coordinate safe access separately.
microsoft_365_tenant_setup,Microsoft 365 Tenant Setup,Microsoft 365,primary_goal,What are you trying to accomplish?,textarea,True,,"Describe the business goal, pain point, risk, outage, or improvement you want."
microsoft_365_tenant_setup,Microsoft 365 Tenant Setup,Microsoft 365,m365_domain,Microsoft 365 primary domain,text,False,,
microsoft_365_tenant_setup,Microsoft 365 Tenant Setup,Microsoft 365,global_admin_status,Global admin access status,select,False,Available;Not available;Not sure,
microsoft_365_tenant_setup,Microsoft 365 Tenant Setup,Microsoft 365,m365_services_used,M365 services used,textarea,False,,
microsoft_365_tenant_cleanup,Microsoft 365 Tenant Cleanup,Microsoft 365,business_name,Business name,text,True,,Legal or public-facing business name.
microsoft_365_tenant_cleanup,Microsoft 365 Tenant Cleanup,Microsoft 365,contact_name,Primary contact name,text,True,,Main person Maine Cyber Tech should coordinate with.
microsoft_365_tenant_cleanup,Microsoft 365 Tenant Cleanup,Microsoft 365,contact_email,Primary contact email,email,True,,"Used for scheduling, service updates, and deliverables."
microsoft_365_tenant_cleanup,Microsoft 365 Tenant Cleanup,Microsoft 365,contact_phone,Best phone number,tel,False,,"Useful for urgent, onsite, or access-sensitive work."
microsoft_365_tenant_cleanup,Microsoft 365 Tenant Cleanup,Microsoft 365,business_address,Business address or service location,textarea,False,,"Required for onsite, Wi-Fi, network, camera, hardware, or location-specific services."
microsoft_365_tenant_cleanup,Microsoft 365 Tenant Cleanup,Microsoft 365,urgency,How urgent is this request?,select,True,Not urgent;This week;ASAP;Emergency,Emergency work may require separate emergency support terms.
microsoft_365_tenant_cleanup,Microsoft 365 Tenant Cleanup,Microsoft 365,users_count,Approximate number of users,number,False,,Estimate is acceptable.
microsoft_365_tenant_cleanup,Microsoft 365 Tenant Cleanup,Microsoft 365,devices_count,Approximate number of devices,number,False,,"Include computers, phones, tablets, printers, network gear, and cameras if relevant."
microsoft_365_tenant_cleanup,Microsoft 365 Tenant Cleanup,Microsoft 365,current_provider,"Current provider/platform, if known",text,False,,"Examples: Microsoft 365, Google Workspace, Cloudflare, GoDaddy, UniFi, Comcast, Spectrum, WordPress."
microsoft_365_tenant_cleanup,Microsoft 365 Tenant Cleanup,Microsoft 365,admin_access_available,Do you have authorized admin access?,select,True,Yes;No;Not sure,Do not paste credentials into this form. Maine Cyber Tech will coordinate safe access separately.
microsoft_365_tenant_cleanup,Microsoft 365 Tenant Cleanup,Microsoft 365,primary_goal,What are you trying to accomplish?,textarea,True,,"Describe the business goal, pain point, risk, outage, or improvement you want."
microsoft_365_tenant_cleanup,Microsoft 365 Tenant Cleanup,Microsoft 365,m365_domain,Microsoft 365 primary domain,text,False,,
microsoft_365_tenant_cleanup,Microsoft 365 Tenant Cleanup,Microsoft 365,global_admin_status,Global admin access status,select,False,Available;Not available;Not sure,
microsoft_365_tenant_cleanup,Microsoft 365 Tenant Cleanup,Microsoft 365,m365_services_used,M365 services used,textarea,False,,
microsoft_365_monthly_admin,Microsoft 365 Monthly Admin,Microsoft 365,business_name,Business name,text,True,,Legal or public-facing business name.
microsoft_365_monthly_admin,Microsoft 365 Monthly Admin,Microsoft 365,contact_name,Primary contact name,text,True,,Main person Maine Cyber Tech should coordinate with.
microsoft_365_monthly_admin,Microsoft 365 Monthly Admin,Microsoft 365,contact_email,Primary contact email,email,True,,"Used for scheduling, service updates, and deliverables."
microsoft_365_monthly_admin,Microsoft 365 Monthly Admin,Microsoft 365,contact_phone,Best phone number,tel,False,,"Useful for urgent, onsite, or access-sensitive work."
microsoft_365_monthly_admin,Microsoft 365 Monthly Admin,Microsoft 365,business_address,Business address or service location,textarea,False,,"Required for onsite, Wi-Fi, network, camera, hardware, or location-specific services."
microsoft_365_monthly_admin,Microsoft 365 Monthly Admin,Microsoft 365,urgency,How urgent is this request?,select,True,Not urgent;This week;ASAP;Emergency,Emergency work may require separate emergency support terms.
microsoft_365_monthly_admin,Microsoft 365 Monthly Admin,Microsoft 365,users_count,Approximate number of users,number,False,,Estimate is acceptable.
microsoft_365_monthly_admin,Microsoft 365 Monthly Admin,Microsoft 365,devices_count,Approximate number of devices,number,False,,"Include computers, phones, tablets, printers, network gear, and cameras if relevant."
microsoft_365_monthly_admin,Microsoft 365 Monthly Admin,Microsoft 365,current_provider,"Current provider/platform, if known",text,False,,"Examples: Microsoft 365, Google Workspace, Cloudflare, GoDaddy, UniFi, Comcast, Spectrum, WordPress."
microsoft_365_monthly_admin,Microsoft 365 Monthly Admin,Microsoft 365,admin_access_available,Do you have authorized admin access?,select,True,Yes;No;Not sure,Do not paste credentials into this form. Maine Cyber Tech will coordinate safe access separately.
microsoft_365_monthly_admin,Microsoft 365 Monthly Admin,Microsoft 365,primary_goal,What are you trying to accomplish?,textarea,True,,"Describe the business goal, pain point, risk, outage, or improvement you want."
microsoft_365_monthly_admin,Microsoft 365 Monthly Admin,Microsoft 365,m365_domain,Microsoft 365 primary domain,text,False,,
microsoft_365_monthly_admin,Microsoft 365 Monthly Admin,Microsoft 365,global_admin_status,Global admin access status,select,False,Available;Not available;Not sure,
microsoft_365_monthly_admin,Microsoft 365 Monthly Admin,Microsoft 365,m365_services_used,M365 services used,textarea,False,,
microsoft_365_security_baseline,Microsoft 365 Security Baseline,Microsoft 365,business_name,Business name,text,True,,Legal or public-facing business name.
microsoft_365_security_baseline,Microsoft 365 Security Baseline,Microsoft 365,contact_name,Primary contact name,text,True,,Main person Maine Cyber Tech should coordinate with.
microsoft_365_security_baseline,Microsoft 365 Security Baseline,Microsoft 365,contact_email,Primary contact email,email,True,,"Used for scheduling, service updates, and deliverables."
microsoft_365_security_baseline,Microsoft 365 Security Baseline,Microsoft 365,contact_phone,Best phone number,tel,False,,"Useful for urgent, onsite, or access-sensitive work."
microsoft_365_security_baseline,Microsoft 365 Security Baseline,Microsoft 365,business_address,Business address or service location,textarea,False,,"Required for onsite, Wi-Fi, network, camera, hardware, or location-specific services."
microsoft_365_security_baseline,Microsoft 365 Security Baseline,Microsoft 365,urgency,How urgent is this request?,select,True,Not urgent;This week;ASAP;Emergency,Emergency work may require separate emergency support terms.
microsoft_365_security_baseline,Microsoft 365 Security Baseline,Microsoft 365,users_count,Approximate number of users,number,False,,Estimate is acceptable.
microsoft_365_security_baseline,Microsoft 365 Security Baseline,Microsoft 365,devices_count,Approximate number of devices,number,False,,"Include computers, phones, tablets, printers, network gear, and cameras if relevant."
microsoft_365_security_baseline,Microsoft 365 Security Baseline,Microsoft 365,current_provider,"Current provider/platform, if known",text,False,,"Examples: Microsoft 365, Google Workspace, Cloudflare, GoDaddy, UniFi, Comcast, Spectrum, WordPress."
microsoft_365_security_baseline,Microsoft 365 Security Baseline,Microsoft 365,admin_access_available,Do you have authorized admin access?,select,True,Yes;No;Not sure,Do not paste credentials into this form. Maine Cyber Tech will coordinate safe access separately.
microsoft_365_security_baseline,Microsoft 365 Security Baseline,Microsoft 365,primary_goal,What are you trying to accomplish?,textarea,True,,"Describe the business goal, pain point, risk, outage, or improvement you want."
microsoft_365_security_baseline,Microsoft 365 Security Baseline,Microsoft 365,m365_domain,Microsoft 365 primary domain,text,False,,
microsoft_365_security_baseline,Microsoft 365 Security Baseline,Microsoft 365,global_admin_status,Global admin access status,select,False,Available;Not available;Not sure,
microsoft_365_security_baseline,Microsoft 365 Security Baseline,Microsoft 365,m365_services_used,M365 services used,textarea,False,,
microsoft_365_backup_setup,Microsoft 365 Backup Setup,Microsoft 365,business_name,Business name,text,True,,Legal or public-facing business name.
microsoft_365_backup_setup,Microsoft 365 Backup Setup,Microsoft 365,contact_name,Primary contact name,text,True,,Main person Maine Cyber Tech should coordinate with.
microsoft_365_backup_setup,Microsoft 365 Backup Setup,Microsoft 365,contact_email,Primary contact email,email,True,,"Used for scheduling, service updates, and deliverables."
microsoft_365_backup_setup,Microsoft 365 Backup Setup,Microsoft 365,contact_phone,Best phone number,tel,False,,"Useful for urgent, onsite, or access-sensitive work."
microsoft_365_backup_setup,Microsoft 365 Backup Setup,Microsoft 365,business_address,Business address or service location,textarea,False,,"Required for onsite, Wi-Fi, network, camera, hardware, or location-specific services."
microsoft_365_backup_setup,Microsoft 365 Backup Setup,Microsoft 365,urgency,How urgent is this request?,select,True,Not urgent;This week;ASAP;Emergency,Emergency work may require separate emergency support terms.
microsoft_365_backup_setup,Microsoft 365 Backup Setup,Microsoft 365,users_count,Approximate number of users,number,False,,Estimate is acceptable.
microsoft_365_backup_setup,Microsoft 365 Backup Setup,Microsoft 365,devices_count,Approximate number of devices,number,False,,"Include computers, phones, tablets, printers, network gear, and cameras if relevant."
microsoft_365_backup_setup,Microsoft 365 Backup Setup,Microsoft 365,current_provider,"Current provider/platform, if known",text,False,,"Examples: Microsoft 365, Google Workspace, Cloudflare, GoDaddy, UniFi, Comcast, Spectrum, WordPress."
microsoft_365_backup_setup,Microsoft 365 Backup Setup,Microsoft 365,admin_access_available,Do you have authorized admin access?,select,True,Yes;No;Not sure,Do not paste credentials into this form. Maine Cyber Tech will coordinate safe access separately.
microsoft_365_backup_setup,Microsoft 365 Backup Setup,Microsoft 365,primary_goal,What are you trying to accomplish?,textarea,True,,"Describe the business goal, pain point, risk, outage, or improvement you want."
microsoft_365_backup_setup,Microsoft 365 Backup Setup,Microsoft 365,m365_domain,Microsoft 365 primary domain,text,False,,
microsoft_365_backup_setup,Microsoft 365 Backup Setup,Microsoft 365,global_admin_status,Global admin access status,select,False,Available;Not available;Not sure,
microsoft_365_backup_setup,Microsoft 365 Backup Setup,Microsoft 365,m365_services_used,M365 services used,textarea,False,,
microsoft_365_migration_lite,Microsoft 365 Migration Lite,Microsoft 365,business_name,Business name,text,True,,Legal or public-facing business name.
microsoft_365_migration_lite,Microsoft 365 Migration Lite,Microsoft 365,contact_name,Primary contact name,text,True,,Main person Maine Cyber Tech should coordinate with.
microsoft_365_migration_lite,Microsoft 365 Migration Lite,Microsoft 365,contact_email,Primary contact email,email,True,,"Used for scheduling, service updates, and deliverables."
microsoft_365_migration_lite,Microsoft 365 Migration Lite,Microsoft 365,contact_phone,Best phone number,tel,False,,"Useful for urgent, onsite, or access-sensitive work."
microsoft_365_migration_lite,Microsoft 365 Migration Lite,Microsoft 365,business_address,Business address or service location,textarea,False,,"Required for onsite, Wi-Fi, network, camera, hardware, or location-specific services."
microsoft_365_migration_lite,Microsoft 365 Migration Lite,Microsoft 365,urgency,How urgent is this request?,select,True,Not urgent;This week;ASAP;Emergency,Emergency work may require separate emergency support terms.
microsoft_365_migration_lite,Microsoft 365 Migration Lite,Microsoft 365,users_count,Approximate number of users,number,False,,Estimate is acceptable.
microsoft_365_migration_lite,Microsoft 365 Migration Lite,Microsoft 365,devices_count,Approximate number of devices,number,False,,"Include computers, phones, tablets, printers, network gear, and cameras if relevant."
microsoft_365_migration_lite,Microsoft 365 Migration Lite,Microsoft 365,current_provider,"Current provider/platform, if known",text,False,,"Examples: Microsoft 365, Google Workspace, Cloudflare, GoDaddy, UniFi, Comcast, Spectrum, WordPress."
microsoft_365_migration_lite,Microsoft 365 Migration Lite,Microsoft 365,admin_access_available,Do you have authorized admin access?,select,True,Yes;No;Not sure,Do not paste credentials into this form. Maine Cyber Tech will coordinate safe access separately.
microsoft_365_migration_lite,Microsoft 365 Migration Lite,Microsoft 365,primary_goal,What are you trying to accomplish?,textarea,True,,"Describe the business goal, pain point, risk, outage, or improvement you want."
microsoft_365_migration_lite,Microsoft 365 Migration Lite,Microsoft 365,m365_domain,Microsoft 365 primary domain,text,False,,
microsoft_365_migration_lite,Microsoft 365 Migration Lite,Microsoft 365,global_admin_status,Global admin access status,select,False,Available;Not available;Not sure,
microsoft_365_migration_lite,Microsoft 365 Migration Lite,Microsoft 365,m365_services_used,M365 services used,textarea,False,,
microsoft_365_migration_full,Microsoft 365 Migration Full,Microsoft 365,business_name,Business name,text,True,,Legal or public-facing business name.
microsoft_365_migration_full,Microsoft 365 Migration Full,Microsoft 365,contact_name,Primary contact name,text,True,,Main person Maine Cyber Tech should coordinate with.
microsoft_365_migration_full,Microsoft 365 Migration Full,Microsoft 365,contact_email,Primary contact email,email,True,,"Used for scheduling, service updates, and deliverables."
microsoft_365_migration_full,Microsoft 365 Migration Full,Microsoft 365,contact_phone,Best phone number,tel,False,,"Useful for urgent, onsite, or access-sensitive work."
microsoft_365_migration_full,Microsoft 365 Migration Full,Microsoft 365,business_address,Business address or service location,textarea,False,,"Required for onsite, Wi-Fi, network, camera, hardware, or location-specific services."
microsoft_365_migration_full,Microsoft 365 Migration Full,Microsoft 365,urgency,How urgent is this request?,select,True,Not urgent;This week;ASAP;Emergency,Emergency work may require separate emergency support terms.
microsoft_365_migration_full,Microsoft 365 Migration Full,Microsoft 365,users_count,Approximate number of users,number,False,,Estimate is acceptable.
microsoft_365_migration_full,Microsoft 365 Migration Full,Microsoft 365,devices_count,Approximate number of devices,number,False,,"Include computers, phones, tablets, printers, network gear, and cameras if relevant."
microsoft_365_migration_full,Microsoft 365 Migration Full,Microsoft 365,current_provider,"Current provider/platform, if known",text,False,,"Examples: Microsoft 365, Google Workspace, Cloudflare, GoDaddy, UniFi, Comcast, Spectrum, WordPress."
microsoft_365_migration_full,Microsoft 365 Migration Full,Microsoft 365,admin_access_available,Do you have authorized admin access?,select,True,Yes;No;Not sure,Do not paste credentials into this form. Maine Cyber Tech will coordinate safe access separately.
microsoft_365_migration_full,Microsoft 365 Migration Full,Microsoft 365,primary_goal,What are you trying to accomplish?,textarea,True,,"Describe the business goal, pain point, risk, outage, or improvement you want."
microsoft_365_migration_full,Microsoft 365 Migration Full,Microsoft 365,m365_domain,Microsoft 365 primary domain,text,False,,
microsoft_365_migration_full,Microsoft 365 Migration Full,Microsoft 365,global_admin_status,Global admin access status,select,False,Available;Not available;Not sure,
microsoft_365_migration_full,Microsoft 365 Migration Full,Microsoft 365,m365_services_used,M365 services used,textarea,False,,
microsoft_365_license_optimization,Microsoft 365 License Optimization,Microsoft 365,business_name,Business name,text,True,,Legal or public-facing business name.
microsoft_365_license_optimization,Microsoft 365 License Optimization,Microsoft 365,contact_name,Primary contact name,text,True,,Main person Maine Cyber Tech should coordinate with.
microsoft_365_license_optimization,Microsoft 365 License Optimization,Microsoft 365,contact_email,Primary contact email,email,True,,"Used for scheduling, service updates, and deliverables."
microsoft_365_license_optimization,Microsoft 365 License Optimization,Microsoft 365,contact_phone,Best phone number,tel,False,,"Useful for urgent, onsite, or access-sensitive work."
microsoft_365_license_optimization,Microsoft 365 License Optimization,Microsoft 365,business_address,Business address or service location,textarea,False,,"Required for onsite, Wi-Fi, network, camera, hardware, or location-specific services."
microsoft_365_license_optimization,Microsoft 365 License Optimization,Microsoft 365,urgency,How urgent is this request?,select,True,Not urgent;This week;ASAP;Emergency,Emergency work may require separate emergency support terms.
microsoft_365_license_optimization,Microsoft 365 License Optimization,Microsoft 365,users_count,Approximate number of users,number,False,,Estimate is acceptable.
microsoft_365_license_optimization,Microsoft 365 License Optimization,Microsoft 365,devices_count,Approximate number of devices,number,False,,"Include computers, phones, tablets, printers, network gear, and cameras if relevant."
microsoft_365_license_optimization,Microsoft 365 License Optimization,Microsoft 365,current_provider,"Current provider/platform, if known",text,False,,"Examples: Microsoft 365, Google Workspace, Cloudflare, GoDaddy, UniFi, Comcast, Spectrum, WordPress."
microsoft_365_license_optimization,Microsoft 365 License Optimization,Microsoft 365,admin_access_available,Do you have authorized admin access?,select,True,Yes;No;Not sure,Do not paste credentials into this form. Maine Cyber Tech will coordinate safe access separately.
microsoft_365_license_optimization,Microsoft 365 License Optimization,Microsoft 365,primary_goal,What are you trying to accomplish?,textarea,True,,"Describe the business goal, pain point, risk, outage, or improvement you want."
microsoft_365_license_optimization,Microsoft 365 License Optimization,Microsoft 365,m365_domain,Microsoft 365 primary domain,text,False,,
microsoft_365_license_optimization,Microsoft 365 License Optimization,Microsoft 365,global_admin_status,Global admin access status,select,False,Available;Not available;Not sure,
microsoft_365_license_optimization,Microsoft 365 License Optimization,Microsoft 365,m365_services_used,M365 services used,textarea,False,,
shared_mailbox_cleanup,Shared Mailbox Cleanup,Microsoft 365,business_name,Business name,text,True,,Legal or public-facing business name.
shared_mailbox_cleanup,Shared Mailbox Cleanup,Microsoft 365,contact_name,Primary contact name,text,True,,Main person Maine Cyber Tech should coordinate with.
shared_mailbox_cleanup,Shared Mailbox Cleanup,Microsoft 365,contact_email,Primary contact email,email,True,,"Used for scheduling, service updates, and deliverables."
shared_mailbox_cleanup,Shared Mailbox Cleanup,Microsoft 365,contact_phone,Best phone number,tel,False,,"Useful for urgent, onsite, or access-sensitive work."
shared_mailbox_cleanup,Shared Mailbox Cleanup,Microsoft 365,business_address,Business address or service location,textarea,False,,"Required for onsite, Wi-Fi, network, camera, hardware, or location-specific services."
shared_mailbox_cleanup,Shared Mailbox Cleanup,Microsoft 365,urgency,How urgent is this request?,select,True,Not urgent;This week;ASAP;Emergency,Emergency work may require separate emergency support terms.
shared_mailbox_cleanup,Shared Mailbox Cleanup,Microsoft 365,users_count,Approximate number of users,number,False,,Estimate is acceptable.
shared_mailbox_cleanup,Shared Mailbox Cleanup,Microsoft 365,devices_count,Approximate number of devices,number,False,,"Include computers, phones, tablets, printers, network gear, and cameras if relevant."
shared_mailbox_cleanup,Shared Mailbox Cleanup,Microsoft 365,current_provider,"Current provider/platform, if known",text,False,,"Examples: Microsoft 365, Google Workspace, Cloudflare, GoDaddy, UniFi, Comcast, Spectrum, WordPress."
shared_mailbox_cleanup,Shared Mailbox Cleanup,Microsoft 365,admin_access_available,Do you have authorized admin access?,select,True,Yes;No;Not sure,Do not paste credentials into this form. Maine Cyber Tech will coordinate safe access separately.
shared_mailbox_cleanup,Shared Mailbox Cleanup,Microsoft 365,primary_goal,What are you trying to accomplish?,textarea,True,,"Describe the business goal, pain point, risk, outage, or improvement you want."
shared_mailbox_cleanup,Shared Mailbox Cleanup,Microsoft 365,m365_domain,Microsoft 365 primary domain,text,False,,
shared_mailbox_cleanup,Shared Mailbox Cleanup,Microsoft 365,global_admin_status,Global admin access status,select,False,Available;Not available;Not sure,
shared_mailbox_cleanup,Shared Mailbox Cleanup,Microsoft 365,m365_services_used,M365 services used,textarea,False,,
onedrive_and_sharepoint_permissions_review,OneDrive and SharePoint Permissions Review,Microsoft 365,business_name,Business name,text,True,,Legal or public-facing business name.
onedrive_and_sharepoint_permissions_review,OneDrive and SharePoint Permissions Review,Microsoft 365,contact_name,Primary contact name,text,True,,Main person Maine Cyber Tech should coordinate with.
onedrive_and_sharepoint_permissions_review,OneDrive and SharePoint Permissions Review,Microsoft 365,contact_email,Primary contact email,email,True,,"Used for scheduling, service updates, and deliverables."
onedrive_and_sharepoint_permissions_review,OneDrive and SharePoint Permissions Review,Microsoft 365,contact_phone,Best phone number,tel,False,,"Useful for urgent, onsite, or access-sensitive work."
onedrive_and_sharepoint_permissions_review,OneDrive and SharePoint Permissions Review,Microsoft 365,business_address,Business address or service location,textarea,False,,"Required for onsite, Wi-Fi, network, camera, hardware, or location-specific services."
onedrive_and_sharepoint_permissions_review,OneDrive and SharePoint Permissions Review,Microsoft 365,urgency,How urgent is this request?,select,True,Not urgent;This week;ASAP;Emergency,Emergency work may require separate emergency support terms.
onedrive_and_sharepoint_permissions_review,OneDrive and SharePoint Permissions Review,Microsoft 365,users_count,Approximate number of users,number,False,,Estimate is acceptable.
onedrive_and_sharepoint_permissions_review,OneDrive and SharePoint Permissions Review,Microsoft 365,devices_count,Approximate number of devices,number,False,,"Include computers, phones, tablets, printers, network gear, and cameras if relevant."
onedrive_and_sharepoint_permissions_review,OneDrive and SharePoint Permissions Review,Microsoft 365,current_provider,"Current provider/platform, if known",text,False,,"Examples: Microsoft 365, Google Workspace, Cloudflare, GoDaddy, UniFi, Comcast, Spectrum, WordPress."
onedrive_and_sharepoint_permissions_review,OneDrive and SharePoint Permissions Review,Microsoft 365,admin_access_available,Do you have authorized admin access?,select,True,Yes;No;Not sure,Do not paste credentials into this form. Maine Cyber Tech will coordinate safe access separately.
onedrive_and_sharepoint_permissions_review,OneDrive and SharePoint Permissions Review,Microsoft 365,primary_goal,What are you trying to accomplish?,textarea,True,,"Describe the business goal, pain point, risk, outage, or improvement you want."
onedrive_and_sharepoint_permissions_review,OneDrive and SharePoint Permissions Review,Microsoft 365,m365_domain,Microsoft 365 primary domain,text,False,,
onedrive_and_sharepoint_permissions_review,OneDrive and SharePoint Permissions Review,Microsoft 365,global_admin_status,Global admin access status,select,False,Available;Not available;Not sure,
onedrive_and_sharepoint_permissions_review,OneDrive and SharePoint Permissions Review,Microsoft 365,m365_services_used,M365 services used,textarea,False,,
new_employee_m365_setup,New Employee M365 Setup,Microsoft 365,business_name,Business name,text,True,,Legal or public-facing business name.
new_employee_m365_setup,New Employee M365 Setup,Microsoft 365,contact_name,Primary contact name,text,True,,Main person Maine Cyber Tech should coordinate with.
new_employee_m365_setup,New Employee M365 Setup,Microsoft 365,contact_email,Primary contact email,email,True,,"Used for scheduling, service updates, and deliverables."
new_employee_m365_setup,New Employee M365 Setup,Microsoft 365,contact_phone,Best phone number,tel,False,,"Useful for urgent, onsite, or access-sensitive work."
new_employee_m365_setup,New Employee M365 Setup,Microsoft 365,business_address,Business address or service location,textarea,False,,"Required for onsite, Wi-Fi, network, camera, hardware, or location-specific services."
new_employee_m365_setup,New Employee M365 Setup,Microsoft 365,urgency,How urgent is this request?,select,True,Not urgent;This week;ASAP;Emergency,Emergency work may require separate emergency support terms.
new_employee_m365_setup,New Employee M365 Setup,Microsoft 365,users_count,Approximate number of users,number,False,,Estimate is acceptable.
new_employee_m365_setup,New Employee M365 Setup,Microsoft 365,devices_count,Approximate number of devices,number,False,,"Include computers, phones, tablets, printers, network gear, and cameras if relevant."
new_employee_m365_setup,New Employee M365 Setup,Microsoft 365,current_provider,"Current provider/platform, if known",text,False,,"Examples: Microsoft 365, Google Workspace, Cloudflare, GoDaddy, UniFi, Comcast, Spectrum, WordPress."
new_employee_m365_setup,New Employee M365 Setup,Microsoft 365,admin_access_available,Do you have authorized admin access?,select,True,Yes;No;Not sure,Do not paste credentials into this form. Maine Cyber Tech will coordinate safe access separately.
new_employee_m365_setup,New Employee M365 Setup,Microsoft 365,primary_goal,What are you trying to accomplish?,textarea,True,,"Describe the business goal, pain point, risk, outage, or improvement you want."
new_employee_m365_setup,New Employee M365 Setup,Microsoft 365,m365_domain,Microsoft 365 primary domain,text,False,,
new_employee_m365_setup,New Employee M365 Setup,Microsoft 365,global_admin_status,Global admin access status,select,False,Available;Not available;Not sure,
new_employee_m365_setup,New Employee M365 Setup,Microsoft 365,m365_services_used,M365 services used,textarea,False,,
departing_employee_lockdown,Departing Employee Lockdown,Microsoft 365,business_name,Business name,text,True,,Legal or public-facing business name.
departing_employee_lockdown,Departing Employee Lockdown,Microsoft 365,contact_name,Primary contact name,text,True,,Main person Maine Cyber Tech should coordinate with.
departing_employee_lockdown,Departing Employee Lockdown,Microsoft 365,contact_email,Primary contact email,email,True,,"Used for scheduling, service updates, and deliverables."
departing_employee_lockdown,Departing Employee Lockdown,Microsoft 365,contact_phone,Best phone number,tel,False,,"Useful for urgent, onsite, or access-sensitive work."
departing_employee_lockdown,Departing Employee Lockdown,Microsoft 365,business_address,Business address or service location,textarea,False,,"Required for onsite, Wi-Fi, network, camera, hardware, or location-specific services."
departing_employee_lockdown,Departing Employee Lockdown,Microsoft 365,urgency,How urgent is this request?,select,True,Not urgent;This week;ASAP;Emergency,Emergency work may require separate emergency support terms.
departing_employee_lockdown,Departing Employee Lockdown,Microsoft 365,users_count,Approximate number of users,number,False,,Estimate is acceptable.
departing_employee_lockdown,Departing Employee Lockdown,Microsoft 365,devices_count,Approximate number of devices,number,False,,"Include computers, phones, tablets, printers, network gear, and cameras if relevant."
departing_employee_lockdown,Departing Employee Lockdown,Microsoft 365,current_provider,"Current provider/platform, if known",text,False,,"Examples: Microsoft 365, Google Workspace, Cloudflare, GoDaddy, UniFi, Comcast, Spectrum, WordPress."
departing_employee_lockdown,Departing Employee Lockdown,Microsoft 365,admin_access_available,Do you have authorized admin access?,select,True,Yes;No;Not sure,Do not paste credentials into this form. Maine Cyber Tech will coordinate safe access separately.
departing_employee_lockdown,Departing Employee Lockdown,Microsoft 365,primary_goal,What are you trying to accomplish?,textarea,True,,"Describe the business goal, pain point, risk, outage, or improvement you want."
departing_employee_lockdown,Departing Employee Lockdown,Microsoft 365,m365_domain,Microsoft 365 primary domain,text,False,,
departing_employee_lockdown,Departing Employee Lockdown,Microsoft 365,global_admin_status,Global admin access status,select,False,Available;Not available;Not sure,
departing_employee_lockdown,Departing Employee Lockdown,Microsoft 365,m365_services_used,M365 services used,textarea,False,,
teams_cleanup_mini_project,Teams Cleanup Mini Project,Microsoft 365,business_name,Business name,text,True,,Legal or public-facing business name.
teams_cleanup_mini_project,Teams Cleanup Mini Project,Microsoft 365,contact_name,Primary contact name,text,True,,Main person Maine Cyber Tech should coordinate with.
teams_cleanup_mini_project,Teams Cleanup Mini Project,Microsoft 365,contact_email,Primary contact email,email,True,,"Used for scheduling, service updates, and deliverables."
teams_cleanup_mini_project,Teams Cleanup Mini Project,Microsoft 365,contact_phone,Best phone number,tel,False,,"Useful for urgent, onsite, or access-sensitive work."
teams_cleanup_mini_project,Teams Cleanup Mini Project,Microsoft 365,business_address,Business address or service location,textarea,False,,"Required for onsite, Wi-Fi, network, camera, hardware, or location-specific services."
teams_cleanup_mini_project,Teams Cleanup Mini Project,Microsoft 365,urgency,How urgent is this request?,select,True,Not urgent;This week;ASAP;Emergency,Emergency work may require separate emergency support terms.
teams_cleanup_mini_project,Teams Cleanup Mini Project,Microsoft 365,users_count,Approximate number of users,number,False,,Estimate is acceptable.
teams_cleanup_mini_project,Teams Cleanup Mini Project,Microsoft 365,devices_count,Approximate number of devices,number,False,,"Include computers, phones, tablets, printers, network gear, and cameras if relevant."
teams_cleanup_mini_project,Teams Cleanup Mini Project,Microsoft 365,current_provider,"Current provider/platform, if known",text,False,,"Examples: Microsoft 365, Google Workspace, Cloudflare, GoDaddy, UniFi, Comcast, Spectrum, WordPress."
teams_cleanup_mini_project,Teams Cleanup Mini Project,Microsoft 365,admin_access_available,Do you have authorized admin access?,select,True,Yes;No;Not sure,Do not paste credentials into this form. Maine Cyber Tech will coordinate safe access separately.
teams_cleanup_mini_project,Teams Cleanup Mini Project,Microsoft 365,primary_goal,What are you trying to accomplish?,textarea,True,,"Describe the business goal, pain point, risk, outage, or improvement you want."
teams_cleanup_mini_project,Teams Cleanup Mini Project,Microsoft 365,m365_domain,Microsoft 365 primary domain,text,False,,
teams_cleanup_mini_project,Teams Cleanup Mini Project,Microsoft 365,global_admin_status,Global admin access status,select,False,Available;Not available;Not sure,
teams_cleanup_mini_project,Teams Cleanup Mini Project,Microsoft 365,m365_services_used,M365 services used,textarea,False,,
microsoft_secure_score_review,Microsoft Secure Score Review,Microsoft 365,business_name,Business name,text,True,,Legal or public-facing business name.
microsoft_secure_score_review,Microsoft Secure Score Review,Microsoft 365,contact_name,Primary contact name,text,True,,Main person Maine Cyber Tech should coordinate with.
microsoft_secure_score_review,Microsoft Secure Score Review,Microsoft 365,contact_email,Primary contact email,email,True,,"Used for scheduling, service updates, and deliverables."
microsoft_secure_score_review,Microsoft Secure Score Review,Microsoft 365,contact_phone,Best phone number,tel,False,,"Useful for urgent, onsite, or access-sensitive work."
microsoft_secure_score_review,Microsoft Secure Score Review,Microsoft 365,business_address,Business address or service location,textarea,False,,"Required for onsite, Wi-Fi, network, camera, hardware, or location-specific services."
microsoft_secure_score_review,Microsoft Secure Score Review,Microsoft 365,urgency,How urgent is this request?,select,True,Not urgent;This week;ASAP;Emergency,Emergency work may require separate emergency support terms.
microsoft_secure_score_review,Microsoft Secure Score Review,Microsoft 365,users_count,Approximate number of users,number,False,,Estimate is acceptable.
microsoft_secure_score_review,Microsoft Secure Score Review,Microsoft 365,devices_count,Approximate number of devices,number,False,,"Include computers, phones, tablets, printers, network gear, and cameras if relevant."
microsoft_secure_score_review,Microsoft Secure Score Review,Microsoft 365,current_provider,"Current provider/platform, if known",text,False,,"Examples: Microsoft 365, Google Workspace, Cloudflare, GoDaddy, UniFi, Comcast, Spectrum, WordPress."
microsoft_secure_score_review,Microsoft Secure Score Review,Microsoft 365,admin_access_available,Do you have authorized admin access?,select,True,Yes;No;Not sure,Do not paste credentials into this form. Maine Cyber Tech will coordinate safe access separately.
microsoft_secure_score_review,Microsoft Secure Score Review,Microsoft 365,primary_goal,What are you trying to accomplish?,textarea,True,,"Describe the business goal, pain point, risk, outage, or improvement you want."
microsoft_secure_score_review,Microsoft Secure Score Review,Microsoft 365,m365_domain,Microsoft 365 primary domain,text,False,,
microsoft_secure_score_review,Microsoft Secure Score Review,Microsoft 365,global_admin_status,Global admin access status,select,False,Available;Not available;Not sure,
microsoft_secure_score_review,Microsoft Secure Score Review,Microsoft 365,m365_services_used,M365 services used,textarea,False,,
m365_launch_bundle,M365 Launch Bundle,Microsoft 365,business_name,Business name,text,True,,Legal or public-facing business name.
m365_launch_bundle,M365 Launch Bundle,Microsoft 365,contact_name,Primary contact name,text,True,,Main person Maine Cyber Tech should coordinate with.
m365_launch_bundle,M365 Launch Bundle,Microsoft 365,contact_email,Primary contact email,email,True,,"Used for scheduling, service updates, and deliverables."
m365_launch_bundle,M365 Launch Bundle,Microsoft 365,contact_phone,Best phone number,tel,False,,"Useful for urgent, onsite, or access-sensitive work."
m365_launch_bundle,M365 Launch Bundle,Microsoft 365,business_address,Business address or service location,textarea,False,,"Required for onsite, Wi-Fi, network, camera, hardware, or location-specific services."
m365_launch_bundle,M365 Launch Bundle,Microsoft 365,urgency,How urgent is this request?,select,True,Not urgent;This week;ASAP;Emergency,Emergency work may require separate emergency support terms.
m365_launch_bundle,M365 Launch Bundle,Microsoft 365,users_count,Approximate number of users,number,False,,Estimate is acceptable.
m365_launch_bundle,M365 Launch Bundle,Microsoft 365,devices_count,Approximate number of devices,number,False,,"Include computers, phones, tablets, printers, network gear, and cameras if relevant."
m365_launch_bundle,M365 Launch Bundle,Microsoft 365,current_provider,"Current provider/platform, if known",text,False,,"Examples: Microsoft 365, Google Workspace, Cloudflare, GoDaddy, UniFi, Comcast, Spectrum, WordPress."
m365_launch_bundle,M365 Launch Bundle,Microsoft 365,admin_access_available,Do you have authorized admin access?,select,True,Yes;No;Not sure,Do not paste credentials into this form. Maine Cyber Tech will coordinate safe access separately.
m365_launch_bundle,M365 Launch Bundle,Microsoft 365,primary_goal,What are you trying to accomplish?,textarea,True,,"Describe the business goal, pain point, risk, outage, or improvement you want."
m365_launch_bundle,M365 Launch Bundle,Microsoft 365,m365_domain,Microsoft 365 primary domain,text,False,,
m365_launch_bundle,M365 Launch Bundle,Microsoft 365,global_admin_status,Global admin access status,select,False,Available;Not available;Not sure,
m365_launch_bundle,M365 Launch Bundle,Microsoft 365,m365_services_used,M365 services used,textarea,False,,
m365_secure_bundle,M365 Secure Bundle,Microsoft 365,business_name,Business name,text,True,,Legal or public-facing business name.
m365_secure_bundle,M365 Secure Bundle,Microsoft 365,contact_name,Primary contact name,text,True,,Main person Maine Cyber Tech should coordinate with.
m365_secure_bundle,M365 Secure Bundle,Microsoft 365,contact_email,Primary contact email,email,True,,"Used for scheduling, service updates, and deliverables."
m365_secure_bundle,M365 Secure Bundle,Microsoft 365,contact_phone,Best phone number,tel,False,,"Useful for urgent, onsite, or access-sensitive work."
m365_secure_bundle,M365 Secure Bundle,Microsoft 365,business_address,Business address or service location,textarea,False,,"Required for onsite, Wi-Fi, network, camera, hardware, or location-specific services."
m365_secure_bundle,M365 Secure Bundle,Microsoft 365,urgency,How urgent is this request?,select,True,Not urgent;This week;ASAP;Emergency,Emergency work may require separate emergency support terms.
m365_secure_bundle,M365 Secure Bundle,Microsoft 365,users_count,Approximate number of users,number,False,,Estimate is acceptable.
m365_secure_bundle,M365 Secure Bundle,Microsoft 365,devices_count,Approximate number of devices,number,False,,"Include computers, phones, tablets, printers, network gear, and cameras if relevant."
m365_secure_bundle,M365 Secure Bundle,Microsoft 365,current_provider,"Current provider/platform, if known",text,False,,"Examples: Microsoft 365, Google Workspace, Cloudflare, GoDaddy, UniFi, Comcast, Spectrum, WordPress."
m365_secure_bundle,M365 Secure Bundle,Microsoft 365,admin_access_available,Do you have authorized admin access?,select,True,Yes;No;Not sure,Do not paste credentials into this form. Maine Cyber Tech will coordinate safe access separately.
m365_secure_bundle,M365 Secure Bundle,Microsoft 365,primary_goal,What are you trying to accomplish?,textarea,True,,"Describe the business goal, pain point, risk, outage, or improvement you want."
m365_secure_bundle,M365 Secure Bundle,Microsoft 365,m365_domain,Microsoft 365 primary domain,text,False,,
m365_secure_bundle,M365 Secure Bundle,Microsoft 365,global_admin_status,Global admin access status,select,False,Available;Not available;Not sure,
m365_secure_bundle,M365 Secure Bundle,Microsoft 365,m365_services_used,M365 services used,textarea,False,,
m365_cleanup_bundle,M365 Cleanup Bundle,Microsoft 365,business_name,Business name,text,True,,Legal or public-facing business name.
m365_cleanup_bundle,M365 Cleanup Bundle,Microsoft 365,contact_name,Primary contact name,text,True,,Main person Maine Cyber Tech should coordinate with.
m365_cleanup_bundle,M365 Cleanup Bundle,Microsoft 365,contact_email,Primary contact email,email,True,,"Used for scheduling, service updates, and deliverables."
m365_cleanup_bundle,M365 Cleanup Bundle,Microsoft 365,contact_phone,Best phone number,tel,False,,"Useful for urgent, onsite, or access-sensitive work."
m365_cleanup_bundle,M365 Cleanup Bundle,Microsoft 365,business_address,Business address or service location,textarea,False,,"Required for onsite, Wi-Fi, network, camera, hardware, or location-specific services."
m365_cleanup_bundle,M365 Cleanup Bundle,Microsoft 365,urgency,How urgent is this request?,select,True,Not urgent;This week;ASAP;Emergency,Emergency work may require separate emergency support terms.
m365_cleanup_bundle,M365 Cleanup Bundle,Microsoft 365,users_count,Approximate number of users,number,False,,Estimate is acceptable.
m365_cleanup_bundle,M365 Cleanup Bundle,Microsoft 365,devices_count,Approximate number of devices,number,False,,"Include computers, phones, tablets, printers, network gear, and cameras if relevant."
m365_cleanup_bundle,M365 Cleanup Bundle,Microsoft 365,current_provider,"Current provider/platform, if known",text,False,,"Examples: Microsoft 365, Google Workspace, Cloudflare, GoDaddy, UniFi, Comcast, Spectrum, WordPress."
m365_cleanup_bundle,M365 Cleanup Bundle,Microsoft 365,admin_access_available,Do you have authorized admin access?,select,True,Yes;No;Not sure,Do not paste credentials into this form. Maine Cyber Tech will coordinate safe access separately.
m365_cleanup_bundle,M365 Cleanup Bundle,Microsoft 365,primary_goal,What are you trying to accomplish?,textarea,True,,"Describe the business goal, pain point, risk, outage, or improvement you want."
m365_cleanup_bundle,M365 Cleanup Bundle,Microsoft 365,m365_domain,Microsoft 365 primary domain,text,False,,
m365_cleanup_bundle,M365 Cleanup Bundle,Microsoft 365,global_admin_status,Global admin access status,select,False,Available;Not available;Not sure,
m365_cleanup_bundle,M365 Cleanup Bundle,Microsoft 365,m365_services_used,M365 services used,textarea,False,,
m365_managed_bundle,M365 Managed Bundle,Microsoft 365,business_name,Business name,text,True,,Legal or public-facing business name.
m365_managed_bundle,M365 Managed Bundle,Microsoft 365,contact_name,Primary contact name,text,True,,Main person Maine Cyber Tech should coordinate with.
m365_managed_bundle,M365 Managed Bundle,Microsoft 365,contact_email,Primary contact email,email,True,,"Used for scheduling, service updates, and deliverables."
m365_managed_bundle,M365 Managed Bundle,Microsoft 365,contact_phone,Best phone number,tel,False,,"Useful for urgent, onsite, or access-sensitive work."
m365_managed_bundle,M365 Managed Bundle,Microsoft 365,business_address,Business address or service location,textarea,False,,"Required for onsite, Wi-Fi, network, camera, hardware, or location-specific services."
m365_managed_bundle,M365 Managed Bundle,Microsoft 365,urgency,How urgent is this request?,select,True,Not urgent;This week;ASAP;Emergency,Emergency work may require separate emergency support terms.
m365_managed_bundle,M365 Managed Bundle,Microsoft 365,users_count,Approximate number of users,number,False,,Estimate is acceptable.
m365_managed_bundle,M365 Managed Bundle,Microsoft 365,devices_count,Approximate number of devices,number,False,,"Include computers, phones, tablets, printers, network gear, and cameras if relevant."
m365_managed_bundle,M365 Managed Bundle,Microsoft 365,current_provider,"Current provider/platform, if known",text,False,,"Examples: Microsoft 365, Google Workspace, Cloudflare, GoDaddy, UniFi, Comcast, Spectrum, WordPress."
m365_managed_bundle,M365 Managed Bundle,Microsoft 365,admin_access_available,Do you have authorized admin access?,select,True,Yes;No;Not sure,Do not paste credentials into this form. Maine Cyber Tech will coordinate safe access separately.
m365_managed_bundle,M365 Managed Bundle,Microsoft 365,primary_goal,What are you trying to accomplish?,textarea,True,,"Describe the business goal, pain point, risk, outage, or improvement you want."
m365_managed_bundle,M365 Managed Bundle,Microsoft 365,m365_domain,Microsoft 365 primary domain,text,False,,
m365_managed_bundle,M365 Managed Bundle,Microsoft 365,global_admin_status,Global admin access status,select,False,Available;Not available;Not sure,
m365_managed_bundle,M365 Managed Bundle,Microsoft 365,m365_services_used,M365 services used,textarea,False,,
new_computer_setup,New Computer Setup,Computer Setup & Support,business_name,Business name,text,True,,Legal or public-facing business name.
new_computer_setup,New Computer Setup,Computer Setup & Support,contact_name,Primary contact name,text,True,,Main person Maine Cyber Tech should coordinate with.
new_computer_setup,New Computer Setup,Computer Setup & Support,contact_email,Primary contact email,email,True,,"Used for scheduling, service updates, and deliverables."
new_computer_setup,New Computer Setup,Computer Setup & Support,contact_phone,Best phone number,tel,False,,"Useful for urgent, onsite, or access-sensitive work."
new_computer_setup,New Computer Setup,Computer Setup & Support,business_address,Business address or service location,textarea,False,,"Required for onsite, Wi-Fi, network, camera, hardware, or location-specific services."
new_computer_setup,New Computer Setup,Computer Setup & Support,urgency,How urgent is this request?,select,True,Not urgent;This week;ASAP;Emergency,Emergency work may require separate emergency support terms.
new_computer_setup,New Computer Setup,Computer Setup & Support,users_count,Approximate number of users,number,False,,Estimate is acceptable.
new_computer_setup,New Computer Setup,Computer Setup & Support,devices_count,Approximate number of devices,number,False,,"Include computers, phones, tablets, printers, network gear, and cameras if relevant."
new_computer_setup,New Computer Setup,Computer Setup & Support,current_provider,"Current provider/platform, if known",text,False,,"Examples: Microsoft 365, Google Workspace, Cloudflare, GoDaddy, UniFi, Comcast, Spectrum, WordPress."
new_computer_setup,New Computer Setup,Computer Setup & Support,admin_access_available,Do you have authorized admin access?,select,True,Yes;No;Not sure,Do not paste credentials into this form. Maine Cyber Tech will coordinate safe access separately.
new_computer_setup,New Computer Setup,Computer Setup & Support,primary_goal,What are you trying to accomplish?,textarea,True,,"Describe the business goal, pain point, risk, outage, or improvement you want."
new_computer_setup,New Computer Setup,Computer Setup & Support,device_type,Device type/model,text,False,,
new_computer_setup,New Computer Setup,Computer Setup & Support,os,Operating system,select,False,Windows 11;Windows 10;macOS;Other;Not sure,
new_computer_setup,New Computer Setup,Computer Setup & Support,apps_needed,Apps or peripherals involved,textarea,False,,
business_laptop_security_setup,Business Laptop Security Setup,Computer Setup & Support,business_name,Business name,text,True,,Legal or public-facing business name.
business_laptop_security_setup,Business Laptop Security Setup,Computer Setup & Support,contact_name,Primary contact name,text,True,,Main person Maine Cyber Tech should coordinate with.
business_laptop_security_setup,Business Laptop Security Setup,Computer Setup & Support,contact_email,Primary contact email,email,True,,"Used for scheduling, service updates, and deliverables."
business_laptop_security_setup,Business Laptop Security Setup,Computer Setup & Support,contact_phone,Best phone number,tel,False,,"Useful for urgent, onsite, or access-sensitive work."
business_laptop_security_setup,Business Laptop Security Setup,Computer Setup & Support,business_address,Business address or service location,textarea,False,,"Required for onsite, Wi-Fi, network, camera, hardware, or location-specific services."
business_laptop_security_setup,Business Laptop Security Setup,Computer Setup & Support,urgency,How urgent is this request?,select,True,Not urgent;This week;ASAP;Emergency,Emergency work may require separate emergency support terms.
business_laptop_security_setup,Business Laptop Security Setup,Computer Setup & Support,users_count,Approximate number of users,number,False,,Estimate is acceptable.
business_laptop_security_setup,Business Laptop Security Setup,Computer Setup & Support,devices_count,Approximate number of devices,number,False,,"Include computers, phones, tablets, printers, network gear, and cameras if relevant."
business_laptop_security_setup,Business Laptop Security Setup,Computer Setup & Support,current_provider,"Current provider/platform, if known",text,False,,"Examples: Microsoft 365, Google Workspace, Cloudflare, GoDaddy, UniFi, Comcast, Spectrum, WordPress."
business_laptop_security_setup,Business Laptop Security Setup,Computer Setup & Support,admin_access_available,Do you have authorized admin access?,select,True,Yes;No;Not sure,Do not paste credentials into this form. Maine Cyber Tech will coordinate safe access separately.
business_laptop_security_setup,Business Laptop Security Setup,Computer Setup & Support,primary_goal,What are you trying to accomplish?,textarea,True,,"Describe the business goal, pain point, risk, outage, or improvement you want."
business_laptop_security_setup,Business Laptop Security Setup,Computer Setup & Support,device_type,Device type/model,text,False,,
business_laptop_security_setup,Business Laptop Security Setup,Computer Setup & Support,os,Operating system,select,False,Windows 11;Windows 10;macOS;Other;Not sure,
business_laptop_security_setup,Business Laptop Security Setup,Computer Setup & Support,apps_needed,Apps or peripherals involved,textarea,False,,
patch_status_snapshot,Patch Status Snapshot,Computer Setup & Support,business_name,Business name,text,True,,Legal or public-facing business name.
patch_status_snapshot,Patch Status Snapshot,Computer Setup & Support,contact_name,Primary contact name,text,True,,Main person Maine Cyber Tech should coordinate with.
patch_status_snapshot,Patch Status Snapshot,Computer Setup & Support,contact_email,Primary contact email,email,True,,"Used for scheduling, service updates, and deliverables."
patch_status_snapshot,Patch Status Snapshot,Computer Setup & Support,contact_phone,Best phone number,tel,False,,"Useful for urgent, onsite, or access-sensitive work."
patch_status_snapshot,Patch Status Snapshot,Computer Setup & Support,business_address,Business address or service location,textarea,False,,"Required for onsite, Wi-Fi, network, camera, hardware, or location-specific services."
patch_status_snapshot,Patch Status Snapshot,Computer Setup & Support,urgency,How urgent is this request?,select,True,Not urgent;This week;ASAP;Emergency,Emergency work may require separate emergency support terms.
patch_status_snapshot,Patch Status Snapshot,Computer Setup & Support,users_count,Approximate number of users,number,False,,Estimate is acceptable.
patch_status_snapshot,Patch Status Snapshot,Computer Setup & Support,devices_count,Approximate number of devices,number,False,,"Include computers, phones, tablets, printers, network gear, and cameras if relevant."
patch_status_snapshot,Patch Status Snapshot,Computer Setup & Support,current_provider,"Current provider/platform, if known",text,False,,"Examples: Microsoft 365, Google Workspace, Cloudflare, GoDaddy, UniFi, Comcast, Spectrum, WordPress."
patch_status_snapshot,Patch Status Snapshot,Computer Setup & Support,admin_access_available,Do you have authorized admin access?,select,True,Yes;No;Not sure,Do not paste credentials into this form. Maine Cyber Tech will coordinate safe access separately.
patch_status_snapshot,Patch Status Snapshot,Computer Setup & Support,primary_goal,What are you trying to accomplish?,textarea,True,,"Describe the business goal, pain point, risk, outage, or improvement you want."
patch_status_snapshot,Patch Status Snapshot,Computer Setup & Support,device_type,Device type/model,text,False,,
patch_status_snapshot,Patch Status Snapshot,Computer Setup & Support,os,Operating system,select,False,Windows 11;Windows 10;macOS;Other;Not sure,
patch_status_snapshot,Patch Status Snapshot,Computer Setup & Support,apps_needed,Apps or peripherals involved,textarea,False,,
managed_workstation_essentials,Managed Workstation Essentials,Computer Setup & Support,business_name,Business name,text,True,,Legal or public-facing business name.
managed_workstation_essentials,Managed Workstation Essentials,Computer Setup & Support,contact_name,Primary contact name,text,True,,Main person Maine Cyber Tech should coordinate with.
managed_workstation_essentials,Managed Workstation Essentials,Computer Setup & Support,contact_email,Primary contact email,email,True,,"Used for scheduling, service updates, and deliverables."
managed_workstation_essentials,Managed Workstation Essentials,Computer Setup & Support,contact_phone,Best phone number,tel,False,,"Useful for urgent, onsite, or access-sensitive work."
managed_workstation_essentials,Managed Workstation Essentials,Computer Setup & Support,business_address,Business address or service location,textarea,False,,"Required for onsite, Wi-Fi, network, camera, hardware, or location-specific services."
managed_workstation_essentials,Managed Workstation Essentials,Computer Setup & Support,urgency,How urgent is this request?,select,True,Not urgent;This week;ASAP;Emergency,Emergency work may require separate emergency support terms.
managed_workstation_essentials,Managed Workstation Essentials,Computer Setup & Support,users_count,Approximate number of users,number,False,,Estimate is acceptable.
managed_workstation_essentials,Managed Workstation Essentials,Computer Setup & Support,devices_count,Approximate number of devices,number,False,,"Include computers, phones, tablets, printers, network gear, and cameras if relevant."
managed_workstation_essentials,Managed Workstation Essentials,Computer Setup & Support,current_provider,"Current provider/platform, if known",text,False,,"Examples: Microsoft 365, Google Workspace, Cloudflare, GoDaddy, UniFi, Comcast, Spectrum, WordPress."
managed_workstation_essentials,Managed Workstation Essentials,Computer Setup & Support,admin_access_available,Do you have authorized admin access?,select,True,Yes;No;Not sure,Do not paste credentials into this form. Maine Cyber Tech will coordinate safe access separately.
managed_workstation_essentials,Managed Workstation Essentials,Computer Setup & Support,primary_goal,What are you trying to accomplish?,textarea,True,,"Describe the business goal, pain point, risk, outage, or improvement you want."
managed_workstation_essentials,Managed Workstation Essentials,Computer Setup & Support,device_type,Device type/model,text,False,,
managed_workstation_essentials,Managed Workstation Essentials,Computer Setup & Support,os,Operating system,select,False,Windows 11;Windows 10;macOS;Other;Not sure,
managed_workstation_essentials,Managed Workstation Essentials,Computer Setup & Support,apps_needed,Apps or peripherals involved,textarea,False,,
managed_workstation_protect,Managed Workstation Protect,Computer Setup & Support,business_name,Business name,text,True,,Legal or public-facing business name.
managed_workstation_protect,Managed Workstation Protect,Computer Setup & Support,contact_name,Primary contact name,text,True,,Main person Maine Cyber Tech should coordinate with.
managed_workstation_protect,Managed Workstation Protect,Computer Setup & Support,contact_email,Primary contact email,email,True,,"Used for scheduling, service updates, and deliverables."
managed_workstation_protect,Managed Workstation Protect,Computer Setup & Support,contact_phone,Best phone number,tel,False,,"Useful for urgent, onsite, or access-sensitive work."
managed_workstation_protect,Managed Workstation Protect,Computer Setup & Support,business_address,Business address or service location,textarea,False,,"Required for onsite, Wi-Fi, network, camera, hardware, or location-specific services."
managed_workstation_protect,Managed Workstation Protect,Computer Setup & Support,urgency,How urgent is this request?,select,True,Not urgent;This week;ASAP;Emergency,Emergency work may require separate emergency support terms.
managed_workstation_protect,Managed Workstation Protect,Computer Setup & Support,users_count,Approximate number of users,number,False,,Estimate is acceptable.
managed_workstation_protect,Managed Workstation Protect,Computer Setup & Support,devices_count,Approximate number of devices,number,False,,"Include computers, phones, tablets, printers, network gear, and cameras if relevant."
managed_workstation_protect,Managed Workstation Protect,Computer Setup & Support,current_provider,"Current provider/platform, if known",text,False,,"Examples: Microsoft 365, Google Workspace, Cloudflare, GoDaddy, UniFi, Comcast, Spectrum, WordPress."
managed_workstation_protect,Managed Workstation Protect,Computer Setup & Support,admin_access_available,Do you have authorized admin access?,select,True,Yes;No;Not sure,Do not paste credentials into this form. Maine Cyber Tech will coordinate safe access separately.
managed_workstation_protect,Managed Workstation Protect,Computer Setup & Support,primary_goal,What are you trying to accomplish?,textarea,True,,"Describe the business goal, pain point, risk, outage, or improvement you want."
managed_workstation_protect,Managed Workstation Protect,Computer Setup & Support,device_type,Device type/model,text,False,,
managed_workstation_protect,Managed Workstation Protect,Computer Setup & Support,os,Operating system,select,False,Windows 11;Windows 10;macOS;Other;Not sure,
managed_workstation_protect,Managed Workstation Protect,Computer Setup & Support,apps_needed,Apps or peripherals involved,textarea,False,,
managed_workstation_complete,Managed Workstation Complete,Computer Setup & Support,business_name,Business name,text,True,,Legal or public-facing business name.
managed_workstation_complete,Managed Workstation Complete,Computer Setup & Support,contact_name,Primary contact name,text,True,,Main person Maine Cyber Tech should coordinate with.
managed_workstation_complete,Managed Workstation Complete,Computer Setup & Support,contact_email,Primary contact email,email,True,,"Used for scheduling, service updates, and deliverables."
managed_workstation_complete,Managed Workstation Complete,Computer Setup & Support,contact_phone,Best phone number,tel,False,,"Useful for urgent, onsite, or access-sensitive work."
managed_workstation_complete,Managed Workstation Complete,Computer Setup & Support,business_address,Business address or service location,textarea,False,,"Required for onsite, Wi-Fi, network, camera, hardware, or location-specific services."
managed_workstation_complete,Managed Workstation Complete,Computer Setup & Support,urgency,How urgent is this request?,select,True,Not urgent;This week;ASAP;Emergency,Emergency work may require separate emergency support terms.
managed_workstation_complete,Managed Workstation Complete,Computer Setup & Support,users_count,Approximate number of users,number,False,,Estimate is acceptable.
managed_workstation_complete,Managed Workstation Complete,Computer Setup & Support,devices_count,Approximate number of devices,number,False,,"Include computers, phones, tablets, printers, network gear, and cameras if relevant."
managed_workstation_complete,Managed Workstation Complete,Computer Setup & Support,current_provider,"Current provider/platform, if known",text,False,,"Examples: Microsoft 365, Google Workspace, Cloudflare, GoDaddy, UniFi, Comcast, Spectrum, WordPress."
managed_workstation_complete,Managed Workstation Complete,Computer Setup & Support,admin_access_available,Do you have authorized admin access?,select,True,Yes;No;Not sure,Do not paste credentials into this form. Maine Cyber Tech will coordinate safe access separately.
managed_workstation_complete,Managed Workstation Complete,Computer Setup & Support,primary_goal,What are you trying to accomplish?,textarea,True,,"Describe the business goal, pain point, risk, outage, or improvement you want."
managed_workstation_complete,Managed Workstation Complete,Computer Setup & Support,device_type,Device type/model,text,False,,
managed_workstation_complete,Managed Workstation Complete,Computer Setup & Support,os,Operating system,select,False,Windows 11;Windows 10;macOS;Other;Not sure,
managed_workstation_complete,Managed Workstation Complete,Computer Setup & Support,apps_needed,Apps or peripherals involved,textarea,False,,
laptop_procurement,Laptop Procurement,Computer Setup & Support,business_name,Business name,text,True,,Legal or public-facing business name.
laptop_procurement,Laptop Procurement,Computer Setup & Support,contact_name,Primary contact name,text,True,,Main person Maine Cyber Tech should coordinate with.
laptop_procurement,Laptop Procurement,Computer Setup & Support,contact_email,Primary contact email,email,True,,"Used for scheduling, service updates, and deliverables."
laptop_procurement,Laptop Procurement,Computer Setup & Support,contact_phone,Best phone number,tel,False,,"Useful for urgent, onsite, or access-sensitive work."
laptop_procurement,Laptop Procurement,Computer Setup & Support,business_address,Business address or service location,textarea,False,,"Required for onsite, Wi-Fi, network, camera, hardware, or location-specific services."
laptop_procurement,Laptop Procurement,Computer Setup & Support,urgency,How urgent is this request?,select,True,Not urgent;This week;ASAP;Emergency,Emergency work may require separate emergency support terms.
laptop_procurement,Laptop Procurement,Computer Setup & Support,users_count,Approximate number of users,number,False,,Estimate is acceptable.
laptop_procurement,Laptop Procurement,Computer Setup & Support,devices_count,Approximate number of devices,number,False,,"Include computers, phones, tablets, printers, network gear, and cameras if relevant."
laptop_procurement,Laptop Procurement,Computer Setup & Support,current_provider,"Current provider/platform, if known",text,False,,"Examples: Microsoft 365, Google Workspace, Cloudflare, GoDaddy, UniFi, Comcast, Spectrum, WordPress."
laptop_procurement,Laptop Procurement,Computer Setup & Support,admin_access_available,Do you have authorized admin access?,select,True,Yes;No;Not sure,Do not paste credentials into this form. Maine Cyber Tech will coordinate safe access separately.
laptop_procurement,Laptop Procurement,Computer Setup & Support,primary_goal,What are you trying to accomplish?,textarea,True,,"Describe the business goal, pain point, risk, outage, or improvement you want."
laptop_procurement,Laptop Procurement,Computer Setup & Support,device_type,Device type/model,text,False,,
laptop_procurement,Laptop Procurement,Computer Setup & Support,os,Operating system,select,False,Windows 11;Windows 10;macOS;Other;Not sure,
laptop_procurement,Laptop Procurement,Computer Setup & Support,apps_needed,Apps or peripherals involved,textarea,False,,
desktop_procurement,Desktop Procurement,Computer Setup & Support,business_name,Business name,text,True,,Legal or public-facing business name.
desktop_procurement,Desktop Procurement,Computer Setup & Support,contact_name,Primary contact name,text,True,,Main person Maine Cyber Tech should coordinate with.
desktop_procurement,Desktop Procurement,Computer Setup & Support,contact_email,Primary contact email,email,True,,"Used for scheduling, service updates, and deliverables."
desktop_procurement,Desktop Procurement,Computer Setup & Support,contact_phone,Best phone number,tel,False,,"Useful for urgent, onsite, or access-sensitive work."
desktop_procurement,Desktop Procurement,Computer Setup & Support,business_address,Business address or service location,textarea,False,,"Required for onsite, Wi-Fi, network, camera, hardware, or location-specific services."
desktop_procurement,Desktop Procurement,Computer Setup & Support,urgency,How urgent is this request?,select,True,Not urgent;This week;ASAP;Emergency,Emergency work may require separate emergency support terms.
desktop_procurement,Desktop Procurement,Computer Setup & Support,users_count,Approximate number of users,number,False,,Estimate is acceptable.
desktop_procurement,Desktop Procurement,Computer Setup & Support,devices_count,Approximate number of devices,number,False,,"Include computers, phones, tablets, printers, network gear, and cameras if relevant."
desktop_procurement,Desktop Procurement,Computer Setup & Support,current_provider,"Current provider/platform, if known",text,False,,"Examples: Microsoft 365, Google Workspace, Cloudflare, GoDaddy, UniFi, Comcast, Spectrum, WordPress."
desktop_procurement,Desktop Procurement,Computer Setup & Support,admin_access_available,Do you have authorized admin access?,select,True,Yes;No;Not sure,Do not paste credentials into this form. Maine Cyber Tech will coordinate safe access separately.
desktop_procurement,Desktop Procurement,Computer Setup & Support,primary_goal,What are you trying to accomplish?,textarea,True,,"Describe the business goal, pain point, risk, outage, or improvement you want."
desktop_procurement,Desktop Procurement,Computer Setup & Support,device_type,Device type/model,text,False,,
desktop_procurement,Desktop Procurement,Computer Setup & Support,os,Operating system,select,False,Windows 11;Windows 10;macOS;Other;Not sure,
desktop_procurement,Desktop Procurement,Computer Setup & Support,apps_needed,Apps or peripherals involved,textarea,False,,
printer_procurement_help,Printer Procurement Help,Computer Setup & Support,business_name,Business name,text,True,,Legal or public-facing business name.
printer_procurement_help,Printer Procurement Help,Computer Setup & Support,contact_name,Primary contact name,text,True,,Main person Maine Cyber Tech should coordinate with.
printer_procurement_help,Printer Procurement Help,Computer Setup & Support,contact_email,Primary contact email,email,True,,"Used for scheduling, service updates, and deliverables."
printer_procurement_help,Printer Procurement Help,Computer Setup & Support,contact_phone,Best phone number,tel,False,,"Useful for urgent, onsite, or access-sensitive work."
printer_procurement_help,Printer Procurement Help,Computer Setup & Support,business_address,Business address or service location,textarea,False,,"Required for onsite, Wi-Fi, network, camera, hardware, or location-specific services."
printer_procurement_help,Printer Procurement Help,Computer Setup & Support,urgency,How urgent is this request?,select,True,Not urgent;This week;ASAP;Emergency,Emergency work may require separate emergency support terms.
printer_procurement_help,Printer Procurement Help,Computer Setup & Support,users_count,Approximate number of users,number,False,,Estimate is acceptable.
printer_procurement_help,Printer Procurement Help,Computer Setup & Support,devices_count,Approximate number of devices,number,False,,"Include computers, phones, tablets, printers, network gear, and cameras if relevant."
printer_procurement_help,Printer Procurement Help,Computer Setup & Support,current_provider,"Current provider/platform, if known",text,False,,"Examples: Microsoft 365, Google Workspace, Cloudflare, GoDaddy, UniFi, Comcast, Spectrum, WordPress."
printer_procurement_help,Printer Procurement Help,Computer Setup & Support,admin_access_available,Do you have authorized admin access?,select,True,Yes;No;Not sure,Do not paste credentials into this form. Maine Cyber Tech will coordinate safe access separately.
printer_procurement_help,Printer Procurement Help,Computer Setup & Support,primary_goal,What are you trying to accomplish?,textarea,True,,"Describe the business goal, pain point, risk, outage, or improvement you want."
printer_procurement_help,Printer Procurement Help,Computer Setup & Support,device_type,Device type/model,text,False,,
printer_procurement_help,Printer Procurement Help,Computer Setup & Support,os,Operating system,select,False,Windows 11;Windows 10;macOS;Other;Not sure,
printer_procurement_help,Printer Procurement Help,Computer Setup & Support,apps_needed,Apps or peripherals involved,textarea,False,,
warranty_tracking,Warranty Tracking,Computer Setup & Support,business_name,Business name,text,True,,Legal or public-facing business name.
warranty_tracking,Warranty Tracking,Computer Setup & Support,contact_name,Primary contact name,text,True,,Main person Maine Cyber Tech should coordinate with.
warranty_tracking,Warranty Tracking,Computer Setup & Support,contact_email,Primary contact email,email,True,,"Used for scheduling, service updates, and deliverables."
warranty_tracking,Warranty Tracking,Computer Setup & Support,contact_phone,Best phone number,tel,False,,"Useful for urgent, onsite, or access-sensitive work."
warranty_tracking,Warranty Tracking,Computer Setup & Support,business_address,Business address or service location,textarea,False,,"Required for onsite, Wi-Fi, network, camera, hardware, or location-specific services."
warranty_tracking,Warranty Tracking,Computer Setup & Support,urgency,How urgent is this request?,select,True,Not urgent;This week;ASAP;Emergency,Emergency work may require separate emergency support terms.
warranty_tracking,Warranty Tracking,Computer Setup & Support,users_count,Approximate number of users,number,False,,Estimate is acceptable.
warranty_tracking,Warranty Tracking,Computer Setup & Support,devices_count,Approximate number of devices,number,False,,"Include computers, phones, tablets, printers, network gear, and cameras if relevant."
warranty_tracking,Warranty Tracking,Computer Setup & Support,current_provider,"Current provider/platform, if known",text,False,,"Examples: Microsoft 365, Google Workspace, Cloudflare, GoDaddy, UniFi, Comcast, Spectrum, WordPress."
warranty_tracking,Warranty Tracking,Computer Setup & Support,admin_access_available,Do you have authorized admin access?,select,True,Yes;No;Not sure,Do not paste credentials into this form. Maine Cyber Tech will coordinate safe access separately.
warranty_tracking,Warranty Tracking,Computer Setup & Support,primary_goal,What are you trying to accomplish?,textarea,True,,"Describe the business goal, pain point, risk, outage, or improvement you want."
warranty_tracking,Warranty Tracking,Computer Setup & Support,device_type,Device type/model,text,False,,
warranty_tracking,Warranty Tracking,Computer Setup & Support,os,Operating system,select,False,Windows 11;Windows 10;macOS;Other;Not sure,
warranty_tracking,Warranty Tracking,Computer Setup & Support,apps_needed,Apps or peripherals involved,textarea,False,,
lifecycle_replacement_plan,Lifecycle Replacement Plan,Computer Setup & Support,business_name,Business name,text,True,,Legal or public-facing business name.
lifecycle_replacement_plan,Lifecycle Replacement Plan,Computer Setup & Support,contact_name,Primary contact name,text,True,,Main person Maine Cyber Tech should coordinate with.
lifecycle_replacement_plan,Lifecycle Replacement Plan,Computer Setup & Support,contact_email,Primary contact email,email,True,,"Used for scheduling, service updates, and deliverables."
lifecycle_replacement_plan,Lifecycle Replacement Plan,Computer Setup & Support,contact_phone,Best phone number,tel,False,,"Useful for urgent, onsite, or access-sensitive work."
lifecycle_replacement_plan,Lifecycle Replacement Plan,Computer Setup & Support,business_address,Business address or service location,textarea,False,,"Required for onsite, Wi-Fi, network, camera, hardware, or location-specific services."
lifecycle_replacement_plan,Lifecycle Replacement Plan,Computer Setup & Support,urgency,How urgent is this request?,select,True,Not urgent;This week;ASAP;Emergency,Emergency work may require separate emergency support terms.
lifecycle_replacement_plan,Lifecycle Replacement Plan,Computer Setup & Support,users_count,Approximate number of users,number,False,,Estimate is acceptable.
lifecycle_replacement_plan,Lifecycle Replacement Plan,Computer Setup & Support,devices_count,Approximate number of devices,number,False,,"Include computers, phones, tablets, printers, network gear, and cameras if relevant."
lifecycle_replacement_plan,Lifecycle Replacement Plan,Computer Setup & Support,current_provider,"Current provider/platform, if known",text,False,,"Examples: Microsoft 365, Google Workspace, Cloudflare, GoDaddy, UniFi, Comcast, Spectrum, WordPress."
lifecycle_replacement_plan,Lifecycle Replacement Plan,Computer Setup & Support,admin_access_available,Do you have authorized admin access?,select,True,Yes;No;Not sure,Do not paste credentials into this form. Maine Cyber Tech will coordinate safe access separately.
lifecycle_replacement_plan,Lifecycle Replacement Plan,Computer Setup & Support,primary_goal,What are you trying to accomplish?,textarea,True,,"Describe the business goal, pain point, risk, outage, or improvement you want."
lifecycle_replacement_plan,Lifecycle Replacement Plan,Computer Setup & Support,device_type,Device type/model,text,False,,
lifecycle_replacement_plan,Lifecycle Replacement Plan,Computer Setup & Support,os,Operating system,select,False,Windows 11;Windows 10;macOS;Other;Not sure,
lifecycle_replacement_plan,Lifecycle Replacement Plan,Computer Setup & Support,apps_needed,Apps or peripherals involved,textarea,False,,
workstation_refresh_pack,Workstation Refresh Pack,Computer Setup & Support,business_name,Business name,text,True,,Legal or public-facing business name.
workstation_refresh_pack,Workstation Refresh Pack,Computer Setup & Support,contact_name,Primary contact name,text,True,,Main person Maine Cyber Tech should coordinate with.
workstation_refresh_pack,Workstation Refresh Pack,Computer Setup & Support,contact_email,Primary contact email,email,True,,"Used for scheduling, service updates, and deliverables."
workstation_refresh_pack,Workstation Refresh Pack,Computer Setup & Support,contact_phone,Best phone number,tel,False,,"Useful for urgent, onsite, or access-sensitive work."
workstation_refresh_pack,Workstation Refresh Pack,Computer Setup & Support,business_address,Business address or service location,textarea,False,,"Required for onsite, Wi-Fi, network, camera, hardware, or location-specific services."
workstation_refresh_pack,Workstation Refresh Pack,Computer Setup & Support,urgency,How urgent is this request?,select,True,Not urgent;This week;ASAP;Emergency,Emergency work may require separate emergency support terms.
workstation_refresh_pack,Workstation Refresh Pack,Computer Setup & Support,users_count,Approximate number of users,number,False,,Estimate is acceptable.
workstation_refresh_pack,Workstation Refresh Pack,Computer Setup & Support,devices_count,Approximate number of devices,number,False,,"Include computers, phones, tablets, printers, network gear, and cameras if relevant."
workstation_refresh_pack,Workstation Refresh Pack,Computer Setup & Support,current_provider,"Current provider/platform, if known",text,False,,"Examples: Microsoft 365, Google Workspace, Cloudflare, GoDaddy, UniFi, Comcast, Spectrum, WordPress."
workstation_refresh_pack,Workstation Refresh Pack,Computer Setup & Support,admin_access_available,Do you have authorized admin access?,select,True,Yes;No;Not sure,Do not paste credentials into this form. Maine Cyber Tech will coordinate safe access separately.
workstation_refresh_pack,Workstation Refresh Pack,Computer Setup & Support,primary_goal,What are you trying to accomplish?,textarea,True,,"Describe the business goal, pain point, risk, outage, or improvement you want."
workstation_refresh_pack,Workstation Refresh Pack,Computer Setup & Support,device_type,Device type/model,text,False,,
workstation_refresh_pack,Workstation Refresh Pack,Computer Setup & Support,os,Operating system,select,False,Windows 11;Windows 10;macOS;Other;Not sure,
workstation_refresh_pack,Workstation Refresh Pack,Computer Setup & Support,apps_needed,Apps or peripherals involved,textarea,False,,
data_transfer_service,Data Transfer Service,Computer Setup & Support,business_name,Business name,text,True,,Legal or public-facing business name.
data_transfer_service,Data Transfer Service,Computer Setup & Support,contact_name,Primary contact name,text,True,,Main person Maine Cyber Tech should coordinate with.
data_transfer_service,Data Transfer Service,Computer Setup & Support,contact_email,Primary contact email,email,True,,"Used for scheduling, service updates, and deliverables."
data_transfer_service,Data Transfer Service,Computer Setup & Support,contact_phone,Best phone number,tel,False,,"Useful for urgent, onsite, or access-sensitive work."
data_transfer_service,Data Transfer Service,Computer Setup & Support,business_address,Business address or service location,textarea,False,,"Required for onsite, Wi-Fi, network, camera, hardware, or location-specific services."
data_transfer_service,Data Transfer Service,Computer Setup & Support,urgency,How urgent is this request?,select,True,Not urgent;This week;ASAP;Emergency,Emergency work may require separate emergency support terms.
data_transfer_service,Data Transfer Service,Computer Setup & Support,users_count,Approximate number of users,number,False,,Estimate is acceptable.
data_transfer_service,Data Transfer Service,Computer Setup & Support,devices_count,Approximate number of devices,number,False,,"Include computers, phones, tablets, printers, network gear, and cameras if relevant."
data_transfer_service,Data Transfer Service,Computer Setup & Support,current_provider,"Current provider/platform, if known",text,False,,"Examples: Microsoft 365, Google Workspace, Cloudflare, GoDaddy, UniFi, Comcast, Spectrum, WordPress."
data_transfer_service,Data Transfer Service,Computer Setup & Support,admin_access_available,Do you have authorized admin access?,select,True,Yes;No;Not sure,Do not paste credentials into this form. Maine Cyber Tech will coordinate safe access separately.
data_transfer_service,Data Transfer Service,Computer Setup & Support,primary_goal,What are you trying to accomplish?,textarea,True,,"Describe the business goal, pain point, risk, outage, or improvement you want."
data_transfer_service,Data Transfer Service,Computer Setup & Support,device_type,Device type/model,text,False,,
data_transfer_service,Data Transfer Service,Computer Setup & Support,os,Operating system,select,False,Windows 11;Windows 10;macOS;Other;Not sure,
data_transfer_service,Data Transfer Service,Computer Setup & Support,apps_needed,Apps or peripherals involved,textarea,False,,
old_device_wipe_coordination,Old Device Wipe Coordination,Computer Setup & Support,business_name,Business name,text,True,,Legal or public-facing business name.
old_device_wipe_coordination,Old Device Wipe Coordination,Computer Setup & Support,contact_name,Primary contact name,text,True,,Main person Maine Cyber Tech should coordinate with.
old_device_wipe_coordination,Old Device Wipe Coordination,Computer Setup & Support,contact_email,Primary contact email,email,True,,"Used for scheduling, service updates, and deliverables."
old_device_wipe_coordination,Old Device Wipe Coordination,Computer Setup & Support,contact_phone,Best phone number,tel,False,,"Useful for urgent, onsite, or access-sensitive work."
old_device_wipe_coordination,Old Device Wipe Coordination,Computer Setup & Support,business_address,Business address or service location,textarea,False,,"Required for onsite, Wi-Fi, network, camera, hardware, or location-specific services."
old_device_wipe_coordination,Old Device Wipe Coordination,Computer Setup & Support,urgency,How urgent is this request?,select,True,Not urgent;This week;ASAP;Emergency,Emergency work may require separate emergency support terms.
old_device_wipe_coordination,Old Device Wipe Coordination,Computer Setup & Support,users_count,Approximate number of users,number,False,,Estimate is acceptable.
old_device_wipe_coordination,Old Device Wipe Coordination,Computer Setup & Support,devices_count,Approximate number of devices,number,False,,"Include computers, phones, tablets, printers, network gear, and cameras if relevant."
old_device_wipe_coordination,Old Device Wipe Coordination,Computer Setup & Support,current_provider,"Current provider/platform, if known",text,False,,"Examples: Microsoft 365, Google Workspace, Cloudflare, GoDaddy, UniFi, Comcast, Spectrum, WordPress."
old_device_wipe_coordination,Old Device Wipe Coordination,Computer Setup & Support,admin_access_available,Do you have authorized admin access?,select,True,Yes;No;Not sure,Do not paste credentials into this form. Maine Cyber Tech will coordinate safe access separately.
old_device_wipe_coordination,Old Device Wipe Coordination,Computer Setup & Support,primary_goal,What are you trying to accomplish?,textarea,True,,"Describe the business goal, pain point, risk, outage, or improvement you want."
old_device_wipe_coordination,Old Device Wipe Coordination,Computer Setup & Support,device_type,Device type/model,text,False,,
old_device_wipe_coordination,Old Device Wipe Coordination,Computer Setup & Support,os,Operating system,select,False,Windows 11;Windows 10;macOS;Other;Not sure,
old_device_wipe_coordination,Old Device Wipe Coordination,Computer Setup & Support,apps_needed,Apps or peripherals involved,textarea,False,,
conference_room_audio_setup,Conference Room Audio Setup,Computer Setup & Support,business_name,Business name,text,True,,Legal or public-facing business name.
conference_room_audio_setup,Conference Room Audio Setup,Computer Setup & Support,contact_name,Primary contact name,text,True,,Main person Maine Cyber Tech should coordinate with.
conference_room_audio_setup,Conference Room Audio Setup,Computer Setup & Support,contact_email,Primary contact email,email,True,,"Used for scheduling, service updates, and deliverables."
conference_room_audio_setup,Conference Room Audio Setup,Computer Setup & Support,contact_phone,Best phone number,tel,False,,"Useful for urgent, onsite, or access-sensitive work."
conference_room_audio_setup,Conference Room Audio Setup,Computer Setup & Support,business_address,Business address or service location,textarea,False,,"Required for onsite, Wi-Fi, network, camera, hardware, or location-specific services."
conference_room_audio_setup,Conference Room Audio Setup,Computer Setup & Support,urgency,How urgent is this request?,select,True,Not urgent;This week;ASAP;Emergency,Emergency work may require separate emergency support terms.
conference_room_audio_setup,Conference Room Audio Setup,Computer Setup & Support,users_count,Approximate number of users,number,False,,Estimate is acceptable.
conference_room_audio_setup,Conference Room Audio Setup,Computer Setup & Support,devices_count,Approximate number of devices,number,False,,"Include computers, phones, tablets, printers, network gear, and cameras if relevant."
conference_room_audio_setup,Conference Room Audio Setup,Computer Setup & Support,current_provider,"Current provider/platform, if known",text,False,,"Examples: Microsoft 365, Google Workspace, Cloudflare, GoDaddy, UniFi, Comcast, Spectrum, WordPress."
conference_room_audio_setup,Conference Room Audio Setup,Computer Setup & Support,admin_access_available,Do you have authorized admin access?,select,True,Yes;No;Not sure,Do not paste credentials into this form. Maine Cyber Tech will coordinate safe access separately.
conference_room_audio_setup,Conference Room Audio Setup,Computer Setup & Support,primary_goal,What are you trying to accomplish?,textarea,True,,"Describe the business goal, pain point, risk, outage, or improvement you want."
conference_room_audio_setup,Conference Room Audio Setup,Computer Setup & Support,device_type,Device type/model,text,False,,
conference_room_audio_setup,Conference Room Audio Setup,Computer Setup & Support,os,Operating system,select,False,Windows 11;Windows 10;macOS;Other;Not sure,
conference_room_audio_setup,Conference Room Audio Setup,Computer Setup & Support,apps_needed,Apps or peripherals involved,textarea,False,,
microsoft_365_basics_training,Microsoft 365 Basics Training,Computer Setup & Support,business_name,Business name,text,True,,Legal or public-facing business name.
microsoft_365_basics_training,Microsoft 365 Basics Training,Computer Setup & Support,contact_name,Primary contact name,text,True,,Main person Maine Cyber Tech should coordinate with.
microsoft_365_basics_training,Microsoft 365 Basics Training,Computer Setup & Support,contact_email,Primary contact email,email,True,,"Used for scheduling, service updates, and deliverables."
microsoft_365_basics_training,Microsoft 365 Basics Training,Computer Setup & Support,contact_phone,Best phone number,tel,False,,"Useful for urgent, onsite, or access-sensitive work."
microsoft_365_basics_training,Microsoft 365 Basics Training,Computer Setup & Support,business_address,Business address or service location,textarea,False,,"Required for onsite, Wi-Fi, network, camera, hardware, or location-specific services."
microsoft_365_basics_training,Microsoft 365 Basics Training,Computer Setup & Support,urgency,How urgent is this request?,select,True,Not urgent;This week;ASAP;Emergency,Emergency work may require separate emergency support terms.
microsoft_365_basics_training,Microsoft 365 Basics Training,Computer Setup & Support,users_count,Approximate number of users,number,False,,Estimate is acceptable.
microsoft_365_basics_training,Microsoft 365 Basics Training,Computer Setup & Support,devices_count,Approximate number of devices,number,False,,"Include computers, phones, tablets, printers, network gear, and cameras if relevant."
microsoft_365_basics_training,Microsoft 365 Basics Training,Computer Setup & Support,current_provider,"Current provider/platform, if known",text,False,,"Examples: Microsoft 365, Google Workspace, Cloudflare, GoDaddy, UniFi, Comcast, Spectrum, WordPress."
microsoft_365_basics_training,Microsoft 365 Basics Training,Computer Setup & Support,admin_access_available,Do you have authorized admin access?,select,True,Yes;No;Not sure,Do not paste credentials into this form. Maine Cyber Tech will coordinate safe access separately.
microsoft_365_basics_training,Microsoft 365 Basics Training,Computer Setup & Support,primary_goal,What are you trying to accomplish?,textarea,True,,"Describe the business goal, pain point, risk, outage, or improvement you want."
microsoft_365_basics_training,Microsoft 365 Basics Training,Computer Setup & Support,device_type,Device type/model,text,False,,
microsoft_365_basics_training,Microsoft 365 Basics Training,Computer Setup & Support,os,Operating system,select,False,Windows 11;Windows 10;macOS;Other;Not sure,
microsoft_365_basics_training,Microsoft 365 Basics Training,Computer Setup & Support,apps_needed,Apps or peripherals involved,textarea,False,,
teams_and_sharepoint_training,Teams and SharePoint Training,Computer Setup & Support,business_name,Business name,text,True,,Legal or public-facing business name.
teams_and_sharepoint_training,Teams and SharePoint Training,Computer Setup & Support,contact_name,Primary contact name,text,True,,Main person Maine Cyber Tech should coordinate with.
teams_and_sharepoint_training,Teams and SharePoint Training,Computer Setup & Support,contact_email,Primary contact email,email,True,,"Used for scheduling, service updates, and deliverables."
teams_and_sharepoint_training,Teams and SharePoint Training,Computer Setup & Support,contact_phone,Best phone number,tel,False,,"Useful for urgent, onsite, or access-sensitive work."
teams_and_sharepoint_training,Teams and SharePoint Training,Computer Setup & Support,business_address,Business address or service location,textarea,False,,"Required for onsite, Wi-Fi, network, camera, hardware, or location-specific services."
teams_and_sharepoint_training,Teams and SharePoint Training,Computer Setup & Support,urgency,How urgent is this request?,select,True,Not urgent;This week;ASAP;Emergency,Emergency work may require separate emergency support terms.
teams_and_sharepoint_training,Teams and SharePoint Training,Computer Setup & Support,users_count,Approximate number of users,number,False,,Estimate is acceptable.
teams_and_sharepoint_training,Teams and SharePoint Training,Computer Setup & Support,devices_count,Approximate number of devices,number,False,,"Include computers, phones, tablets, printers, network gear, and cameras if relevant."
teams_and_sharepoint_training,Teams and SharePoint Training,Computer Setup & Support,current_provider,"Current provider/platform, if known",text,False,,"Examples: Microsoft 365, Google Workspace, Cloudflare, GoDaddy, UniFi, Comcast, Spectrum, WordPress."
teams_and_sharepoint_training,Teams and SharePoint Training,Computer Setup & Support,admin_access_available,Do you have authorized admin access?,select,True,Yes;No;Not sure,Do not paste credentials into this form. Maine Cyber Tech will coordinate safe access separately.
teams_and_sharepoint_training,Teams and SharePoint Training,Computer Setup & Support,primary_goal,What are you trying to accomplish?,textarea,True,,"Describe the business goal, pain point, risk, outage, or improvement you want."
teams_and_sharepoint_training,Teams and SharePoint Training,Computer Setup & Support,device_type,Device type/model,text,False,,
teams_and_sharepoint_training,Teams and SharePoint Training,Computer Setup & Support,os,Operating system,select,False,Windows 11;Windows 10;macOS;Other;Not sure,
teams_and_sharepoint_training,Teams and SharePoint Training,Computer Setup & Support,apps_needed,Apps or peripherals involved,textarea,False,,
wi_fi_coverage_check,Wi-Fi Coverage Check,Wi-Fi & Networking,business_name,Business name,text,True,,Legal or public-facing business name.
wi_fi_coverage_check,Wi-Fi Coverage Check,Wi-Fi & Networking,contact_name,Primary contact name,text,True,,Main person Maine Cyber Tech should coordinate with.
wi_fi_coverage_check,Wi-Fi Coverage Check,Wi-Fi & Networking,contact_email,Primary contact email,email,True,,"Used for scheduling, service updates, and deliverables."
wi_fi_coverage_check,Wi-Fi Coverage Check,Wi-Fi & Networking,contact_phone,Best phone number,tel,False,,"Useful for urgent, onsite, or access-sensitive work."
wi_fi_coverage_check,Wi-Fi Coverage Check,Wi-Fi & Networking,business_address,Business address or service location,textarea,False,,"Required for onsite, Wi-Fi, network, camera, hardware, or location-specific services."
wi_fi_coverage_check,Wi-Fi Coverage Check,Wi-Fi & Networking,urgency,How urgent is this request?,select,True,Not urgent;This week;ASAP;Emergency,Emergency work may require separate emergency support terms.
wi_fi_coverage_check,Wi-Fi Coverage Check,Wi-Fi & Networking,users_count,Approximate number of users,number,False,,Estimate is acceptable.
wi_fi_coverage_check,Wi-Fi Coverage Check,Wi-Fi & Networking,devices_count,Approximate number of devices,number,False,,"Include computers, phones, tablets, printers, network gear, and cameras if relevant."
wi_fi_coverage_check,Wi-Fi Coverage Check,Wi-Fi & Networking,current_provider,"Current provider/platform, if known",text,False,,"Examples: Microsoft 365, Google Workspace, Cloudflare, GoDaddy, UniFi, Comcast, Spectrum, WordPress."
wi_fi_coverage_check,Wi-Fi Coverage Check,Wi-Fi & Networking,admin_access_available,Do you have authorized admin access?,select,True,Yes;No;Not sure,Do not paste credentials into this form. Maine Cyber Tech will coordinate safe access separately.
wi_fi_coverage_check,Wi-Fi Coverage Check,Wi-Fi & Networking,primary_goal,What are you trying to accomplish?,textarea,True,,"Describe the business goal, pain point, risk, outage, or improvement you want."
wi_fi_coverage_check,Wi-Fi Coverage Check,Wi-Fi & Networking,coverage_scope,Coverage scope,select,False,Indoor;Outdoor;Both;Not sure,
wi_fi_coverage_check,Wi-Fi Coverage Check,Wi-Fi & Networking,network_equipment,Current network equipment,textarea,False,,
wi_fi_coverage_check,Wi-Fi Coverage Check,Wi-Fi & Networking,guest_wifi_required,Guest Wi-Fi required?,select,False,Yes;No;Not sure,
network_health_check,Network Health Check,Wi-Fi & Networking,business_name,Business name,text,True,,Legal or public-facing business name.
network_health_check,Network Health Check,Wi-Fi & Networking,contact_name,Primary contact name,text,True,,Main person Maine Cyber Tech should coordinate with.
network_health_check,Network Health Check,Wi-Fi & Networking,contact_email,Primary contact email,email,True,,"Used for scheduling, service updates, and deliverables."
network_health_check,Network Health Check,Wi-Fi & Networking,contact_phone,Best phone number,tel,False,,"Useful for urgent, onsite, or access-sensitive work."
network_health_check,Network Health Check,Wi-Fi & Networking,business_address,Business address or service location,textarea,False,,"Required for onsite, Wi-Fi, network, camera, hardware, or location-specific services."
network_health_check,Network Health Check,Wi-Fi & Networking,urgency,How urgent is this request?,select,True,Not urgent;This week;ASAP;Emergency,Emergency work may require separate emergency support terms.
network_health_check,Network Health Check,Wi-Fi & Networking,users_count,Approximate number of users,number,False,,Estimate is acceptable.
network_health_check,Network Health Check,Wi-Fi & Networking,devices_count,Approximate number of devices,number,False,,"Include computers, phones, tablets, printers, network gear, and cameras if relevant."
network_health_check,Network Health Check,Wi-Fi & Networking,current_provider,"Current provider/platform, if known",text,False,,"Examples: Microsoft 365, Google Workspace, Cloudflare, GoDaddy, UniFi, Comcast, Spectrum, WordPress."
network_health_check,Network Health Check,Wi-Fi & Networking,admin_access_available,Do you have authorized admin access?,select,True,Yes;No;Not sure,Do not paste credentials into this form. Maine Cyber Tech will coordinate safe access separately.
network_health_check,Network Health Check,Wi-Fi & Networking,primary_goal,What are you trying to accomplish?,textarea,True,,"Describe the business goal, pain point, risk, outage, or improvement you want."
network_health_check,Network Health Check,Wi-Fi & Networking,coverage_scope,Coverage scope,select,False,Indoor;Outdoor;Both;Not sure,
network_health_check,Network Health Check,Wi-Fi & Networking,network_equipment,Current network equipment,textarea,False,,
network_health_check,Network Health Check,Wi-Fi & Networking,guest_wifi_required,Guest Wi-Fi required?,select,False,Yes;No;Not sure,
small_office_network_audit,Small Office Network Audit,Wi-Fi & Networking,business_name,Business name,text,True,,Legal or public-facing business name.
small_office_network_audit,Small Office Network Audit,Wi-Fi & Networking,contact_name,Primary contact name,text,True,,Main person Maine Cyber Tech should coordinate with.
small_office_network_audit,Small Office Network Audit,Wi-Fi & Networking,contact_email,Primary contact email,email,True,,"Used for scheduling, service updates, and deliverables."
small_office_network_audit,Small Office Network Audit,Wi-Fi & Networking,contact_phone,Best phone number,tel,False,,"Useful for urgent, onsite, or access-sensitive work."
small_office_network_audit,Small Office Network Audit,Wi-Fi & Networking,business_address,Business address or service location,textarea,False,,"Required for onsite, Wi-Fi, network, camera, hardware, or location-specific services."
small_office_network_audit,Small Office Network Audit,Wi-Fi & Networking,urgency,How urgent is this request?,select,True,Not urgent;This week;ASAP;Emergency,Emergency work may require separate emergency support terms.
small_office_network_audit,Small Office Network Audit,Wi-Fi & Networking,users_count,Approximate number of users,number,False,,Estimate is acceptable.
small_office_network_audit,Small Office Network Audit,Wi-Fi & Networking,devices_count,Approximate number of devices,number,False,,"Include computers, phones, tablets, printers, network gear, and cameras if relevant."
small_office_network_audit,Small Office Network Audit,Wi-Fi & Networking,current_provider,"Current provider/platform, if known",text,False,,"Examples: Microsoft 365, Google Workspace, Cloudflare, GoDaddy, UniFi, Comcast, Spectrum, WordPress."
small_office_network_audit,Small Office Network Audit,Wi-Fi & Networking,admin_access_available,Do you have authorized admin access?,select,True,Yes;No;Not sure,Do not paste credentials into this form. Maine Cyber Tech will coordinate safe access separately.
small_office_network_audit,Small Office Network Audit,Wi-Fi & Networking,primary_goal,What are you trying to accomplish?,textarea,True,,"Describe the business goal, pain point, risk, outage, or improvement you want."
small_office_network_audit,Small Office Network Audit,Wi-Fi & Networking,coverage_scope,Coverage scope,select,False,Indoor;Outdoor;Both;Not sure,
small_office_network_audit,Small Office Network Audit,Wi-Fi & Networking,network_equipment,Current network equipment,textarea,False,,
small_office_network_audit,Small Office Network Audit,Wi-Fi & Networking,guest_wifi_required,Guest Wi-Fi required?,select,False,Yes;No;Not sure,
guest_wi_fi_review,Guest Wi-Fi Review,Wi-Fi & Networking,business_name,Business name,text,True,,Legal or public-facing business name.
guest_wi_fi_review,Guest Wi-Fi Review,Wi-Fi & Networking,contact_name,Primary contact name,text,True,,Main person Maine Cyber Tech should coordinate with.
guest_wi_fi_review,Guest Wi-Fi Review,Wi-Fi & Networking,contact_email,Primary contact email,email,True,,"Used for scheduling, service updates, and deliverables."
guest_wi_fi_review,Guest Wi-Fi Review,Wi-Fi & Networking,contact_phone,Best phone number,tel,False,,"Useful for urgent, onsite, or access-sensitive work."
guest_wi_fi_review,Guest Wi-Fi Review,Wi-Fi & Networking,business_address,Business address or service location,textarea,False,,"Required for onsite, Wi-Fi, network, camera, hardware, or location-specific services."
guest_wi_fi_review,Guest Wi-Fi Review,Wi-Fi & Networking,urgency,How urgent is this request?,select,True,Not urgent;This week;ASAP;Emergency,Emergency work may require separate emergency support terms.
guest_wi_fi_review,Guest Wi-Fi Review,Wi-Fi & Networking,users_count,Approximate number of users,number,False,,Estimate is acceptable.
guest_wi_fi_review,Guest Wi-Fi Review,Wi-Fi & Networking,devices_count,Approximate number of devices,number,False,,"Include computers, phones, tablets, printers, network gear, and cameras if relevant."
guest_wi_fi_review,Guest Wi-Fi Review,Wi-Fi & Networking,current_provider,"Current provider/platform, if known",text,False,,"Examples: Microsoft 365, Google Workspace, Cloudflare, GoDaddy, UniFi, Comcast, Spectrum, WordPress."
guest_wi_fi_review,Guest Wi-Fi Review,Wi-Fi & Networking,admin_access_available,Do you have authorized admin access?,select,True,Yes;No;Not sure,Do not paste credentials into this form. Maine Cyber Tech will coordinate safe access separately.
guest_wi_fi_review,Guest Wi-Fi Review,Wi-Fi & Networking,primary_goal,What are you trying to accomplish?,textarea,True,,"Describe the business goal, pain point, risk, outage, or improvement you want."
guest_wi_fi_review,Guest Wi-Fi Review,Wi-Fi & Networking,coverage_scope,Coverage scope,select,False,Indoor;Outdoor;Both;Not sure,
guest_wi_fi_review,Guest Wi-Fi Review,Wi-Fi & Networking,network_equipment,Current network equipment,textarea,False,,
guest_wi_fi_review,Guest Wi-Fi Review,Wi-Fi & Networking,guest_wifi_required,Guest Wi-Fi required?,select,False,Yes;No;Not sure,
camera_network_readiness_check,Camera Network Readiness Check,Wi-Fi & Networking,business_name,Business name,text,True,,Legal or public-facing business name.
camera_network_readiness_check,Camera Network Readiness Check,Wi-Fi & Networking,contact_name,Primary contact name,text,True,,Main person Maine Cyber Tech should coordinate with.
camera_network_readiness_check,Camera Network Readiness Check,Wi-Fi & Networking,contact_email,Primary contact email,email,True,,"Used for scheduling, service updates, and deliverables."
camera_network_readiness_check,Camera Network Readiness Check,Wi-Fi & Networking,contact_phone,Best phone number,tel,False,,"Useful for urgent, onsite, or access-sensitive work."
camera_network_readiness_check,Camera Network Readiness Check,Wi-Fi & Networking,business_address,Business address or service location,textarea,False,,"Required for onsite, Wi-Fi, network, camera, hardware, or location-specific services."
camera_network_readiness_check,Camera Network Readiness Check,Wi-Fi & Networking,urgency,How urgent is this request?,select,True,Not urgent;This week;ASAP;Emergency,Emergency work may require separate emergency support terms.
camera_network_readiness_check,Camera Network Readiness Check,Wi-Fi & Networking,users_count,Approximate number of users,number,False,,Estimate is acceptable.
camera_network_readiness_check,Camera Network Readiness Check,Wi-Fi & Networking,devices_count,Approximate number of devices,number,False,,"Include computers, phones, tablets, printers, network gear, and cameras if relevant."
camera_network_readiness_check,Camera Network Readiness Check,Wi-Fi & Networking,current_provider,"Current provider/platform, if known",text,False,,"Examples: Microsoft 365, Google Workspace, Cloudflare, GoDaddy, UniFi, Comcast, Spectrum, WordPress."
camera_network_readiness_check,Camera Network Readiness Check,Wi-Fi & Networking,admin_access_available,Do you have authorized admin access?,select,True,Yes;No;Not sure,Do not paste credentials into this form. Maine Cyber Tech will coordinate safe access separately.
camera_network_readiness_check,Camera Network Readiness Check,Wi-Fi & Networking,primary_goal,What are you trying to accomplish?,textarea,True,,"Describe the business goal, pain point, risk, outage, or improvement you want."
camera_network_readiness_check,Camera Network Readiness Check,Wi-Fi & Networking,coverage_scope,Coverage scope,select,False,Indoor;Outdoor;Both;Not sure,
camera_network_readiness_check,Camera Network Readiness Check,Wi-Fi & Networking,network_equipment,Current network equipment,textarea,False,,
camera_network_readiness_check,Camera Network Readiness Check,Wi-Fi & Networking,guest_wifi_required,Guest Wi-Fi required?,select,False,Yes;No;Not sure,
outdoor_wi_fi_planning_visit,Outdoor Wi-Fi Planning Visit,Wi-Fi & Networking,business_name,Business name,text,True,,Legal or public-facing business name.
outdoor_wi_fi_planning_visit,Outdoor Wi-Fi Planning Visit,Wi-Fi & Networking,contact_name,Primary contact name,text,True,,Main person Maine Cyber Tech should coordinate with.
outdoor_wi_fi_planning_visit,Outdoor Wi-Fi Planning Visit,Wi-Fi & Networking,contact_email,Primary contact email,email,True,,"Used for scheduling, service updates, and deliverables."
outdoor_wi_fi_planning_visit,Outdoor Wi-Fi Planning Visit,Wi-Fi & Networking,contact_phone,Best phone number,tel,False,,"Useful for urgent, onsite, or access-sensitive work."
outdoor_wi_fi_planning_visit,Outdoor Wi-Fi Planning Visit,Wi-Fi & Networking,business_address,Business address or service location,textarea,False,,"Required for onsite, Wi-Fi, network, camera, hardware, or location-specific services."
outdoor_wi_fi_planning_visit,Outdoor Wi-Fi Planning Visit,Wi-Fi & Networking,urgency,How urgent is this request?,select,True,Not urgent;This week;ASAP;Emergency,Emergency work may require separate emergency support terms.
outdoor_wi_fi_planning_visit,Outdoor Wi-Fi Planning Visit,Wi-Fi & Networking,users_count,Approximate number of users,number,False,,Estimate is acceptable.
outdoor_wi_fi_planning_visit,Outdoor Wi-Fi Planning Visit,Wi-Fi & Networking,devices_count,Approximate number of devices,number,False,,"Include computers, phones, tablets, printers, network gear, and cameras if relevant."
outdoor_wi_fi_planning_visit,Outdoor Wi-Fi Planning Visit,Wi-Fi & Networking,current_provider,"Current provider/platform, if known",text,False,,"Examples: Microsoft 365, Google Workspace, Cloudflare, GoDaddy, UniFi, Comcast, Spectrum, WordPress."
outdoor_wi_fi_planning_visit,Outdoor Wi-Fi Planning Visit,Wi-Fi & Networking,admin_access_available,Do you have authorized admin access?,select,True,Yes;No;Not sure,Do not paste credentials into this form. Maine Cyber Tech will coordinate safe access separately.
outdoor_wi_fi_planning_visit,Outdoor Wi-Fi Planning Visit,Wi-Fi & Networking,primary_goal,What are you trying to accomplish?,textarea,True,,"Describe the business goal, pain point, risk, outage, or improvement you want."
outdoor_wi_fi_planning_visit,Outdoor Wi-Fi Planning Visit,Wi-Fi & Networking,coverage_scope,Coverage scope,select,False,Indoor;Outdoor;Both;Not sure,
outdoor_wi_fi_planning_visit,Outdoor Wi-Fi Planning Visit,Wi-Fi & Networking,network_equipment,Current network equipment,textarea,False,,
outdoor_wi_fi_planning_visit,Outdoor Wi-Fi Planning Visit,Wi-Fi & Networking,guest_wifi_required,Guest Wi-Fi required?,select,False,Yes;No;Not sure,
firewall_configuration_review,Firewall Configuration Review,Wi-Fi & Networking,business_name,Business name,text,True,,Legal or public-facing business name.
firewall_configuration_review,Firewall Configuration Review,Wi-Fi & Networking,contact_name,Primary contact name,text,True,,Main person Maine Cyber Tech should coordinate with.
firewall_configuration_review,Firewall Configuration Review,Wi-Fi & Networking,contact_email,Primary contact email,email,True,,"Used for scheduling, service updates, and deliverables."
firewall_configuration_review,Firewall Configuration Review,Wi-Fi & Networking,contact_phone,Best phone number,tel,False,,"Useful for urgent, onsite, or access-sensitive work."
firewall_configuration_review,Firewall Configuration Review,Wi-Fi & Networking,business_address,Business address or service location,textarea,False,,"Required for onsite, Wi-Fi, network, camera, hardware, or location-specific services."
firewall_configuration_review,Firewall Configuration Review,Wi-Fi & Networking,urgency,How urgent is this request?,select,True,Not urgent;This week;ASAP;Emergency,Emergency work may require separate emergency support terms.
firewall_configuration_review,Firewall Configuration Review,Wi-Fi & Networking,users_count,Approximate number of users,number,False,,Estimate is acceptable.
firewall_configuration_review,Firewall Configuration Review,Wi-Fi & Networking,devices_count,Approximate number of devices,number,False,,"Include computers, phones, tablets, printers, network gear, and cameras if relevant."
firewall_configuration_review,Firewall Configuration Review,Wi-Fi & Networking,current_provider,"Current provider/platform, if known",text,False,,"Examples: Microsoft 365, Google Workspace, Cloudflare, GoDaddy, UniFi, Comcast, Spectrum, WordPress."
firewall_configuration_review,Firewall Configuration Review,Wi-Fi & Networking,admin_access_available,Do you have authorized admin access?,select,True,Yes;No;Not sure,Do not paste credentials into this form. Maine Cyber Tech will coordinate safe access separately.
firewall_configuration_review,Firewall Configuration Review,Wi-Fi & Networking,primary_goal,What are you trying to accomplish?,textarea,True,,"Describe the business goal, pain point, risk, outage, or improvement you want."
firewall_configuration_review,Firewall Configuration Review,Wi-Fi & Networking,coverage_scope,Coverage scope,select,False,Indoor;Outdoor;Both;Not sure,
firewall_configuration_review,Firewall Configuration Review,Wi-Fi & Networking,network_equipment,Current network equipment,textarea,False,,
firewall_configuration_review,Firewall Configuration Review,Wi-Fi & Networking,guest_wifi_required,Guest Wi-Fi required?,select,False,Yes;No;Not sure,
isp_failover_readiness_review,ISP Failover Readiness Review,Wi-Fi & Networking,business_name,Business name,text,True,,Legal or public-facing business name.
isp_failover_readiness_review,ISP Failover Readiness Review,Wi-Fi & Networking,contact_name,Primary contact name,text,True,,Main person Maine Cyber Tech should coordinate with.
isp_failover_readiness_review,ISP Failover Readiness Review,Wi-Fi & Networking,contact_email,Primary contact email,email,True,,"Used for scheduling, service updates, and deliverables."
isp_failover_readiness_review,ISP Failover Readiness Review,Wi-Fi & Networking,contact_phone,Best phone number,tel,False,,"Useful for urgent, onsite, or access-sensitive work."
isp_failover_readiness_review,ISP Failover Readiness Review,Wi-Fi & Networking,business_address,Business address or service location,textarea,False,,"Required for onsite, Wi-Fi, network, camera, hardware, or location-specific services."
isp_failover_readiness_review,ISP Failover Readiness Review,Wi-Fi & Networking,urgency,How urgent is this request?,select,True,Not urgent;This week;ASAP;Emergency,Emergency work may require separate emergency support terms.
isp_failover_readiness_review,ISP Failover Readiness Review,Wi-Fi & Networking,users_count,Approximate number of users,number,False,,Estimate is acceptable.
isp_failover_readiness_review,ISP Failover Readiness Review,Wi-Fi & Networking,devices_count,Approximate number of devices,number,False,,"Include computers, phones, tablets, printers, network gear, and cameras if relevant."
isp_failover_readiness_review,ISP Failover Readiness Review,Wi-Fi & Networking,current_provider,"Current provider/platform, if known",text,False,,"Examples: Microsoft 365, Google Workspace, Cloudflare, GoDaddy, UniFi, Comcast, Spectrum, WordPress."
isp_failover_readiness_review,ISP Failover Readiness Review,Wi-Fi & Networking,admin_access_available,Do you have authorized admin access?,select,True,Yes;No;Not sure,Do not paste credentials into this form. Maine Cyber Tech will coordinate safe access separately.
isp_failover_readiness_review,ISP Failover Readiness Review,Wi-Fi & Networking,primary_goal,What are you trying to accomplish?,textarea,True,,"Describe the business goal, pain point, risk, outage, or improvement you want."
isp_failover_readiness_review,ISP Failover Readiness Review,Wi-Fi & Networking,coverage_scope,Coverage scope,select,False,Indoor;Outdoor;Both;Not sure,
isp_failover_readiness_review,ISP Failover Readiness Review,Wi-Fi & Networking,network_equipment,Current network equipment,textarea,False,,
isp_failover_readiness_review,ISP Failover Readiness Review,Wi-Fi & Networking,guest_wifi_required,Guest Wi-Fi required?,select,False,Yes;No;Not sure,
basic_router_replacement,Basic Router Replacement,Wi-Fi & Networking,business_name,Business name,text,True,,Legal or public-facing business name.
basic_router_replacement,Basic Router Replacement,Wi-Fi & Networking,contact_name,Primary contact name,text,True,,Main person Maine Cyber Tech should coordinate with.
basic_router_replacement,Basic Router Replacement,Wi-Fi & Networking,contact_email,Primary contact email,email,True,,"Used for scheduling, service updates, and deliverables."
basic_router_replacement,Basic Router Replacement,Wi-Fi & Networking,contact_phone,Best phone number,tel,False,,"Useful for urgent, onsite, or access-sensitive work."
basic_router_replacement,Basic Router Replacement,Wi-Fi & Networking,business_address,Business address or service location,textarea,False,,"Required for onsite, Wi-Fi, network, camera, hardware, or location-specific services."
basic_router_replacement,Basic Router Replacement,Wi-Fi & Networking,urgency,How urgent is this request?,select,True,Not urgent;This week;ASAP;Emergency,Emergency work may require separate emergency support terms.
basic_router_replacement,Basic Router Replacement,Wi-Fi & Networking,users_count,Approximate number of users,number,False,,Estimate is acceptable.
basic_router_replacement,Basic Router Replacement,Wi-Fi & Networking,devices_count,Approximate number of devices,number,False,,"Include computers, phones, tablets, printers, network gear, and cameras if relevant."
basic_router_replacement,Basic Router Replacement,Wi-Fi & Networking,current_provider,"Current provider/platform, if known",text,False,,"Examples: Microsoft 365, Google Workspace, Cloudflare, GoDaddy, UniFi, Comcast, Spectrum, WordPress."
basic_router_replacement,Basic Router Replacement,Wi-Fi & Networking,admin_access_available,Do you have authorized admin access?,select,True,Yes;No;Not sure,Do not paste credentials into this form. Maine Cyber Tech will coordinate safe access separately.
basic_router_replacement,Basic Router Replacement,Wi-Fi & Networking,primary_goal,What are you trying to accomplish?,textarea,True,,"Describe the business goal, pain point, risk, outage, or improvement you want."
basic_router_replacement,Basic Router Replacement,Wi-Fi & Networking,coverage_scope,Coverage scope,select,False,Indoor;Outdoor;Both;Not sure,
basic_router_replacement,Basic Router Replacement,Wi-Fi & Networking,network_equipment,Current network equipment,textarea,False,,
basic_router_replacement,Basic Router Replacement,Wi-Fi & Networking,guest_wifi_required,Guest Wi-Fi required?,select,False,Yes;No;Not sure,
business_wi_fi_setup,Business Wi-Fi Setup,Wi-Fi & Networking,business_name,Business name,text,True,,Legal or public-facing business name.
business_wi_fi_setup,Business Wi-Fi Setup,Wi-Fi & Networking,contact_name,Primary contact name,text,True,,Main person Maine Cyber Tech should coordinate with.
business_wi_fi_setup,Business Wi-Fi Setup,Wi-Fi & Networking,contact_email,Primary contact email,email,True,,"Used for scheduling, service updates, and deliverables."
business_wi_fi_setup,Business Wi-Fi Setup,Wi-Fi & Networking,contact_phone,Best phone number,tel,False,,"Useful for urgent, onsite, or access-sensitive work."
business_wi_fi_setup,Business Wi-Fi Setup,Wi-Fi & Networking,business_address,Business address or service location,textarea,False,,"Required for onsite, Wi-Fi, network, camera, hardware, or location-specific services."
business_wi_fi_setup,Business Wi-Fi Setup,Wi-Fi & Networking,urgency,How urgent is this request?,select,True,Not urgent;This week;ASAP;Emergency,Emergency work may require separate emergency support terms.
business_wi_fi_setup,Business Wi-Fi Setup,Wi-Fi & Networking,users_count,Approximate number of users,number,False,,Estimate is acceptable.
business_wi_fi_setup,Business Wi-Fi Setup,Wi-Fi & Networking,devices_count,Approximate number of devices,number,False,,"Include computers, phones, tablets, printers, network gear, and cameras if relevant."
business_wi_fi_setup,Business Wi-Fi Setup,Wi-Fi & Networking,current_provider,"Current provider/platform, if known",text,False,,"Examples: Microsoft 365, Google Workspace, Cloudflare, GoDaddy, UniFi, Comcast, Spectrum, WordPress."
business_wi_fi_setup,Business Wi-Fi Setup,Wi-Fi & Networking,admin_access_available,Do you have authorized admin access?,select,True,Yes;No;Not sure,Do not paste credentials into this form. Maine Cyber Tech will coordinate safe access separately.
business_wi_fi_setup,Business Wi-Fi Setup,Wi-Fi & Networking,primary_goal,What are you trying to accomplish?,textarea,True,,"Describe the business goal, pain point, risk, outage, or improvement you want."
business_wi_fi_setup,Business Wi-Fi Setup,Wi-Fi & Networking,coverage_scope,Coverage scope,select,False,Indoor;Outdoor;Both;Not sure,
business_wi_fi_setup,Business Wi-Fi Setup,Wi-Fi & Networking,network_equipment,Current network equipment,textarea,False,,
business_wi_fi_setup,Business Wi-Fi Setup,Wi-Fi & Networking,guest_wifi_required,Guest Wi-Fi required?,select,False,Yes;No;Not sure,
guest_wi_fi_setup,Guest Wi-Fi Setup,Wi-Fi & Networking,business_name,Business name,text,True,,Legal or public-facing business name.
guest_wi_fi_setup,Guest Wi-Fi Setup,Wi-Fi & Networking,contact_name,Primary contact name,text,True,,Main person Maine Cyber Tech should coordinate with.
guest_wi_fi_setup,Guest Wi-Fi Setup,Wi-Fi & Networking,contact_email,Primary contact email,email,True,,"Used for scheduling, service updates, and deliverables."
guest_wi_fi_setup,Guest Wi-Fi Setup,Wi-Fi & Networking,contact_phone,Best phone number,tel,False,,"Useful for urgent, onsite, or access-sensitive work."
guest_wi_fi_setup,Guest Wi-Fi Setup,Wi-Fi & Networking,business_address,Business address or service location,textarea,False,,"Required for onsite, Wi-Fi, network, camera, hardware, or location-specific services."
guest_wi_fi_setup,Guest Wi-Fi Setup,Wi-Fi & Networking,urgency,How urgent is this request?,select,True,Not urgent;This week;ASAP;Emergency,Emergency work may require separate emergency support terms.
guest_wi_fi_setup,Guest Wi-Fi Setup,Wi-Fi & Networking,users_count,Approximate number of users,number,False,,Estimate is acceptable.
guest_wi_fi_setup,Guest Wi-Fi Setup,Wi-Fi & Networking,devices_count,Approximate number of devices,number,False,,"Include computers, phones, tablets, printers, network gear, and cameras if relevant."
guest_wi_fi_setup,Guest Wi-Fi Setup,Wi-Fi & Networking,current_provider,"Current provider/platform, if known",text,False,,"Examples: Microsoft 365, Google Workspace, Cloudflare, GoDaddy, UniFi, Comcast, Spectrum, WordPress."
guest_wi_fi_setup,Guest Wi-Fi Setup,Wi-Fi & Networking,admin_access_available,Do you have authorized admin access?,select,True,Yes;No;Not sure,Do not paste credentials into this form. Maine Cyber Tech will coordinate safe access separately.
guest_wi_fi_setup,Guest Wi-Fi Setup,Wi-Fi & Networking,primary_goal,What are you trying to accomplish?,textarea,True,,"Describe the business goal, pain point, risk, outage, or improvement you want."
guest_wi_fi_setup,Guest Wi-Fi Setup,Wi-Fi & Networking,coverage_scope,Coverage scope,select,False,Indoor;Outdoor;Both;Not sure,
guest_wi_fi_setup,Guest Wi-Fi Setup,Wi-Fi & Networking,network_equipment,Current network equipment,textarea,False,,
guest_wi_fi_setup,Guest Wi-Fi Setup,Wi-Fi & Networking,guest_wifi_required,Guest Wi-Fi required?,select,False,Yes;No;Not sure,
vlan_setup,VLAN Setup,Wi-Fi & Networking,business_name,Business name,text,True,,Legal or public-facing business name.
vlan_setup,VLAN Setup,Wi-Fi & Networking,contact_name,Primary contact name,text,True,,Main person Maine Cyber Tech should coordinate with.
vlan_setup,VLAN Setup,Wi-Fi & Networking,contact_email,Primary contact email,email,True,,"Used for scheduling, service updates, and deliverables."
vlan_setup,VLAN Setup,Wi-Fi & Networking,contact_phone,Best phone number,tel,False,,"Useful for urgent, onsite, or access-sensitive work."
vlan_setup,VLAN Setup,Wi-Fi & Networking,business_address,Business address or service location,textarea,False,,"Required for onsite, Wi-Fi, network, camera, hardware, or location-specific services."
vlan_setup,VLAN Setup,Wi-Fi & Networking,urgency,How urgent is this request?,select,True,Not urgent;This week;ASAP;Emergency,Emergency work may require separate emergency support terms.
vlan_setup,VLAN Setup,Wi-Fi & Networking,users_count,Approximate number of users,number,False,,Estimate is acceptable.
vlan_setup,VLAN Setup,Wi-Fi & Networking,devices_count,Approximate number of devices,number,False,,"Include computers, phones, tablets, printers, network gear, and cameras if relevant."
vlan_setup,VLAN Setup,Wi-Fi & Networking,current_provider,"Current provider/platform, if known",text,False,,"Examples: Microsoft 365, Google Workspace, Cloudflare, GoDaddy, UniFi, Comcast, Spectrum, WordPress."
vlan_setup,VLAN Setup,Wi-Fi & Networking,admin_access_available,Do you have authorized admin access?,select,True,Yes;No;Not sure,Do not paste credentials into this form. Maine Cyber Tech will coordinate safe access separately.
vlan_setup,VLAN Setup,Wi-Fi & Networking,primary_goal,What are you trying to accomplish?,textarea,True,,"Describe the business goal, pain point, risk, outage, or improvement you want."
vlan_setup,VLAN Setup,Wi-Fi & Networking,coverage_scope,Coverage scope,select,False,Indoor;Outdoor;Both;Not sure,
vlan_setup,VLAN Setup,Wi-Fi & Networking,network_equipment,Current network equipment,textarea,False,,
vlan_setup,VLAN Setup,Wi-Fi & Networking,guest_wifi_required,Guest Wi-Fi required?,select,False,Yes;No;Not sure,
firewall_setup,Firewall Setup,Wi-Fi & Networking,business_name,Business name,text,True,,Legal or public-facing business name.
firewall_setup,Firewall Setup,Wi-Fi & Networking,contact_name,Primary contact name,text,True,,Main person Maine Cyber Tech should coordinate with.
firewall_setup,Firewall Setup,Wi-Fi & Networking,contact_email,Primary contact email,email,True,,"Used for scheduling, service updates, and deliverables."
firewall_setup,Firewall Setup,Wi-Fi & Networking,contact_phone,Best phone number,tel,False,,"Useful for urgent, onsite, or access-sensitive work."
firewall_setup,Firewall Setup,Wi-Fi & Networking,business_address,Business address or service location,textarea,False,,"Required for onsite, Wi-Fi, network, camera, hardware, or location-specific services."
firewall_setup,Firewall Setup,Wi-Fi & Networking,urgency,How urgent is this request?,select,True,Not urgent;This week;ASAP;Emergency,Emergency work may require separate emergency support terms.
firewall_setup,Firewall Setup,Wi-Fi & Networking,users_count,Approximate number of users,number,False,,Estimate is acceptable.
firewall_setup,Firewall Setup,Wi-Fi & Networking,devices_count,Approximate number of devices,number,False,,"Include computers, phones, tablets, printers, network gear, and cameras if relevant."
firewall_setup,Firewall Setup,Wi-Fi & Networking,current_provider,"Current provider/platform, if known",text,False,,"Examples: Microsoft 365, Google Workspace, Cloudflare, GoDaddy, UniFi, Comcast, Spectrum, WordPress."
firewall_setup,Firewall Setup,Wi-Fi & Networking,admin_access_available,Do you have authorized admin access?,select,True,Yes;No;Not sure,Do not paste credentials into this form. Maine Cyber Tech will coordinate safe access separately.
firewall_setup,Firewall Setup,Wi-Fi & Networking,primary_goal,What are you trying to accomplish?,textarea,True,,"Describe the business goal, pain point, risk, outage, or improvement you want."
firewall_setup,Firewall Setup,Wi-Fi & Networking,coverage_scope,Coverage scope,select,False,Indoor;Outdoor;Both;Not sure,
firewall_setup,Firewall Setup,Wi-Fi & Networking,network_equipment,Current network equipment,textarea,False,,
firewall_setup,Firewall Setup,Wi-Fi & Networking,guest_wifi_required,Guest Wi-Fi required?,select,False,Yes;No;Not sure,
switch_installation,Switch Installation,Wi-Fi & Networking,business_name,Business name,text,True,,Legal or public-facing business name.
switch_installation,Switch Installation,Wi-Fi & Networking,contact_name,Primary contact name,text,True,,Main person Maine Cyber Tech should coordinate with.
switch_installation,Switch Installation,Wi-Fi & Networking,contact_email,Primary contact email,email,True,,"Used for scheduling, service updates, and deliverables."
switch_installation,Switch Installation,Wi-Fi & Networking,contact_phone,Best phone number,tel,False,,"Useful for urgent, onsite, or access-sensitive work."
switch_installation,Switch Installation,Wi-Fi & Networking,business_address,Business address or service location,textarea,False,,"Required for onsite, Wi-Fi, network, camera, hardware, or location-specific services."
switch_installation,Switch Installation,Wi-Fi & Networking,urgency,How urgent is this request?,select,True,Not urgent;This week;ASAP;Emergency,Emergency work may require separate emergency support terms.
switch_installation,Switch Installation,Wi-Fi & Networking,users_count,Approximate number of users,number,False,,Estimate is acceptable.
switch_installation,Switch Installation,Wi-Fi & Networking,devices_count,Approximate number of devices,number,False,,"Include computers, phones, tablets, printers, network gear, and cameras if relevant."
switch_installation,Switch Installation,Wi-Fi & Networking,current_provider,"Current provider/platform, if known",text,False,,"Examples: Microsoft 365, Google Workspace, Cloudflare, GoDaddy, UniFi, Comcast, Spectrum, WordPress."
switch_installation,Switch Installation,Wi-Fi & Networking,admin_access_available,Do you have authorized admin access?,select,True,Yes;No;Not sure,Do not paste credentials into this form. Maine Cyber Tech will coordinate safe access separately.
switch_installation,Switch Installation,Wi-Fi & Networking,primary_goal,What are you trying to accomplish?,textarea,True,,"Describe the business goal, pain point, risk, outage, or improvement you want."
switch_installation,Switch Installation,Wi-Fi & Networking,coverage_scope,Coverage scope,select,False,Indoor;Outdoor;Both;Not sure,
switch_installation,Switch Installation,Wi-Fi & Networking,network_equipment,Current network equipment,textarea,False,,
switch_installation,Switch Installation,Wi-Fi & Networking,guest_wifi_required,Guest Wi-Fi required?,select,False,Yes;No;Not sure,
patch_panel_cleanup,Patch Panel Cleanup,Wi-Fi & Networking,business_name,Business name,text,True,,Legal or public-facing business name.
patch_panel_cleanup,Patch Panel Cleanup,Wi-Fi & Networking,contact_name,Primary contact name,text,True,,Main person Maine Cyber Tech should coordinate with.
patch_panel_cleanup,Patch Panel Cleanup,Wi-Fi & Networking,contact_email,Primary contact email,email,True,,"Used for scheduling, service updates, and deliverables."
patch_panel_cleanup,Patch Panel Cleanup,Wi-Fi & Networking,contact_phone,Best phone number,tel,False,,"Useful for urgent, onsite, or access-sensitive work."
patch_panel_cleanup,Patch Panel Cleanup,Wi-Fi & Networking,business_address,Business address or service location,textarea,False,,"Required for onsite, Wi-Fi, network, camera, hardware, or location-specific services."
patch_panel_cleanup,Patch Panel Cleanup,Wi-Fi & Networking,urgency,How urgent is this request?,select,True,Not urgent;This week;ASAP;Emergency,Emergency work may require separate emergency support terms.
patch_panel_cleanup,Patch Panel Cleanup,Wi-Fi & Networking,users_count,Approximate number of users,number,False,,Estimate is acceptable.
patch_panel_cleanup,Patch Panel Cleanup,Wi-Fi & Networking,devices_count,Approximate number of devices,number,False,,"Include computers, phones, tablets, printers, network gear, and cameras if relevant."
patch_panel_cleanup,Patch Panel Cleanup,Wi-Fi & Networking,current_provider,"Current provider/platform, if known",text,False,,"Examples: Microsoft 365, Google Workspace, Cloudflare, GoDaddy, UniFi, Comcast, Spectrum, WordPress."
patch_panel_cleanup,Patch Panel Cleanup,Wi-Fi & Networking,admin_access_available,Do you have authorized admin access?,select,True,Yes;No;Not sure,Do not paste credentials into this form. Maine Cyber Tech will coordinate safe access separately.
patch_panel_cleanup,Patch Panel Cleanup,Wi-Fi & Networking,primary_goal,What are you trying to accomplish?,textarea,True,,"Describe the business goal, pain point, risk, outage, or improvement you want."
patch_panel_cleanup,Patch Panel Cleanup,Wi-Fi & Networking,coverage_scope,Coverage scope,select,False,Indoor;Outdoor;Both;Not sure,
patch_panel_cleanup,Patch Panel Cleanup,Wi-Fi & Networking,network_equipment,Current network equipment,textarea,False,,
patch_panel_cleanup,Patch Panel Cleanup,Wi-Fi & Networking,guest_wifi_required,Guest Wi-Fi required?,select,False,Yes;No;Not sure,
network_documentation_package,Network Documentation Package,Wi-Fi & Networking,business_name,Business name,text,True,,Legal or public-facing business name.
network_documentation_package,Network Documentation Package,Wi-Fi & Networking,contact_name,Primary contact name,text,True,,Main person Maine Cyber Tech should coordinate with.
network_documentation_package,Network Documentation Package,Wi-Fi & Networking,contact_email,Primary contact email,email,True,,"Used for scheduling, service updates, and deliverables."
network_documentation_package,Network Documentation Package,Wi-Fi & Networking,contact_phone,Best phone number,tel,False,,"Useful for urgent, onsite, or access-sensitive work."
network_documentation_package,Network Documentation Package,Wi-Fi & Networking,business_address,Business address or service location,textarea,False,,"Required for onsite, Wi-Fi, network, camera, hardware, or location-specific services."
network_documentation_package,Network Documentation Package,Wi-Fi & Networking,urgency,How urgent is this request?,select,True,Not urgent;This week;ASAP;Emergency,Emergency work may require separate emergency support terms.
network_documentation_package,Network Documentation Package,Wi-Fi & Networking,users_count,Approximate number of users,number,False,,Estimate is acceptable.
network_documentation_package,Network Documentation Package,Wi-Fi & Networking,devices_count,Approximate number of devices,number,False,,"Include computers, phones, tablets, printers, network gear, and cameras if relevant."
network_documentation_package,Network Documentation Package,Wi-Fi & Networking,current_provider,"Current provider/platform, if known",text,False,,"Examples: Microsoft 365, Google Workspace, Cloudflare, GoDaddy, UniFi, Comcast, Spectrum, WordPress."
network_documentation_package,Network Documentation Package,Wi-Fi & Networking,admin_access_available,Do you have authorized admin access?,select,True,Yes;No;Not sure,Do not paste credentials into this form. Maine Cyber Tech will coordinate safe access separately.
network_documentation_package,Network Documentation Package,Wi-Fi & Networking,primary_goal,What are you trying to accomplish?,textarea,True,,"Describe the business goal, pain point, risk, outage, or improvement you want."
network_documentation_package,Network Documentation Package,Wi-Fi & Networking,coverage_scope,Coverage scope,select,False,Indoor;Outdoor;Both;Not sure,
network_documentation_package,Network Documentation Package,Wi-Fi & Networking,network_equipment,Current network equipment,textarea,False,,
network_documentation_package,Network Documentation Package,Wi-Fi & Networking,guest_wifi_required,Guest Wi-Fi required?,select,False,Yes;No;Not sure,
isp_cutover_support,ISP Cutover Support,Wi-Fi & Networking,business_name,Business name,text,True,,Legal or public-facing business name.
isp_cutover_support,ISP Cutover Support,Wi-Fi & Networking,contact_name,Primary contact name,text,True,,Main person Maine Cyber Tech should coordinate with.
isp_cutover_support,ISP Cutover Support,Wi-Fi & Networking,contact_email,Primary contact email,email,True,,"Used for scheduling, service updates, and deliverables."
isp_cutover_support,ISP Cutover Support,Wi-Fi & Networking,contact_phone,Best phone number,tel,False,,"Useful for urgent, onsite, or access-sensitive work."
isp_cutover_support,ISP Cutover Support,Wi-Fi & Networking,business_address,Business address or service location,textarea,False,,"Required for onsite, Wi-Fi, network, camera, hardware, or location-specific services."
isp_cutover_support,ISP Cutover Support,Wi-Fi & Networking,urgency,How urgent is this request?,select,True,Not urgent;This week;ASAP;Emergency,Emergency work may require separate emergency support terms.
isp_cutover_support,ISP Cutover Support,Wi-Fi & Networking,users_count,Approximate number of users,number,False,,Estimate is acceptable.
isp_cutover_support,ISP Cutover Support,Wi-Fi & Networking,devices_count,Approximate number of devices,number,False,,"Include computers, phones, tablets, printers, network gear, and cameras if relevant."
isp_cutover_support,ISP Cutover Support,Wi-Fi & Networking,current_provider,"Current provider/platform, if known",text,False,,"Examples: Microsoft 365, Google Workspace, Cloudflare, GoDaddy, UniFi, Comcast, Spectrum, WordPress."
isp_cutover_support,ISP Cutover Support,Wi-Fi & Networking,admin_access_available,Do you have authorized admin access?,select,True,Yes;No;Not sure,Do not paste credentials into this form. Maine Cyber Tech will coordinate safe access separately.
isp_cutover_support,ISP Cutover Support,Wi-Fi & Networking,primary_goal,What are you trying to accomplish?,textarea,True,,"Describe the business goal, pain point, risk, outage, or improvement you want."
isp_cutover_support,ISP Cutover Support,Wi-Fi & Networking,coverage_scope,Coverage scope,select,False,Indoor;Outdoor;Both;Not sure,
isp_cutover_support,ISP Cutover Support,Wi-Fi & Networking,network_equipment,Current network equipment,textarea,False,,
isp_cutover_support,ISP Cutover Support,Wi-Fi & Networking,guest_wifi_required,Guest Wi-Fi required?,select,False,Yes;No;Not sure,
lte_5g_backup_internet_setup,LTE/5G Backup Internet Setup,Wi-Fi & Networking,business_name,Business name,text,True,,Legal or public-facing business name.
lte_5g_backup_internet_setup,LTE/5G Backup Internet Setup,Wi-Fi & Networking,contact_name,Primary contact name,text,True,,Main person Maine Cyber Tech should coordinate with.
lte_5g_backup_internet_setup,LTE/5G Backup Internet Setup,Wi-Fi & Networking,contact_email,Primary contact email,email,True,,"Used for scheduling, service updates, and deliverables."
lte_5g_backup_internet_setup,LTE/5G Backup Internet Setup,Wi-Fi & Networking,contact_phone,Best phone number,tel,False,,"Useful for urgent, onsite, or access-sensitive work."
lte_5g_backup_internet_setup,LTE/5G Backup Internet Setup,Wi-Fi & Networking,business_address,Business address or service location,textarea,False,,"Required for onsite, Wi-Fi, network, camera, hardware, or location-specific services."
lte_5g_backup_internet_setup,LTE/5G Backup Internet Setup,Wi-Fi & Networking,urgency,How urgent is this request?,select,True,Not urgent;This week;ASAP;Emergency,Emergency work may require separate emergency support terms.
lte_5g_backup_internet_setup,LTE/5G Backup Internet Setup,Wi-Fi & Networking,users_count,Approximate number of users,number,False,,Estimate is acceptable.
lte_5g_backup_internet_setup,LTE/5G Backup Internet Setup,Wi-Fi & Networking,devices_count,Approximate number of devices,number,False,,"Include computers, phones, tablets, printers, network gear, and cameras if relevant."
lte_5g_backup_internet_setup,LTE/5G Backup Internet Setup,Wi-Fi & Networking,current_provider,"Current provider/platform, if known",text,False,,"Examples: Microsoft 365, Google Workspace, Cloudflare, GoDaddy, UniFi, Comcast, Spectrum, WordPress."
lte_5g_backup_internet_setup,LTE/5G Backup Internet Setup,Wi-Fi & Networking,admin_access_available,Do you have authorized admin access?,select,True,Yes;No;Not sure,Do not paste credentials into this form. Maine Cyber Tech will coordinate safe access separately.
lte_5g_backup_internet_setup,LTE/5G Backup Internet Setup,Wi-Fi & Networking,primary_goal,What are you trying to accomplish?,textarea,True,,"Describe the business goal, pain point, risk, outage, or improvement you want."
lte_5g_backup_internet_setup,LTE/5G Backup Internet Setup,Wi-Fi & Networking,coverage_scope,Coverage scope,select,False,Indoor;Outdoor;Both;Not sure,
lte_5g_backup_internet_setup,LTE/5G Backup Internet Setup,Wi-Fi & Networking,network_equipment,Current network equipment,textarea,False,,
lte_5g_backup_internet_setup,LTE/5G Backup Internet Setup,Wi-Fi & Networking,guest_wifi_required,Guest Wi-Fi required?,select,False,Yes;No;Not sure,
unifi_controller_setup,UniFi Controller Setup,Wi-Fi & Networking,business_name,Business name,text,True,,Legal or public-facing business name.
unifi_controller_setup,UniFi Controller Setup,Wi-Fi & Networking,contact_name,Primary contact name,text,True,,Main person Maine Cyber Tech should coordinate with.
unifi_controller_setup,UniFi Controller Setup,Wi-Fi & Networking,contact_email,Primary contact email,email,True,,"Used for scheduling, service updates, and deliverables."
unifi_controller_setup,UniFi Controller Setup,Wi-Fi & Networking,contact_phone,Best phone number,tel,False,,"Useful for urgent, onsite, or access-sensitive work."
unifi_controller_setup,UniFi Controller Setup,Wi-Fi & Networking,business_address,Business address or service location,textarea,False,,"Required for onsite, Wi-Fi, network, camera, hardware, or location-specific services."
unifi_controller_setup,UniFi Controller Setup,Wi-Fi & Networking,urgency,How urgent is this request?,select,True,Not urgent;This week;ASAP;Emergency,Emergency work may require separate emergency support terms.
unifi_controller_setup,UniFi Controller Setup,Wi-Fi & Networking,users_count,Approximate number of users,number,False,,Estimate is acceptable.
unifi_controller_setup,UniFi Controller Setup,Wi-Fi & Networking,devices_count,Approximate number of devices,number,False,,"Include computers, phones, tablets, printers, network gear, and cameras if relevant."
unifi_controller_setup,UniFi Controller Setup,Wi-Fi & Networking,current_provider,"Current provider/platform, if known",text,False,,"Examples: Microsoft 365, Google Workspace, Cloudflare, GoDaddy, UniFi, Comcast, Spectrum, WordPress."
unifi_controller_setup,UniFi Controller Setup,Wi-Fi & Networking,admin_access_available,Do you have authorized admin access?,select,True,Yes;No;Not sure,Do not paste credentials into this form. Maine Cyber Tech will coordinate safe access separately.
unifi_controller_setup,UniFi Controller Setup,Wi-Fi & Networking,primary_goal,What are you trying to accomplish?,textarea,True,,"Describe the business goal, pain point, risk, outage, or improvement you want."
unifi_controller_setup,UniFi Controller Setup,Wi-Fi & Networking,coverage_scope,Coverage scope,select,False,Indoor;Outdoor;Both;Not sure,
unifi_controller_setup,UniFi Controller Setup,Wi-Fi & Networking,network_equipment,Current network equipment,textarea,False,,
unifi_controller_setup,UniFi Controller Setup,Wi-Fi & Networking,guest_wifi_required,Guest Wi-Fi required?,select,False,Yes;No;Not sure,
unifi_wi_fi_install,UniFi Wi-Fi Install,Wi-Fi & Networking,business_name,Business name,text,True,,Legal or public-facing business name.
unifi_wi_fi_install,UniFi Wi-Fi Install,Wi-Fi & Networking,contact_name,Primary contact name,text,True,,Main person Maine Cyber Tech should coordinate with.
unifi_wi_fi_install,UniFi Wi-Fi Install,Wi-Fi & Networking,contact_email,Primary contact email,email,True,,"Used for scheduling, service updates, and deliverables."
unifi_wi_fi_install,UniFi Wi-Fi Install,Wi-Fi & Networking,contact_phone,Best phone number,tel,False,,"Useful for urgent, onsite, or access-sensitive work."
unifi_wi_fi_install,UniFi Wi-Fi Install,Wi-Fi & Networking,business_address,Business address or service location,textarea,False,,"Required for onsite, Wi-Fi, network, camera, hardware, or location-specific services."
unifi_wi_fi_install,UniFi Wi-Fi Install,Wi-Fi & Networking,urgency,How urgent is this request?,select,True,Not urgent;This week;ASAP;Emergency,Emergency work may require separate emergency support terms.
unifi_wi_fi_install,UniFi Wi-Fi Install,Wi-Fi & Networking,users_count,Approximate number of users,number,False,,Estimate is acceptable.
unifi_wi_fi_install,UniFi Wi-Fi Install,Wi-Fi & Networking,devices_count,Approximate number of devices,number,False,,"Include computers, phones, tablets, printers, network gear, and cameras if relevant."
unifi_wi_fi_install,UniFi Wi-Fi Install,Wi-Fi & Networking,current_provider,"Current provider/platform, if known",text,False,,"Examples: Microsoft 365, Google Workspace, Cloudflare, GoDaddy, UniFi, Comcast, Spectrum, WordPress."
unifi_wi_fi_install,UniFi Wi-Fi Install,Wi-Fi & Networking,admin_access_available,Do you have authorized admin access?,select,True,Yes;No;Not sure,Do not paste credentials into this form. Maine Cyber Tech will coordinate safe access separately.
unifi_wi_fi_install,UniFi Wi-Fi Install,Wi-Fi & Networking,primary_goal,What are you trying to accomplish?,textarea,True,,"Describe the business goal, pain point, risk, outage, or improvement you want."
unifi_wi_fi_install,UniFi Wi-Fi Install,Wi-Fi & Networking,coverage_scope,Coverage scope,select,False,Indoor;Outdoor;Both;Not sure,
unifi_wi_fi_install,UniFi Wi-Fi Install,Wi-Fi & Networking,network_equipment,Current network equipment,textarea,False,,
unifi_wi_fi_install,UniFi Wi-Fi Install,Wi-Fi & Networking,guest_wifi_required,Guest Wi-Fi required?,select,False,Yes;No;Not sure,
unifi_network_cleanup,UniFi Network Cleanup,Wi-Fi & Networking,business_name,Business name,text,True,,Legal or public-facing business name.
unifi_network_cleanup,UniFi Network Cleanup,Wi-Fi & Networking,contact_name,Primary contact name,text,True,,Main person Maine Cyber Tech should coordinate with.
unifi_network_cleanup,UniFi Network Cleanup,Wi-Fi & Networking,contact_email,Primary contact email,email,True,,"Used for scheduling, service updates, and deliverables."
unifi_network_cleanup,UniFi Network Cleanup,Wi-Fi & Networking,contact_phone,Best phone number,tel,False,,"Useful for urgent, onsite, or access-sensitive work."
unifi_network_cleanup,UniFi Network Cleanup,Wi-Fi & Networking,business_address,Business address or service location,textarea,False,,"Required for onsite, Wi-Fi, network, camera, hardware, or location-specific services."
unifi_network_cleanup,UniFi Network Cleanup,Wi-Fi & Networking,urgency,How urgent is this request?,select,True,Not urgent;This week;ASAP;Emergency,Emergency work may require separate emergency support terms.
unifi_network_cleanup,UniFi Network Cleanup,Wi-Fi & Networking,users_count,Approximate number of users,number,False,,Estimate is acceptable.
unifi_network_cleanup,UniFi Network Cleanup,Wi-Fi & Networking,devices_count,Approximate number of devices,number,False,,"Include computers, phones, tablets, printers, network gear, and cameras if relevant."
unifi_network_cleanup,UniFi Network Cleanup,Wi-Fi & Networking,current_provider,"Current provider/platform, if known",text,False,,"Examples: Microsoft 365, Google Workspace, Cloudflare, GoDaddy, UniFi, Comcast, Spectrum, WordPress."
unifi_network_cleanup,UniFi Network Cleanup,Wi-Fi & Networking,admin_access_available,Do you have authorized admin access?,select,True,Yes;No;Not sure,Do not paste credentials into this form. Maine Cyber Tech will coordinate safe access separately.
unifi_network_cleanup,UniFi Network Cleanup,Wi-Fi & Networking,primary_goal,What are you trying to accomplish?,textarea,True,,"Describe the business goal, pain point, risk, outage, or improvement you want."
unifi_network_cleanup,UniFi Network Cleanup,Wi-Fi & Networking,coverage_scope,Coverage scope,select,False,Indoor;Outdoor;Both;Not sure,
unifi_network_cleanup,UniFi Network Cleanup,Wi-Fi & Networking,network_equipment,Current network equipment,textarea,False,,
unifi_network_cleanup,UniFi Network Cleanup,Wi-Fi & Networking,guest_wifi_required,Guest Wi-Fi required?,select,False,Yes;No;Not sure,
unifi_monthly_management,UniFi Monthly Management,Wi-Fi & Networking,business_name,Business name,text,True,,Legal or public-facing business name.
unifi_monthly_management,UniFi Monthly Management,Wi-Fi & Networking,contact_name,Primary contact name,text,True,,Main person Maine Cyber Tech should coordinate with.
unifi_monthly_management,UniFi Monthly Management,Wi-Fi & Networking,contact_email,Primary contact email,email,True,,"Used for scheduling, service updates, and deliverables."
unifi_monthly_management,UniFi Monthly Management,Wi-Fi & Networking,contact_phone,Best phone number,tel,False,,"Useful for urgent, onsite, or access-sensitive work."
unifi_monthly_management,UniFi Monthly Management,Wi-Fi & Networking,business_address,Business address or service location,textarea,False,,"Required for onsite, Wi-Fi, network, camera, hardware, or location-specific services."
unifi_monthly_management,UniFi Monthly Management,Wi-Fi & Networking,urgency,How urgent is this request?,select,True,Not urgent;This week;ASAP;Emergency,Emergency work may require separate emergency support terms.
unifi_monthly_management,UniFi Monthly Management,Wi-Fi & Networking,users_count,Approximate number of users,number,False,,Estimate is acceptable.
unifi_monthly_management,UniFi Monthly Management,Wi-Fi & Networking,devices_count,Approximate number of devices,number,False,,"Include computers, phones, tablets, printers, network gear, and cameras if relevant."
unifi_monthly_management,UniFi Monthly Management,Wi-Fi & Networking,current_provider,"Current provider/platform, if known",text,False,,"Examples: Microsoft 365, Google Workspace, Cloudflare, GoDaddy, UniFi, Comcast, Spectrum, WordPress."
unifi_monthly_management,UniFi Monthly Management,Wi-Fi & Networking,admin_access_available,Do you have authorized admin access?,select,True,Yes;No;Not sure,Do not paste credentials into this form. Maine Cyber Tech will coordinate safe access separately.
unifi_monthly_management,UniFi Monthly Management,Wi-Fi & Networking,primary_goal,What are you trying to accomplish?,textarea,True,,"Describe the business goal, pain point, risk, outage, or improvement you want."
unifi_monthly_management,UniFi Monthly Management,Wi-Fi & Networking,coverage_scope,Coverage scope,select,False,Indoor;Outdoor;Both;Not sure,
unifi_monthly_management,UniFi Monthly Management,Wi-Fi & Networking,network_equipment,Current network equipment,textarea,False,,
unifi_monthly_management,UniFi Monthly Management,Wi-Fi & Networking,guest_wifi_required,Guest Wi-Fi required?,select,False,Yes;No;Not sure,
unifi_site_documentation,UniFi Site Documentation,Wi-Fi & Networking,business_name,Business name,text,True,,Legal or public-facing business name.
unifi_site_documentation,UniFi Site Documentation,Wi-Fi & Networking,contact_name,Primary contact name,text,True,,Main person Maine Cyber Tech should coordinate with.
unifi_site_documentation,UniFi Site Documentation,Wi-Fi & Networking,contact_email,Primary contact email,email,True,,"Used for scheduling, service updates, and deliverables."
unifi_site_documentation,UniFi Site Documentation,Wi-Fi & Networking,contact_phone,Best phone number,tel,False,,"Useful for urgent, onsite, or access-sensitive work."
unifi_site_documentation,UniFi Site Documentation,Wi-Fi & Networking,business_address,Business address or service location,textarea,False,,"Required for onsite, Wi-Fi, network, camera, hardware, or location-specific services."
unifi_site_documentation,UniFi Site Documentation,Wi-Fi & Networking,urgency,How urgent is this request?,select,True,Not urgent;This week;ASAP;Emergency,Emergency work may require separate emergency support terms.
unifi_site_documentation,UniFi Site Documentation,Wi-Fi & Networking,users_count,Approximate number of users,number,False,,Estimate is acceptable.
unifi_site_documentation,UniFi Site Documentation,Wi-Fi & Networking,devices_count,Approximate number of devices,number,False,,"Include computers, phones, tablets, printers, network gear, and cameras if relevant."
unifi_site_documentation,UniFi Site Documentation,Wi-Fi & Networking,current_provider,"Current provider/platform, if known",text,False,,"Examples: Microsoft 365, Google Workspace, Cloudflare, GoDaddy, UniFi, Comcast, Spectrum, WordPress."
unifi_site_documentation,UniFi Site Documentation,Wi-Fi & Networking,admin_access_available,Do you have authorized admin access?,select,True,Yes;No;Not sure,Do not paste credentials into this form. Maine Cyber Tech will coordinate safe access separately.
unifi_site_documentation,UniFi Site Documentation,Wi-Fi & Networking,primary_goal,What are you trying to accomplish?,textarea,True,,"Describe the business goal, pain point, risk, outage, or improvement you want."
unifi_site_documentation,UniFi Site Documentation,Wi-Fi & Networking,coverage_scope,Coverage scope,select,False,Indoor;Outdoor;Both;Not sure,
unifi_site_documentation,UniFi Site Documentation,Wi-Fi & Networking,network_equipment,Current network equipment,textarea,False,,
unifi_site_documentation,UniFi Site Documentation,Wi-Fi & Networking,guest_wifi_required,Guest Wi-Fi required?,select,False,Yes;No;Not sure,
small_office_wi_fi_bundle,Small Office Wi-Fi Bundle,Wi-Fi & Networking,business_name,Business name,text,True,,Legal or public-facing business name.
small_office_wi_fi_bundle,Small Office Wi-Fi Bundle,Wi-Fi & Networking,contact_name,Primary contact name,text,True,,Main person Maine Cyber Tech should coordinate with.
small_office_wi_fi_bundle,Small Office Wi-Fi Bundle,Wi-Fi & Networking,contact_email,Primary contact email,email,True,,"Used for scheduling, service updates, and deliverables."
small_office_wi_fi_bundle,Small Office Wi-Fi Bundle,Wi-Fi & Networking,contact_phone,Best phone number,tel,False,,"Useful for urgent, onsite, or access-sensitive work."
small_office_wi_fi_bundle,Small Office Wi-Fi Bundle,Wi-Fi & Networking,business_address,Business address or service location,textarea,False,,"Required for onsite, Wi-Fi, network, camera, hardware, or location-specific services."
small_office_wi_fi_bundle,Small Office Wi-Fi Bundle,Wi-Fi & Networking,urgency,How urgent is this request?,select,True,Not urgent;This week;ASAP;Emergency,Emergency work may require separate emergency support terms.
small_office_wi_fi_bundle,Small Office Wi-Fi Bundle,Wi-Fi & Networking,users_count,Approximate number of users,number,False,,Estimate is acceptable.
small_office_wi_fi_bundle,Small Office Wi-Fi Bundle,Wi-Fi & Networking,devices_count,Approximate number of devices,number,False,,"Include computers, phones, tablets, printers, network gear, and cameras if relevant."
small_office_wi_fi_bundle,Small Office Wi-Fi Bundle,Wi-Fi & Networking,current_provider,"Current provider/platform, if known",text,False,,"Examples: Microsoft 365, Google Workspace, Cloudflare, GoDaddy, UniFi, Comcast, Spectrum, WordPress."
small_office_wi_fi_bundle,Small Office Wi-Fi Bundle,Wi-Fi & Networking,admin_access_available,Do you have authorized admin access?,select,True,Yes;No;Not sure,Do not paste credentials into this form. Maine Cyber Tech will coordinate safe access separately.
small_office_wi_fi_bundle,Small Office Wi-Fi Bundle,Wi-Fi & Networking,primary_goal,What are you trying to accomplish?,textarea,True,,"Describe the business goal, pain point, risk, outage, or improvement you want."
small_office_wi_fi_bundle,Small Office Wi-Fi Bundle,Wi-Fi & Networking,coverage_scope,Coverage scope,select,False,Indoor;Outdoor;Both;Not sure,
small_office_wi_fi_bundle,Small Office Wi-Fi Bundle,Wi-Fi & Networking,network_equipment,Current network equipment,textarea,False,,
small_office_wi_fi_bundle,Small Office Wi-Fi Bundle,Wi-Fi & Networking,guest_wifi_required,Guest Wi-Fi required?,select,False,Yes;No;Not sure,
business_network_foundation,Business Network Foundation,Wi-Fi & Networking,business_name,Business name,text,True,,Legal or public-facing business name.
business_network_foundation,Business Network Foundation,Wi-Fi & Networking,contact_name,Primary contact name,text,True,,Main person Maine Cyber Tech should coordinate with.
business_network_foundation,Business Network Foundation,Wi-Fi & Networking,contact_email,Primary contact email,email,True,,"Used for scheduling, service updates, and deliverables."
business_network_foundation,Business Network Foundation,Wi-Fi & Networking,contact_phone,Best phone number,tel,False,,"Useful for urgent, onsite, or access-sensitive work."
business_network_foundation,Business Network Foundation,Wi-Fi & Networking,business_address,Business address or service location,textarea,False,,"Required for onsite, Wi-Fi, network, camera, hardware, or location-specific services."
business_network_foundation,Business Network Foundation,Wi-Fi & Networking,urgency,How urgent is this request?,select,True,Not urgent;This week;ASAP;Emergency,Emergency work may require separate emergency support terms.
business_network_foundation,Business Network Foundation,Wi-Fi & Networking,users_count,Approximate number of users,number,False,,Estimate is acceptable.
business_network_foundation,Business Network Foundation,Wi-Fi & Networking,devices_count,Approximate number of devices,number,False,,"Include computers, phones, tablets, printers, network gear, and cameras if relevant."
business_network_foundation,Business Network Foundation,Wi-Fi & Networking,current_provider,"Current provider/platform, if known",text,False,,"Examples: Microsoft 365, Google Workspace, Cloudflare, GoDaddy, UniFi, Comcast, Spectrum, WordPress."
business_network_foundation,Business Network Foundation,Wi-Fi & Networking,admin_access_available,Do you have authorized admin access?,select,True,Yes;No;Not sure,Do not paste credentials into this form. Maine Cyber Tech will coordinate safe access separately.
business_network_foundation,Business Network Foundation,Wi-Fi & Networking,primary_goal,What are you trying to accomplish?,textarea,True,,"Describe the business goal, pain point, risk, outage, or improvement you want."
business_network_foundation,Business Network Foundation,Wi-Fi & Networking,coverage_scope,Coverage scope,select,False,Indoor;Outdoor;Both;Not sure,
business_network_foundation,Business Network Foundation,Wi-Fi & Networking,network_equipment,Current network equipment,textarea,False,,
business_network_foundation,Business Network Foundation,Wi-Fi & Networking,guest_wifi_required,Guest Wi-Fi required?,select,False,Yes;No;Not sure,
outdoor_coverage_bundle,Outdoor Coverage Bundle,Wi-Fi & Networking,business_name,Business name,text,True,,Legal or public-facing business name.
outdoor_coverage_bundle,Outdoor Coverage Bundle,Wi-Fi & Networking,contact_name,Primary contact name,text,True,,Main person Maine Cyber Tech should coordinate with.
outdoor_coverage_bundle,Outdoor Coverage Bundle,Wi-Fi & Networking,contact_email,Primary contact email,email,True,,"Used for scheduling, service updates, and deliverables."
outdoor_coverage_bundle,Outdoor Coverage Bundle,Wi-Fi & Networking,contact_phone,Best phone number,tel,False,,"Useful for urgent, onsite, or access-sensitive work."
outdoor_coverage_bundle,Outdoor Coverage Bundle,Wi-Fi & Networking,business_address,Business address or service location,textarea,False,,"Required for onsite, Wi-Fi, network, camera, hardware, or location-specific services."
outdoor_coverage_bundle,Outdoor Coverage Bundle,Wi-Fi & Networking,urgency,How urgent is this request?,select,True,Not urgent;This week;ASAP;Emergency,Emergency work may require separate emergency support terms.
outdoor_coverage_bundle,Outdoor Coverage Bundle,Wi-Fi & Networking,users_count,Approximate number of users,number,False,,Estimate is acceptable.
outdoor_coverage_bundle,Outdoor Coverage Bundle,Wi-Fi & Networking,devices_count,Approximate number of devices,number,False,,"Include computers, phones, tablets, printers, network gear, and cameras if relevant."
outdoor_coverage_bundle,Outdoor Coverage Bundle,Wi-Fi & Networking,current_provider,"Current provider/platform, if known",text,False,,"Examples: Microsoft 365, Google Workspace, Cloudflare, GoDaddy, UniFi, Comcast, Spectrum, WordPress."
outdoor_coverage_bundle,Outdoor Coverage Bundle,Wi-Fi & Networking,admin_access_available,Do you have authorized admin access?,select,True,Yes;No;Not sure,Do not paste credentials into this form. Maine Cyber Tech will coordinate safe access separately.
outdoor_coverage_bundle,Outdoor Coverage Bundle,Wi-Fi & Networking,primary_goal,What are you trying to accomplish?,textarea,True,,"Describe the business goal, pain point, risk, outage, or improvement you want."
outdoor_coverage_bundle,Outdoor Coverage Bundle,Wi-Fi & Networking,coverage_scope,Coverage scope,select,False,Indoor;Outdoor;Both;Not sure,
outdoor_coverage_bundle,Outdoor Coverage Bundle,Wi-Fi & Networking,network_equipment,Current network equipment,textarea,False,,
outdoor_coverage_bundle,Outdoor Coverage Bundle,Wi-Fi & Networking,guest_wifi_required,Guest Wi-Fi required?,select,False,Yes;No;Not sure,
camera_and_wi_fi_bundle,Camera and Wi-Fi Bundle,Wi-Fi & Networking,business_name,Business name,text,True,,Legal or public-facing business name.
camera_and_wi_fi_bundle,Camera and Wi-Fi Bundle,Wi-Fi & Networking,contact_name,Primary contact name,text,True,,Main person Maine Cyber Tech should coordinate with.
camera_and_wi_fi_bundle,Camera and Wi-Fi Bundle,Wi-Fi & Networking,contact_email,Primary contact email,email,True,,"Used for scheduling, service updates, and deliverables."
camera_and_wi_fi_bundle,Camera and Wi-Fi Bundle,Wi-Fi & Networking,contact_phone,Best phone number,tel,False,,"Useful for urgent, onsite, or access-sensitive work."
camera_and_wi_fi_bundle,Camera and Wi-Fi Bundle,Wi-Fi & Networking,business_address,Business address or service location,textarea,False,,"Required for onsite, Wi-Fi, network, camera, hardware, or location-specific services."
camera_and_wi_fi_bundle,Camera and Wi-Fi Bundle,Wi-Fi & Networking,urgency,How urgent is this request?,select,True,Not urgent;This week;ASAP;Emergency,Emergency work may require separate emergency support terms.
camera_and_wi_fi_bundle,Camera and Wi-Fi Bundle,Wi-Fi & Networking,users_count,Approximate number of users,number,False,,Estimate is acceptable.
camera_and_wi_fi_bundle,Camera and Wi-Fi Bundle,Wi-Fi & Networking,devices_count,Approximate number of devices,number,False,,"Include computers, phones, tablets, printers, network gear, and cameras if relevant."
camera_and_wi_fi_bundle,Camera and Wi-Fi Bundle,Wi-Fi & Networking,current_provider,"Current provider/platform, if known",text,False,,"Examples: Microsoft 365, Google Workspace, Cloudflare, GoDaddy, UniFi, Comcast, Spectrum, WordPress."
camera_and_wi_fi_bundle,Camera and Wi-Fi Bundle,Wi-Fi & Networking,admin_access_available,Do you have authorized admin access?,select,True,Yes;No;Not sure,Do not paste credentials into this form. Maine Cyber Tech will coordinate safe access separately.
camera_and_wi_fi_bundle,Camera and Wi-Fi Bundle,Wi-Fi & Networking,primary_goal,What are you trying to accomplish?,textarea,True,,"Describe the business goal, pain point, risk, outage, or improvement you want."
camera_and_wi_fi_bundle,Camera and Wi-Fi Bundle,Wi-Fi & Networking,coverage_scope,Coverage scope,select,False,Indoor;Outdoor;Both;Not sure,
camera_and_wi_fi_bundle,Camera and Wi-Fi Bundle,Wi-Fi & Networking,network_equipment,Current network equipment,textarea,False,,
camera_and_wi_fi_bundle,Camera and Wi-Fi Bundle,Wi-Fi & Networking,guest_wifi_required,Guest Wi-Fi required?,select,False,Yes;No;Not sure,
camera_site_survey,Camera Site Survey,Security Cameras,business_name,Business name,text,True,,Legal or public-facing business name.
camera_site_survey,Camera Site Survey,Security Cameras,contact_name,Primary contact name,text,True,,Main person Maine Cyber Tech should coordinate with.
camera_site_survey,Camera Site Survey,Security Cameras,contact_email,Primary contact email,email,True,,"Used for scheduling, service updates, and deliverables."
camera_site_survey,Camera Site Survey,Security Cameras,contact_phone,Best phone number,tel,False,,"Useful for urgent, onsite, or access-sensitive work."
camera_site_survey,Camera Site Survey,Security Cameras,business_address,Business address or service location,textarea,False,,"Required for onsite, Wi-Fi, network, camera, hardware, or location-specific services."
camera_site_survey,Camera Site Survey,Security Cameras,urgency,How urgent is this request?,select,True,Not urgent;This week;ASAP;Emergency,Emergency work may require separate emergency support terms.
camera_site_survey,Camera Site Survey,Security Cameras,users_count,Approximate number of users,number,False,,Estimate is acceptable.
camera_site_survey,Camera Site Survey,Security Cameras,devices_count,Approximate number of devices,number,False,,"Include computers, phones, tablets, printers, network gear, and cameras if relevant."
camera_site_survey,Camera Site Survey,Security Cameras,current_provider,"Current provider/platform, if known",text,False,,"Examples: Microsoft 365, Google Workspace, Cloudflare, GoDaddy, UniFi, Comcast, Spectrum, WordPress."
camera_site_survey,Camera Site Survey,Security Cameras,admin_access_available,Do you have authorized admin access?,select,True,Yes;No;Not sure,Do not paste credentials into this form. Maine Cyber Tech will coordinate safe access separately.
camera_site_survey,Camera Site Survey,Security Cameras,primary_goal,What are you trying to accomplish?,textarea,True,,"Describe the business goal, pain point, risk, outage, or improvement you want."
camera_site_survey,Camera Site Survey,Security Cameras,camera_count_estimate,Estimated camera count,number,False,,
camera_site_survey,Camera Site Survey,Security Cameras,camera_areas,Areas to cover,textarea,False,,
camera_site_survey,Camera Site Survey,Security Cameras,remote_viewing_needed,Remote viewing needed?,select,False,Yes;No;Not sure,
single_camera_add_on,Single Camera Add-On,Security Cameras,business_name,Business name,text,True,,Legal or public-facing business name.
single_camera_add_on,Single Camera Add-On,Security Cameras,contact_name,Primary contact name,text,True,,Main person Maine Cyber Tech should coordinate with.
single_camera_add_on,Single Camera Add-On,Security Cameras,contact_email,Primary contact email,email,True,,"Used for scheduling, service updates, and deliverables."
single_camera_add_on,Single Camera Add-On,Security Cameras,contact_phone,Best phone number,tel,False,,"Useful for urgent, onsite, or access-sensitive work."
single_camera_add_on,Single Camera Add-On,Security Cameras,business_address,Business address or service location,textarea,False,,"Required for onsite, Wi-Fi, network, camera, hardware, or location-specific services."
single_camera_add_on,Single Camera Add-On,Security Cameras,urgency,How urgent is this request?,select,True,Not urgent;This week;ASAP;Emergency,Emergency work may require separate emergency support terms.
single_camera_add_on,Single Camera Add-On,Security Cameras,users_count,Approximate number of users,number,False,,Estimate is acceptable.
single_camera_add_on,Single Camera Add-On,Security Cameras,devices_count,Approximate number of devices,number,False,,"Include computers, phones, tablets, printers, network gear, and cameras if relevant."
single_camera_add_on,Single Camera Add-On,Security Cameras,current_provider,"Current provider/platform, if known",text,False,,"Examples: Microsoft 365, Google Workspace, Cloudflare, GoDaddy, UniFi, Comcast, Spectrum, WordPress."
single_camera_add_on,Single Camera Add-On,Security Cameras,admin_access_available,Do you have authorized admin access?,select,True,Yes;No;Not sure,Do not paste credentials into this form. Maine Cyber Tech will coordinate safe access separately.
single_camera_add_on,Single Camera Add-On,Security Cameras,primary_goal,What are you trying to accomplish?,textarea,True,,"Describe the business goal, pain point, risk, outage, or improvement you want."
single_camera_add_on,Single Camera Add-On,Security Cameras,camera_count_estimate,Estimated camera count,number,False,,
single_camera_add_on,Single Camera Add-On,Security Cameras,camera_areas,Areas to cover,textarea,False,,
single_camera_add_on,Single Camera Add-On,Security Cameras,remote_viewing_needed,Remote viewing needed?,select,False,Yes;No;Not sure,
small_camera_system_setup,Small Camera System Setup,Security Cameras,business_name,Business name,text,True,,Legal or public-facing business name.
small_camera_system_setup,Small Camera System Setup,Security Cameras,contact_name,Primary contact name,text,True,,Main person Maine Cyber Tech should coordinate with.
small_camera_system_setup,Small Camera System Setup,Security Cameras,contact_email,Primary contact email,email,True,,"Used for scheduling, service updates, and deliverables."
small_camera_system_setup,Small Camera System Setup,Security Cameras,contact_phone,Best phone number,tel,False,,"Useful for urgent, onsite, or access-sensitive work."
small_camera_system_setup,Small Camera System Setup,Security Cameras,business_address,Business address or service location,textarea,False,,"Required for onsite, Wi-Fi, network, camera, hardware, or location-specific services."
small_camera_system_setup,Small Camera System Setup,Security Cameras,urgency,How urgent is this request?,select,True,Not urgent;This week;ASAP;Emergency,Emergency work may require separate emergency support terms.
small_camera_system_setup,Small Camera System Setup,Security Cameras,users_count,Approximate number of users,number,False,,Estimate is acceptable.
small_camera_system_setup,Small Camera System Setup,Security Cameras,devices_count,Approximate number of devices,number,False,,"Include computers, phones, tablets, printers, network gear, and cameras if relevant."
small_camera_system_setup,Small Camera System Setup,Security Cameras,current_provider,"Current provider/platform, if known",text,False,,"Examples: Microsoft 365, Google Workspace, Cloudflare, GoDaddy, UniFi, Comcast, Spectrum, WordPress."
small_camera_system_setup,Small Camera System Setup,Security Cameras,admin_access_available,Do you have authorized admin access?,select,True,Yes;No;Not sure,Do not paste credentials into this form. Maine Cyber Tech will coordinate safe access separately.
small_camera_system_setup,Small Camera System Setup,Security Cameras,primary_goal,What are you trying to accomplish?,textarea,True,,"Describe the business goal, pain point, risk, outage, or improvement you want."
small_camera_system_setup,Small Camera System Setup,Security Cameras,camera_count_estimate,Estimated camera count,number,False,,
small_camera_system_setup,Small Camera System Setup,Security Cameras,camera_areas,Areas to cover,textarea,False,,
small_camera_system_setup,Small Camera System Setup,Security Cameras,remote_viewing_needed,Remote viewing needed?,select,False,Yes;No;Not sure,
camera_health_check,Camera Health Check,Security Cameras,business_name,Business name,text,True,,Legal or public-facing business name.
camera_health_check,Camera Health Check,Security Cameras,contact_name,Primary contact name,text,True,,Main person Maine Cyber Tech should coordinate with.
camera_health_check,Camera Health Check,Security Cameras,contact_email,Primary contact email,email,True,,"Used for scheduling, service updates, and deliverables."
camera_health_check,Camera Health Check,Security Cameras,contact_phone,Best phone number,tel,False,,"Useful for urgent, onsite, or access-sensitive work."
camera_health_check,Camera Health Check,Security Cameras,business_address,Business address or service location,textarea,False,,"Required for onsite, Wi-Fi, network, camera, hardware, or location-specific services."
camera_health_check,Camera Health Check,Security Cameras,urgency,How urgent is this request?,select,True,Not urgent;This week;ASAP;Emergency,Emergency work may require separate emergency support terms.
camera_health_check,Camera Health Check,Security Cameras,users_count,Approximate number of users,number,False,,Estimate is acceptable.
camera_health_check,Camera Health Check,Security Cameras,devices_count,Approximate number of devices,number,False,,"Include computers, phones, tablets, printers, network gear, and cameras if relevant."
camera_health_check,Camera Health Check,Security Cameras,current_provider,"Current provider/platform, if known",text,False,,"Examples: Microsoft 365, Google Workspace, Cloudflare, GoDaddy, UniFi, Comcast, Spectrum, WordPress."
camera_health_check,Camera Health Check,Security Cameras,admin_access_available,Do you have authorized admin access?,select,True,Yes;No;Not sure,Do not paste credentials into this form. Maine Cyber Tech will coordinate safe access separately.
camera_health_check,Camera Health Check,Security Cameras,primary_goal,What are you trying to accomplish?,textarea,True,,"Describe the business goal, pain point, risk, outage, or improvement you want."
camera_health_check,Camera Health Check,Security Cameras,camera_count_estimate,Estimated camera count,number,False,,
camera_health_check,Camera Health Check,Security Cameras,camera_areas,Areas to cover,textarea,False,,
camera_health_check,Camera Health Check,Security Cameras,remote_viewing_needed,Remote viewing needed?,select,False,Yes;No;Not sure,
nvr_cleanup,NVR Cleanup,Security Cameras,business_name,Business name,text,True,,Legal or public-facing business name.
nvr_cleanup,NVR Cleanup,Security Cameras,contact_name,Primary contact name,text,True,,Main person Maine Cyber Tech should coordinate with.
nvr_cleanup,NVR Cleanup,Security Cameras,contact_email,Primary contact email,email,True,,"Used for scheduling, service updates, and deliverables."
nvr_cleanup,NVR Cleanup,Security Cameras,contact_phone,Best phone number,tel,False,,"Useful for urgent, onsite, or access-sensitive work."
nvr_cleanup,NVR Cleanup,Security Cameras,business_address,Business address or service location,textarea,False,,"Required for onsite, Wi-Fi, network, camera, hardware, or location-specific services."
nvr_cleanup,NVR Cleanup,Security Cameras,urgency,How urgent is this request?,select,True,Not urgent;This week;ASAP;Emergency,Emergency work may require separate emergency support terms.
nvr_cleanup,NVR Cleanup,Security Cameras,users_count,Approximate number of users,number,False,,Estimate is acceptable.
nvr_cleanup,NVR Cleanup,Security Cameras,devices_count,Approximate number of devices,number,False,,"Include computers, phones, tablets, printers, network gear, and cameras if relevant."
nvr_cleanup,NVR Cleanup,Security Cameras,current_provider,"Current provider/platform, if known",text,False,,"Examples: Microsoft 365, Google Workspace, Cloudflare, GoDaddy, UniFi, Comcast, Spectrum, WordPress."
nvr_cleanup,NVR Cleanup,Security Cameras,admin_access_available,Do you have authorized admin access?,select,True,Yes;No;Not sure,Do not paste credentials into this form. Maine Cyber Tech will coordinate safe access separately.
nvr_cleanup,NVR Cleanup,Security Cameras,primary_goal,What are you trying to accomplish?,textarea,True,,"Describe the business goal, pain point, risk, outage, or improvement you want."
nvr_cleanup,NVR Cleanup,Security Cameras,camera_count_estimate,Estimated camera count,number,False,,
nvr_cleanup,NVR Cleanup,Security Cameras,camera_areas,Areas to cover,textarea,False,,
nvr_cleanup,NVR Cleanup,Security Cameras,remote_viewing_needed,Remote viewing needed?,select,False,Yes;No;Not sure,
remote_camera_access_setup,Remote Camera Access Setup,Security Cameras,business_name,Business name,text,True,,Legal or public-facing business name.
remote_camera_access_setup,Remote Camera Access Setup,Security Cameras,contact_name,Primary contact name,text,True,,Main person Maine Cyber Tech should coordinate with.
remote_camera_access_setup,Remote Camera Access Setup,Security Cameras,contact_email,Primary contact email,email,True,,"Used for scheduling, service updates, and deliverables."
remote_camera_access_setup,Remote Camera Access Setup,Security Cameras,contact_phone,Best phone number,tel,False,,"Useful for urgent, onsite, or access-sensitive work."
remote_camera_access_setup,Remote Camera Access Setup,Security Cameras,business_address,Business address or service location,textarea,False,,"Required for onsite, Wi-Fi, network, camera, hardware, or location-specific services."
remote_camera_access_setup,Remote Camera Access Setup,Security Cameras,urgency,How urgent is this request?,select,True,Not urgent;This week;ASAP;Emergency,Emergency work may require separate emergency support terms.
remote_camera_access_setup,Remote Camera Access Setup,Security Cameras,users_count,Approximate number of users,number,False,,Estimate is acceptable.
remote_camera_access_setup,Remote Camera Access Setup,Security Cameras,devices_count,Approximate number of devices,number,False,,"Include computers, phones, tablets, printers, network gear, and cameras if relevant."
remote_camera_access_setup,Remote Camera Access Setup,Security Cameras,current_provider,"Current provider/platform, if known",text,False,,"Examples: Microsoft 365, Google Workspace, Cloudflare, GoDaddy, UniFi, Comcast, Spectrum, WordPress."
remote_camera_access_setup,Remote Camera Access Setup,Security Cameras,admin_access_available,Do you have authorized admin access?,select,True,Yes;No;Not sure,Do not paste credentials into this form. Maine Cyber Tech will coordinate safe access separately.
remote_camera_access_setup,Remote Camera Access Setup,Security Cameras,primary_goal,What are you trying to accomplish?,textarea,True,,"Describe the business goal, pain point, risk, outage, or improvement you want."
remote_camera_access_setup,Remote Camera Access Setup,Security Cameras,camera_count_estimate,Estimated camera count,number,False,,
remote_camera_access_setup,Remote Camera Access Setup,Security Cameras,camera_areas,Areas to cover,textarea,False,,
remote_camera_access_setup,Remote Camera Access Setup,Security Cameras,remote_viewing_needed,Remote viewing needed?,select,False,Yes;No;Not sure,
camera_signage_package,Camera Signage Package,Security Cameras,business_name,Business name,text,True,,Legal or public-facing business name.
camera_signage_package,Camera Signage Package,Security Cameras,contact_name,Primary contact name,text,True,,Main person Maine Cyber Tech should coordinate with.
camera_signage_package,Camera Signage Package,Security Cameras,contact_email,Primary contact email,email,True,,"Used for scheduling, service updates, and deliverables."
camera_signage_package,Camera Signage Package,Security Cameras,contact_phone,Best phone number,tel,False,,"Useful for urgent, onsite, or access-sensitive work."
camera_signage_package,Camera Signage Package,Security Cameras,business_address,Business address or service location,textarea,False,,"Required for onsite, Wi-Fi, network, camera, hardware, or location-specific services."
camera_signage_package,Camera Signage Package,Security Cameras,urgency,How urgent is this request?,select,True,Not urgent;This week;ASAP;Emergency,Emergency work may require separate emergency support terms.
camera_signage_package,Camera Signage Package,Security Cameras,users_count,Approximate number of users,number,False,,Estimate is acceptable.
camera_signage_package,Camera Signage Package,Security Cameras,devices_count,Approximate number of devices,number,False,,"Include computers, phones, tablets, printers, network gear, and cameras if relevant."
camera_signage_package,Camera Signage Package,Security Cameras,current_provider,"Current provider/platform, if known",text,False,,"Examples: Microsoft 365, Google Workspace, Cloudflare, GoDaddy, UniFi, Comcast, Spectrum, WordPress."
camera_signage_package,Camera Signage Package,Security Cameras,admin_access_available,Do you have authorized admin access?,select,True,Yes;No;Not sure,Do not paste credentials into this form. Maine Cyber Tech will coordinate safe access separately.
camera_signage_package,Camera Signage Package,Security Cameras,primary_goal,What are you trying to accomplish?,textarea,True,,"Describe the business goal, pain point, risk, outage, or improvement you want."
camera_signage_package,Camera Signage Package,Security Cameras,camera_count_estimate,Estimated camera count,number,False,,
camera_signage_package,Camera Signage Package,Security Cameras,camera_areas,Areas to cover,textarea,False,,
camera_signage_package,Camera Signage Package,Security Cameras,remote_viewing_needed,Remote viewing needed?,select,False,Yes;No;Not sure,
camera_maintenance_plan,Camera Maintenance Plan,Security Cameras,business_name,Business name,text,True,,Legal or public-facing business name.
camera_maintenance_plan,Camera Maintenance Plan,Security Cameras,contact_name,Primary contact name,text,True,,Main person Maine Cyber Tech should coordinate with.
camera_maintenance_plan,Camera Maintenance Plan,Security Cameras,contact_email,Primary contact email,email,True,,"Used for scheduling, service updates, and deliverables."
camera_maintenance_plan,Camera Maintenance Plan,Security Cameras,contact_phone,Best phone number,tel,False,,"Useful for urgent, onsite, or access-sensitive work."
camera_maintenance_plan,Camera Maintenance Plan,Security Cameras,business_address,Business address or service location,textarea,False,,"Required for onsite, Wi-Fi, network, camera, hardware, or location-specific services."
camera_maintenance_plan,Camera Maintenance Plan,Security Cameras,urgency,How urgent is this request?,select,True,Not urgent;This week;ASAP;Emergency,Emergency work may require separate emergency support terms.
camera_maintenance_plan,Camera Maintenance Plan,Security Cameras,users_count,Approximate number of users,number,False,,Estimate is acceptable.
camera_maintenance_plan,Camera Maintenance Plan,Security Cameras,devices_count,Approximate number of devices,number,False,,"Include computers, phones, tablets, printers, network gear, and cameras if relevant."
camera_maintenance_plan,Camera Maintenance Plan,Security Cameras,current_provider,"Current provider/platform, if known",text,False,,"Examples: Microsoft 365, Google Workspace, Cloudflare, GoDaddy, UniFi, Comcast, Spectrum, WordPress."
camera_maintenance_plan,Camera Maintenance Plan,Security Cameras,admin_access_available,Do you have authorized admin access?,select,True,Yes;No;Not sure,Do not paste credentials into this form. Maine Cyber Tech will coordinate safe access separately.
camera_maintenance_plan,Camera Maintenance Plan,Security Cameras,primary_goal,What are you trying to accomplish?,textarea,True,,"Describe the business goal, pain point, risk, outage, or improvement you want."
camera_maintenance_plan,Camera Maintenance Plan,Security Cameras,camera_count_estimate,Estimated camera count,number,False,,
camera_maintenance_plan,Camera Maintenance Plan,Security Cameras,camera_areas,Areas to cover,textarea,False,,
camera_maintenance_plan,Camera Maintenance Plan,Security Cameras,remote_viewing_needed,Remote viewing needed?,select,False,Yes;No;Not sure,
camera_starter_bundle,Camera Starter Bundle,Security Cameras,business_name,Business name,text,True,,Legal or public-facing business name.
camera_starter_bundle,Camera Starter Bundle,Security Cameras,contact_name,Primary contact name,text,True,,Main person Maine Cyber Tech should coordinate with.
camera_starter_bundle,Camera Starter Bundle,Security Cameras,contact_email,Primary contact email,email,True,,"Used for scheduling, service updates, and deliverables."
camera_starter_bundle,Camera Starter Bundle,Security Cameras,contact_phone,Best phone number,tel,False,,"Useful for urgent, onsite, or access-sensitive work."
camera_starter_bundle,Camera Starter Bundle,Security Cameras,business_address,Business address or service location,textarea,False,,"Required for onsite, Wi-Fi, network, camera, hardware, or location-specific services."
camera_starter_bundle,Camera Starter Bundle,Security Cameras,urgency,How urgent is this request?,select,True,Not urgent;This week;ASAP;Emergency,Emergency work may require separate emergency support terms.
camera_starter_bundle,Camera Starter Bundle,Security Cameras,users_count,Approximate number of users,number,False,,Estimate is acceptable.
camera_starter_bundle,Camera Starter Bundle,Security Cameras,devices_count,Approximate number of devices,number,False,,"Include computers, phones, tablets, printers, network gear, and cameras if relevant."
camera_starter_bundle,Camera Starter Bundle,Security Cameras,current_provider,"Current provider/platform, if known",text,False,,"Examples: Microsoft 365, Google Workspace, Cloudflare, GoDaddy, UniFi, Comcast, Spectrum, WordPress."
camera_starter_bundle,Camera Starter Bundle,Security Cameras,admin_access_available,Do you have authorized admin access?,select,True,Yes;No;Not sure,Do not paste credentials into this form. Maine Cyber Tech will coordinate safe access separately.
camera_starter_bundle,Camera Starter Bundle,Security Cameras,primary_goal,What are you trying to accomplish?,textarea,True,,"Describe the business goal, pain point, risk, outage, or improvement you want."
camera_starter_bundle,Camera Starter Bundle,Security Cameras,camera_count_estimate,Estimated camera count,number,False,,
camera_starter_bundle,Camera Starter Bundle,Security Cameras,camera_areas,Areas to cover,textarea,False,,
camera_starter_bundle,Camera Starter Bundle,Security Cameras,remote_viewing_needed,Remote viewing needed?,select,False,Yes;No;Not sure,
camera_business_bundle,Camera Business Bundle,Security Cameras,business_name,Business name,text,True,,Legal or public-facing business name.
camera_business_bundle,Camera Business Bundle,Security Cameras,contact_name,Primary contact name,text,True,,Main person Maine Cyber Tech should coordinate with.
camera_business_bundle,Camera Business Bundle,Security Cameras,contact_email,Primary contact email,email,True,,"Used for scheduling, service updates, and deliverables."
camera_business_bundle,Camera Business Bundle,Security Cameras,contact_phone,Best phone number,tel,False,,"Useful for urgent, onsite, or access-sensitive work."
camera_business_bundle,Camera Business Bundle,Security Cameras,business_address,Business address or service location,textarea,False,,"Required for onsite, Wi-Fi, network, camera, hardware, or location-specific services."
camera_business_bundle,Camera Business Bundle,Security Cameras,urgency,How urgent is this request?,select,True,Not urgent;This week;ASAP;Emergency,Emergency work may require separate emergency support terms.
camera_business_bundle,Camera Business Bundle,Security Cameras,users_count,Approximate number of users,number,False,,Estimate is acceptable.
camera_business_bundle,Camera Business Bundle,Security Cameras,devices_count,Approximate number of devices,number,False,,"Include computers, phones, tablets, printers, network gear, and cameras if relevant."
camera_business_bundle,Camera Business Bundle,Security Cameras,current_provider,"Current provider/platform, if known",text,False,,"Examples: Microsoft 365, Google Workspace, Cloudflare, GoDaddy, UniFi, Comcast, Spectrum, WordPress."
camera_business_bundle,Camera Business Bundle,Security Cameras,admin_access_available,Do you have authorized admin access?,select,True,Yes;No;Not sure,Do not paste credentials into this form. Maine Cyber Tech will coordinate safe access separately.
camera_business_bundle,Camera Business Bundle,Security Cameras,primary_goal,What are you trying to accomplish?,textarea,True,,"Describe the business goal, pain point, risk, outage, or improvement you want."
camera_business_bundle,Camera Business Bundle,Security Cameras,camera_count_estimate,Estimated camera count,number,False,,
camera_business_bundle,Camera Business Bundle,Security Cameras,camera_areas,Areas to cover,textarea,False,,
camera_business_bundle,Camera Business Bundle,Security Cameras,remote_viewing_needed,Remote viewing needed?,select,False,Yes;No;Not sure,
camera_complete_bundle,Camera Complete Bundle,Security Cameras,business_name,Business name,text,True,,Legal or public-facing business name.
camera_complete_bundle,Camera Complete Bundle,Security Cameras,contact_name,Primary contact name,text,True,,Main person Maine Cyber Tech should coordinate with.
camera_complete_bundle,Camera Complete Bundle,Security Cameras,contact_email,Primary contact email,email,True,,"Used for scheduling, service updates, and deliverables."
camera_complete_bundle,Camera Complete Bundle,Security Cameras,contact_phone,Best phone number,tel,False,,"Useful for urgent, onsite, or access-sensitive work."
camera_complete_bundle,Camera Complete Bundle,Security Cameras,business_address,Business address or service location,textarea,False,,"Required for onsite, Wi-Fi, network, camera, hardware, or location-specific services."
camera_complete_bundle,Camera Complete Bundle,Security Cameras,urgency,How urgent is this request?,select,True,Not urgent;This week;ASAP;Emergency,Emergency work may require separate emergency support terms.
camera_complete_bundle,Camera Complete Bundle,Security Cameras,users_count,Approximate number of users,number,False,,Estimate is acceptable.
camera_complete_bundle,Camera Complete Bundle,Security Cameras,devices_count,Approximate number of devices,number,False,,"Include computers, phones, tablets, printers, network gear, and cameras if relevant."
camera_complete_bundle,Camera Complete Bundle,Security Cameras,current_provider,"Current provider/platform, if known",text,False,,"Examples: Microsoft 365, Google Workspace, Cloudflare, GoDaddy, UniFi, Comcast, Spectrum, WordPress."
camera_complete_bundle,Camera Complete Bundle,Security Cameras,admin_access_available,Do you have authorized admin access?,select,True,Yes;No;Not sure,Do not paste credentials into this form. Maine Cyber Tech will coordinate safe access separately.
camera_complete_bundle,Camera Complete Bundle,Security Cameras,primary_goal,What are you trying to accomplish?,textarea,True,,"Describe the business goal, pain point, risk, outage, or improvement you want."
camera_complete_bundle,Camera Complete Bundle,Security Cameras,camera_count_estimate,Estimated camera count,number,False,,
camera_complete_bundle,Camera Complete Bundle,Security Cameras,camera_areas,Areas to cover,textarea,False,,
camera_complete_bundle,Camera Complete Bundle,Security Cameras,remote_viewing_needed,Remote viewing needed?,select,False,Yes;No;Not sure,
unifi_camera_install,UniFi Camera Install,Security Cameras,business_name,Business name,text,True,,Legal or public-facing business name.
unifi_camera_install,UniFi Camera Install,Security Cameras,contact_name,Primary contact name,text,True,,Main person Maine Cyber Tech should coordinate with.
unifi_camera_install,UniFi Camera Install,Security Cameras,contact_email,Primary contact email,email,True,,"Used for scheduling, service updates, and deliverables."
unifi_camera_install,UniFi Camera Install,Security Cameras,contact_phone,Best phone number,tel,False,,"Useful for urgent, onsite, or access-sensitive work."
unifi_camera_install,UniFi Camera Install,Security Cameras,business_address,Business address or service location,textarea,False,,"Required for onsite, Wi-Fi, network, camera, hardware, or location-specific services."
unifi_camera_install,UniFi Camera Install,Security Cameras,urgency,How urgent is this request?,select,True,Not urgent;This week;ASAP;Emergency,Emergency work may require separate emergency support terms.
unifi_camera_install,UniFi Camera Install,Security Cameras,users_count,Approximate number of users,number,False,,Estimate is acceptable.
unifi_camera_install,UniFi Camera Install,Security Cameras,devices_count,Approximate number of devices,number,False,,"Include computers, phones, tablets, printers, network gear, and cameras if relevant."
unifi_camera_install,UniFi Camera Install,Security Cameras,current_provider,"Current provider/platform, if known",text,False,,"Examples: Microsoft 365, Google Workspace, Cloudflare, GoDaddy, UniFi, Comcast, Spectrum, WordPress."
unifi_camera_install,UniFi Camera Install,Security Cameras,admin_access_available,Do you have authorized admin access?,select,True,Yes;No;Not sure,Do not paste credentials into this form. Maine Cyber Tech will coordinate safe access separately.
unifi_camera_install,UniFi Camera Install,Security Cameras,primary_goal,What are you trying to accomplish?,textarea,True,,"Describe the business goal, pain point, risk, outage, or improvement you want."
unifi_camera_install,UniFi Camera Install,Security Cameras,camera_count_estimate,Estimated camera count,number,False,,
unifi_camera_install,UniFi Camera Install,Security Cameras,camera_areas,Areas to cover,textarea,False,,
unifi_camera_install,UniFi Camera Install,Security Cameras,remote_viewing_needed,Remote viewing needed?,select,False,Yes;No;Not sure,
unifi_door_access_consultation,UniFi Door Access Consultation,Security Cameras,business_name,Business name,text,True,,Legal or public-facing business name.
unifi_door_access_consultation,UniFi Door Access Consultation,Security Cameras,contact_name,Primary contact name,text,True,,Main person Maine Cyber Tech should coordinate with.
unifi_door_access_consultation,UniFi Door Access Consultation,Security Cameras,contact_email,Primary contact email,email,True,,"Used for scheduling, service updates, and deliverables."
unifi_door_access_consultation,UniFi Door Access Consultation,Security Cameras,contact_phone,Best phone number,tel,False,,"Useful for urgent, onsite, or access-sensitive work."
unifi_door_access_consultation,UniFi Door Access Consultation,Security Cameras,business_address,Business address or service location,textarea,False,,"Required for onsite, Wi-Fi, network, camera, hardware, or location-specific services."
unifi_door_access_consultation,UniFi Door Access Consultation,Security Cameras,urgency,How urgent is this request?,select,True,Not urgent;This week;ASAP;Emergency,Emergency work may require separate emergency support terms.
unifi_door_access_consultation,UniFi Door Access Consultation,Security Cameras,users_count,Approximate number of users,number,False,,Estimate is acceptable.
unifi_door_access_consultation,UniFi Door Access Consultation,Security Cameras,devices_count,Approximate number of devices,number,False,,"Include computers, phones, tablets, printers, network gear, and cameras if relevant."
unifi_door_access_consultation,UniFi Door Access Consultation,Security Cameras,current_provider,"Current provider/platform, if known",text,False,,"Examples: Microsoft 365, Google Workspace, Cloudflare, GoDaddy, UniFi, Comcast, Spectrum, WordPress."
unifi_door_access_consultation,UniFi Door Access Consultation,Security Cameras,admin_access_available,Do you have authorized admin access?,select,True,Yes;No;Not sure,Do not paste credentials into this form. Maine Cyber Tech will coordinate safe access separately.
unifi_door_access_consultation,UniFi Door Access Consultation,Security Cameras,primary_goal,What are you trying to accomplish?,textarea,True,,"Describe the business goal, pain point, risk, outage, or improvement you want."
unifi_door_access_consultation,UniFi Door Access Consultation,Security Cameras,camera_count_estimate,Estimated camera count,number,False,,
unifi_door_access_consultation,UniFi Door Access Consultation,Security Cameras,camera_areas,Areas to cover,textarea,False,,
unifi_door_access_consultation,UniFi Door Access Consultation,Security Cameras,remote_viewing_needed,Remote viewing needed?,select,False,Yes;No;Not sure,
backup_readiness_check,Backup Readiness Check,Backup & Recovery,business_name,Business name,text,True,,Legal or public-facing business name.
backup_readiness_check,Backup Readiness Check,Backup & Recovery,contact_name,Primary contact name,text,True,,Main person Maine Cyber Tech should coordinate with.
backup_readiness_check,Backup Readiness Check,Backup & Recovery,contact_email,Primary contact email,email,True,,"Used for scheduling, service updates, and deliverables."
backup_readiness_check,Backup Readiness Check,Backup & Recovery,contact_phone,Best phone number,tel,False,,"Useful for urgent, onsite, or access-sensitive work."
backup_readiness_check,Backup Readiness Check,Backup & Recovery,business_address,Business address or service location,textarea,False,,"Required for onsite, Wi-Fi, network, camera, hardware, or location-specific services."
backup_readiness_check,Backup Readiness Check,Backup & Recovery,urgency,How urgent is this request?,select,True,Not urgent;This week;ASAP;Emergency,Emergency work may require separate emergency support terms.
backup_readiness_check,Backup Readiness Check,Backup & Recovery,users_count,Approximate number of users,number,False,,Estimate is acceptable.
backup_readiness_check,Backup Readiness Check,Backup & Recovery,devices_count,Approximate number of devices,number,False,,"Include computers, phones, tablets, printers, network gear, and cameras if relevant."
backup_readiness_check,Backup Readiness Check,Backup & Recovery,current_provider,"Current provider/platform, if known",text,False,,"Examples: Microsoft 365, Google Workspace, Cloudflare, GoDaddy, UniFi, Comcast, Spectrum, WordPress."
backup_readiness_check,Backup Readiness Check,Backup & Recovery,admin_access_available,Do you have authorized admin access?,select,True,Yes;No;Not sure,Do not paste credentials into this form. Maine Cyber Tech will coordinate safe access separately.
backup_readiness_check,Backup Readiness Check,Backup & Recovery,primary_goal,What are you trying to accomplish?,textarea,True,,"Describe the business goal, pain point, risk, outage, or improvement you want."
backup_readiness_check,Backup Readiness Check,Backup & Recovery,critical_data_locations,Critical data locations,textarea,False,,
backup_readiness_check,Backup Readiness Check,Backup & Recovery,current_backup_tool,Current backup tool/vendor,text,False,,
backup_readiness_check,Backup Readiness Check,Backup & Recovery,last_restore_test,"Last restore test, if known",text,False,,
computer_backup_setup,Computer Backup Setup,Backup & Recovery,business_name,Business name,text,True,,Legal or public-facing business name.
computer_backup_setup,Computer Backup Setup,Backup & Recovery,contact_name,Primary contact name,text,True,,Main person Maine Cyber Tech should coordinate with.
computer_backup_setup,Computer Backup Setup,Backup & Recovery,contact_email,Primary contact email,email,True,,"Used for scheduling, service updates, and deliverables."
computer_backup_setup,Computer Backup Setup,Backup & Recovery,contact_phone,Best phone number,tel,False,,"Useful for urgent, onsite, or access-sensitive work."
computer_backup_setup,Computer Backup Setup,Backup & Recovery,business_address,Business address or service location,textarea,False,,"Required for onsite, Wi-Fi, network, camera, hardware, or location-specific services."
computer_backup_setup,Computer Backup Setup,Backup & Recovery,urgency,How urgent is this request?,select,True,Not urgent;This week;ASAP;Emergency,Emergency work may require separate emergency support terms.
computer_backup_setup,Computer Backup Setup,Backup & Recovery,users_count,Approximate number of users,number,False,,Estimate is acceptable.
computer_backup_setup,Computer Backup Setup,Backup & Recovery,devices_count,Approximate number of devices,number,False,,"Include computers, phones, tablets, printers, network gear, and cameras if relevant."
computer_backup_setup,Computer Backup Setup,Backup & Recovery,current_provider,"Current provider/platform, if known",text,False,,"Examples: Microsoft 365, Google Workspace, Cloudflare, GoDaddy, UniFi, Comcast, Spectrum, WordPress."
computer_backup_setup,Computer Backup Setup,Backup & Recovery,admin_access_available,Do you have authorized admin access?,select,True,Yes;No;Not sure,Do not paste credentials into this form. Maine Cyber Tech will coordinate safe access separately.
computer_backup_setup,Computer Backup Setup,Backup & Recovery,primary_goal,What are you trying to accomplish?,textarea,True,,"Describe the business goal, pain point, risk, outage, or improvement you want."
computer_backup_setup,Computer Backup Setup,Backup & Recovery,critical_data_locations,Critical data locations,textarea,False,,
computer_backup_setup,Computer Backup Setup,Backup & Recovery,current_backup_tool,Current backup tool/vendor,text,False,,
computer_backup_setup,Computer Backup Setup,Backup & Recovery,last_restore_test,"Last restore test, if known",text,False,,
microsoft_365_backup_setup,Microsoft 365 Backup Setup,Backup & Recovery,business_name,Business name,text,True,,Legal or public-facing business name.
microsoft_365_backup_setup,Microsoft 365 Backup Setup,Backup & Recovery,contact_name,Primary contact name,text,True,,Main person Maine Cyber Tech should coordinate with.
microsoft_365_backup_setup,Microsoft 365 Backup Setup,Backup & Recovery,contact_email,Primary contact email,email,True,,"Used for scheduling, service updates, and deliverables."
microsoft_365_backup_setup,Microsoft 365 Backup Setup,Backup & Recovery,contact_phone,Best phone number,tel,False,,"Useful for urgent, onsite, or access-sensitive work."
microsoft_365_backup_setup,Microsoft 365 Backup Setup,Backup & Recovery,business_address,Business address or service location,textarea,False,,"Required for onsite, Wi-Fi, network, camera, hardware, or location-specific services."
microsoft_365_backup_setup,Microsoft 365 Backup Setup,Backup & Recovery,urgency,How urgent is this request?,select,True,Not urgent;This week;ASAP;Emergency,Emergency work may require separate emergency support terms.
microsoft_365_backup_setup,Microsoft 365 Backup Setup,Backup & Recovery,users_count,Approximate number of users,number,False,,Estimate is acceptable.
microsoft_365_backup_setup,Microsoft 365 Backup Setup,Backup & Recovery,devices_count,Approximate number of devices,number,False,,"Include computers, phones, tablets, printers, network gear, and cameras if relevant."
microsoft_365_backup_setup,Microsoft 365 Backup Setup,Backup & Recovery,current_provider,"Current provider/platform, if known",text,False,,"Examples: Microsoft 365, Google Workspace, Cloudflare, GoDaddy, UniFi, Comcast, Spectrum, WordPress."
microsoft_365_backup_setup,Microsoft 365 Backup Setup,Backup & Recovery,admin_access_available,Do you have authorized admin access?,select,True,Yes;No;Not sure,Do not paste credentials into this form. Maine Cyber Tech will coordinate safe access separately.
microsoft_365_backup_setup,Microsoft 365 Backup Setup,Backup & Recovery,primary_goal,What are you trying to accomplish?,textarea,True,,"Describe the business goal, pain point, risk, outage, or improvement you want."
microsoft_365_backup_setup,Microsoft 365 Backup Setup,Backup & Recovery,critical_data_locations,Critical data locations,textarea,False,,
microsoft_365_backup_setup,Microsoft 365 Backup Setup,Backup & Recovery,current_backup_tool,Current backup tool/vendor,text,False,,
microsoft_365_backup_setup,Microsoft 365 Backup Setup,Backup & Recovery,last_restore_test,"Last restore test, if known",text,False,,
nas_backup_setup,NAS Backup Setup,Backup & Recovery,business_name,Business name,text,True,,Legal or public-facing business name.
nas_backup_setup,NAS Backup Setup,Backup & Recovery,contact_name,Primary contact name,text,True,,Main person Maine Cyber Tech should coordinate with.
nas_backup_setup,NAS Backup Setup,Backup & Recovery,contact_email,Primary contact email,email,True,,"Used for scheduling, service updates, and deliverables."
nas_backup_setup,NAS Backup Setup,Backup & Recovery,contact_phone,Best phone number,tel,False,,"Useful for urgent, onsite, or access-sensitive work."
nas_backup_setup,NAS Backup Setup,Backup & Recovery,business_address,Business address or service location,textarea,False,,"Required for onsite, Wi-Fi, network, camera, hardware, or location-specific services."
nas_backup_setup,NAS Backup Setup,Backup & Recovery,urgency,How urgent is this request?,select,True,Not urgent;This week;ASAP;Emergency,Emergency work may require separate emergency support terms.
nas_backup_setup,NAS Backup Setup,Backup & Recovery,users_count,Approximate number of users,number,False,,Estimate is acceptable.
nas_backup_setup,NAS Backup Setup,Backup & Recovery,devices_count,Approximate number of devices,number,False,,"Include computers, phones, tablets, printers, network gear, and cameras if relevant."
nas_backup_setup,NAS Backup Setup,Backup & Recovery,current_provider,"Current provider/platform, if known",text,False,,"Examples: Microsoft 365, Google Workspace, Cloudflare, GoDaddy, UniFi, Comcast, Spectrum, WordPress."
nas_backup_setup,NAS Backup Setup,Backup & Recovery,admin_access_available,Do you have authorized admin access?,select,True,Yes;No;Not sure,Do not paste credentials into this form. Maine Cyber Tech will coordinate safe access separately.
nas_backup_setup,NAS Backup Setup,Backup & Recovery,primary_goal,What are you trying to accomplish?,textarea,True,,"Describe the business goal, pain point, risk, outage, or improvement you want."
nas_backup_setup,NAS Backup Setup,Backup & Recovery,critical_data_locations,Critical data locations,textarea,False,,
nas_backup_setup,NAS Backup Setup,Backup & Recovery,current_backup_tool,Current backup tool/vendor,text,False,,
nas_backup_setup,NAS Backup Setup,Backup & Recovery,last_restore_test,"Last restore test, if known",text,False,,
cloud_backup_setup,Cloud Backup Setup,Backup & Recovery,business_name,Business name,text,True,,Legal or public-facing business name.
cloud_backup_setup,Cloud Backup Setup,Backup & Recovery,contact_name,Primary contact name,text,True,,Main person Maine Cyber Tech should coordinate with.
cloud_backup_setup,Cloud Backup Setup,Backup & Recovery,contact_email,Primary contact email,email,True,,"Used for scheduling, service updates, and deliverables."
cloud_backup_setup,Cloud Backup Setup,Backup & Recovery,contact_phone,Best phone number,tel,False,,"Useful for urgent, onsite, or access-sensitive work."
cloud_backup_setup,Cloud Backup Setup,Backup & Recovery,business_address,Business address or service location,textarea,False,,"Required for onsite, Wi-Fi, network, camera, hardware, or location-specific services."
cloud_backup_setup,Cloud Backup Setup,Backup & Recovery,urgency,How urgent is this request?,select,True,Not urgent;This week;ASAP;Emergency,Emergency work may require separate emergency support terms.
cloud_backup_setup,Cloud Backup Setup,Backup & Recovery,users_count,Approximate number of users,number,False,,Estimate is acceptable.
cloud_backup_setup,Cloud Backup Setup,Backup & Recovery,devices_count,Approximate number of devices,number,False,,"Include computers, phones, tablets, printers, network gear, and cameras if relevant."
cloud_backup_setup,Cloud Backup Setup,Backup & Recovery,current_provider,"Current provider/platform, if known",text,False,,"Examples: Microsoft 365, Google Workspace, Cloudflare, GoDaddy, UniFi, Comcast, Spectrum, WordPress."
cloud_backup_setup,Cloud Backup Setup,Backup & Recovery,admin_access_available,Do you have authorized admin access?,select,True,Yes;No;Not sure,Do not paste credentials into this form. Maine Cyber Tech will coordinate safe access separately.
cloud_backup_setup,Cloud Backup Setup,Backup & Recovery,primary_goal,What are you trying to accomplish?,textarea,True,,"Describe the business goal, pain point, risk, outage, or improvement you want."
cloud_backup_setup,Cloud Backup Setup,Backup & Recovery,critical_data_locations,Critical data locations,textarea,False,,
cloud_backup_setup,Cloud Backup Setup,Backup & Recovery,current_backup_tool,Current backup tool/vendor,text,False,,
cloud_backup_setup,Cloud Backup Setup,Backup & Recovery,last_restore_test,"Last restore test, if known",text,False,,
backup_restore_test,Backup Restore Test,Backup & Recovery,business_name,Business name,text,True,,Legal or public-facing business name.
backup_restore_test,Backup Restore Test,Backup & Recovery,contact_name,Primary contact name,text,True,,Main person Maine Cyber Tech should coordinate with.
backup_restore_test,Backup Restore Test,Backup & Recovery,contact_email,Primary contact email,email,True,,"Used for scheduling, service updates, and deliverables."
backup_restore_test,Backup Restore Test,Backup & Recovery,contact_phone,Best phone number,tel,False,,"Useful for urgent, onsite, or access-sensitive work."
backup_restore_test,Backup Restore Test,Backup & Recovery,business_address,Business address or service location,textarea,False,,"Required for onsite, Wi-Fi, network, camera, hardware, or location-specific services."
backup_restore_test,Backup Restore Test,Backup & Recovery,urgency,How urgent is this request?,select,True,Not urgent;This week;ASAP;Emergency,Emergency work may require separate emergency support terms.
backup_restore_test,Backup Restore Test,Backup & Recovery,users_count,Approximate number of users,number,False,,Estimate is acceptable.
backup_restore_test,Backup Restore Test,Backup & Recovery,devices_count,Approximate number of devices,number,False,,"Include computers, phones, tablets, printers, network gear, and cameras if relevant."
backup_restore_test,Backup Restore Test,Backup & Recovery,current_provider,"Current provider/platform, if known",text,False,,"Examples: Microsoft 365, Google Workspace, Cloudflare, GoDaddy, UniFi, Comcast, Spectrum, WordPress."
backup_restore_test,Backup Restore Test,Backup & Recovery,admin_access_available,Do you have authorized admin access?,select,True,Yes;No;Not sure,Do not paste credentials into this form. Maine Cyber Tech will coordinate safe access separately.
backup_restore_test,Backup Restore Test,Backup & Recovery,primary_goal,What are you trying to accomplish?,textarea,True,,"Describe the business goal, pain point, risk, outage, or improvement you want."
backup_restore_test,Backup Restore Test,Backup & Recovery,critical_data_locations,Critical data locations,textarea,False,,
backup_restore_test,Backup Restore Test,Backup & Recovery,current_backup_tool,Current backup tool/vendor,text,False,,
backup_restore_test,Backup Restore Test,Backup & Recovery,last_restore_test,"Last restore test, if known",text,False,,
backup_monitoring_plan,Backup Monitoring Plan,Backup & Recovery,business_name,Business name,text,True,,Legal or public-facing business name.
backup_monitoring_plan,Backup Monitoring Plan,Backup & Recovery,contact_name,Primary contact name,text,True,,Main person Maine Cyber Tech should coordinate with.
backup_monitoring_plan,Backup Monitoring Plan,Backup & Recovery,contact_email,Primary contact email,email,True,,"Used for scheduling, service updates, and deliverables."
backup_monitoring_plan,Backup Monitoring Plan,Backup & Recovery,contact_phone,Best phone number,tel,False,,"Useful for urgent, onsite, or access-sensitive work."
backup_monitoring_plan,Backup Monitoring Plan,Backup & Recovery,business_address,Business address or service location,textarea,False,,"Required for onsite, Wi-Fi, network, camera, hardware, or location-specific services."
backup_monitoring_plan,Backup Monitoring Plan,Backup & Recovery,urgency,How urgent is this request?,select,True,Not urgent;This week;ASAP;Emergency,Emergency work may require separate emergency support terms.
backup_monitoring_plan,Backup Monitoring Plan,Backup & Recovery,users_count,Approximate number of users,number,False,,Estimate is acceptable.
backup_monitoring_plan,Backup Monitoring Plan,Backup & Recovery,devices_count,Approximate number of devices,number,False,,"Include computers, phones, tablets, printers, network gear, and cameras if relevant."
backup_monitoring_plan,Backup Monitoring Plan,Backup & Recovery,current_provider,"Current provider/platform, if known",text,False,,"Examples: Microsoft 365, Google Workspace, Cloudflare, GoDaddy, UniFi, Comcast, Spectrum, WordPress."
backup_monitoring_plan,Backup Monitoring Plan,Backup & Recovery,admin_access_available,Do you have authorized admin access?,select,True,Yes;No;Not sure,Do not paste credentials into this form. Maine Cyber Tech will coordinate safe access separately.
backup_monitoring_plan,Backup Monitoring Plan,Backup & Recovery,primary_goal,What are you trying to accomplish?,textarea,True,,"Describe the business goal, pain point, risk, outage, or improvement you want."
backup_monitoring_plan,Backup Monitoring Plan,Backup & Recovery,critical_data_locations,Critical data locations,textarea,False,,
backup_monitoring_plan,Backup Monitoring Plan,Backup & Recovery,current_backup_tool,Current backup tool/vendor,text,False,,
backup_monitoring_plan,Backup Monitoring Plan,Backup & Recovery,last_restore_test,"Last restore test, if known",text,False,,
disaster_recovery_plan_starter,Disaster Recovery Plan Starter,Backup & Recovery,business_name,Business name,text,True,,Legal or public-facing business name.
disaster_recovery_plan_starter,Disaster Recovery Plan Starter,Backup & Recovery,contact_name,Primary contact name,text,True,,Main person Maine Cyber Tech should coordinate with.
disaster_recovery_plan_starter,Disaster Recovery Plan Starter,Backup & Recovery,contact_email,Primary contact email,email,True,,"Used for scheduling, service updates, and deliverables."
disaster_recovery_plan_starter,Disaster Recovery Plan Starter,Backup & Recovery,contact_phone,Best phone number,tel,False,,"Useful for urgent, onsite, or access-sensitive work."
disaster_recovery_plan_starter,Disaster Recovery Plan Starter,Backup & Recovery,business_address,Business address or service location,textarea,False,,"Required for onsite, Wi-Fi, network, camera, hardware, or location-specific services."
disaster_recovery_plan_starter,Disaster Recovery Plan Starter,Backup & Recovery,urgency,How urgent is this request?,select,True,Not urgent;This week;ASAP;Emergency,Emergency work may require separate emergency support terms.
disaster_recovery_plan_starter,Disaster Recovery Plan Starter,Backup & Recovery,users_count,Approximate number of users,number,False,,Estimate is acceptable.
disaster_recovery_plan_starter,Disaster Recovery Plan Starter,Backup & Recovery,devices_count,Approximate number of devices,number,False,,"Include computers, phones, tablets, printers, network gear, and cameras if relevant."
disaster_recovery_plan_starter,Disaster Recovery Plan Starter,Backup & Recovery,current_provider,"Current provider/platform, if known",text,False,,"Examples: Microsoft 365, Google Workspace, Cloudflare, GoDaddy, UniFi, Comcast, Spectrum, WordPress."
disaster_recovery_plan_starter,Disaster Recovery Plan Starter,Backup & Recovery,admin_access_available,Do you have authorized admin access?,select,True,Yes;No;Not sure,Do not paste credentials into this form. Maine Cyber Tech will coordinate safe access separately.
disaster_recovery_plan_starter,Disaster Recovery Plan Starter,Backup & Recovery,primary_goal,What are you trying to accomplish?,textarea,True,,"Describe the business goal, pain point, risk, outage, or improvement you want."
disaster_recovery_plan_starter,Disaster Recovery Plan Starter,Backup & Recovery,critical_data_locations,Critical data locations,textarea,False,,
disaster_recovery_plan_starter,Disaster Recovery Plan Starter,Backup & Recovery,current_backup_tool,Current backup tool/vendor,text,False,,
disaster_recovery_plan_starter,Disaster Recovery Plan Starter,Backup & Recovery,last_restore_test,"Last restore test, if known",text,False,,
backup_starter_bundle,Backup Starter Bundle,Backup & Recovery,business_name,Business name,text,True,,Legal or public-facing business name.
backup_starter_bundle,Backup Starter Bundle,Backup & Recovery,contact_name,Primary contact name,text,True,,Main person Maine Cyber Tech should coordinate with.
backup_starter_bundle,Backup Starter Bundle,Backup & Recovery,contact_email,Primary contact email,email,True,,"Used for scheduling, service updates, and deliverables."
backup_starter_bundle,Backup Starter Bundle,Backup & Recovery,contact_phone,Best phone number,tel,False,,"Useful for urgent, onsite, or access-sensitive work."
backup_starter_bundle,Backup Starter Bundle,Backup & Recovery,business_address,Business address or service location,textarea,False,,"Required for onsite, Wi-Fi, network, camera, hardware, or location-specific services."
backup_starter_bundle,Backup Starter Bundle,Backup & Recovery,urgency,How urgent is this request?,select,True,Not urgent;This week;ASAP;Emergency,Emergency work may require separate emergency support terms.
backup_starter_bundle,Backup Starter Bundle,Backup & Recovery,users_count,Approximate number of users,number,False,,Estimate is acceptable.
backup_starter_bundle,Backup Starter Bundle,Backup & Recovery,devices_count,Approximate number of devices,number,False,,"Include computers, phones, tablets, printers, network gear, and cameras if relevant."
backup_starter_bundle,Backup Starter Bundle,Backup & Recovery,current_provider,"Current provider/platform, if known",text,False,,"Examples: Microsoft 365, Google Workspace, Cloudflare, GoDaddy, UniFi, Comcast, Spectrum, WordPress."
backup_starter_bundle,Backup Starter Bundle,Backup & Recovery,admin_access_available,Do you have authorized admin access?,select,True,Yes;No;Not sure,Do not paste credentials into this form. Maine Cyber Tech will coordinate safe access separately.
backup_starter_bundle,Backup Starter Bundle,Backup & Recovery,primary_goal,What are you trying to accomplish?,textarea,True,,"Describe the business goal, pain point, risk, outage, or improvement you want."
backup_starter_bundle,Backup Starter Bundle,Backup & Recovery,critical_data_locations,Critical data locations,textarea,False,,
backup_starter_bundle,Backup Starter Bundle,Backup & Recovery,current_backup_tool,Current backup tool/vendor,text,False,,
backup_starter_bundle,Backup Starter Bundle,Backup & Recovery,last_restore_test,"Last restore test, if known",text,False,,
backup_business_bundle,Backup Business Bundle,Backup & Recovery,business_name,Business name,text,True,,Legal or public-facing business name.
backup_business_bundle,Backup Business Bundle,Backup & Recovery,contact_name,Primary contact name,text,True,,Main person Maine Cyber Tech should coordinate with.
backup_business_bundle,Backup Business Bundle,Backup & Recovery,contact_email,Primary contact email,email,True,,"Used for scheduling, service updates, and deliverables."
backup_business_bundle,Backup Business Bundle,Backup & Recovery,contact_phone,Best phone number,tel,False,,"Useful for urgent, onsite, or access-sensitive work."
backup_business_bundle,Backup Business Bundle,Backup & Recovery,business_address,Business address or service location,textarea,False,,"Required for onsite, Wi-Fi, network, camera, hardware, or location-specific services."
backup_business_bundle,Backup Business Bundle,Backup & Recovery,urgency,How urgent is this request?,select,True,Not urgent;This week;ASAP;Emergency,Emergency work may require separate emergency support terms.
backup_business_bundle,Backup Business Bundle,Backup & Recovery,users_count,Approximate number of users,number,False,,Estimate is acceptable.
backup_business_bundle,Backup Business Bundle,Backup & Recovery,devices_count,Approximate number of devices,number,False,,"Include computers, phones, tablets, printers, network gear, and cameras if relevant."
backup_business_bundle,Backup Business Bundle,Backup & Recovery,current_provider,"Current provider/platform, if known",text,False,,"Examples: Microsoft 365, Google Workspace, Cloudflare, GoDaddy, UniFi, Comcast, Spectrum, WordPress."
backup_business_bundle,Backup Business Bundle,Backup & Recovery,admin_access_available,Do you have authorized admin access?,select,True,Yes;No;Not sure,Do not paste credentials into this form. Maine Cyber Tech will coordinate safe access separately.
backup_business_bundle,Backup Business Bundle,Backup & Recovery,primary_goal,What are you trying to accomplish?,textarea,True,,"Describe the business goal, pain point, risk, outage, or improvement you want."
backup_business_bundle,Backup Business Bundle,Backup & Recovery,critical_data_locations,Critical data locations,textarea,False,,
backup_business_bundle,Backup Business Bundle,Backup & Recovery,current_backup_tool,Current backup tool/vendor,text,False,,
backup_business_bundle,Backup Business Bundle,Backup & Recovery,last_restore_test,"Last restore test, if known",text,False,,
backup_resilience_bundle,Backup Resilience Bundle,Backup & Recovery,business_name,Business name,text,True,,Legal or public-facing business name.
backup_resilience_bundle,Backup Resilience Bundle,Backup & Recovery,contact_name,Primary contact name,text,True,,Main person Maine Cyber Tech should coordinate with.
backup_resilience_bundle,Backup Resilience Bundle,Backup & Recovery,contact_email,Primary contact email,email,True,,"Used for scheduling, service updates, and deliverables."
backup_resilience_bundle,Backup Resilience Bundle,Backup & Recovery,contact_phone,Best phone number,tel,False,,"Useful for urgent, onsite, or access-sensitive work."
backup_resilience_bundle,Backup Resilience Bundle,Backup & Recovery,business_address,Business address or service location,textarea,False,,"Required for onsite, Wi-Fi, network, camera, hardware, or location-specific services."
backup_resilience_bundle,Backup Resilience Bundle,Backup & Recovery,urgency,How urgent is this request?,select,True,Not urgent;This week;ASAP;Emergency,Emergency work may require separate emergency support terms.
backup_resilience_bundle,Backup Resilience Bundle,Backup & Recovery,users_count,Approximate number of users,number,False,,Estimate is acceptable.
backup_resilience_bundle,Backup Resilience Bundle,Backup & Recovery,devices_count,Approximate number of devices,number,False,,"Include computers, phones, tablets, printers, network gear, and cameras if relevant."
backup_resilience_bundle,Backup Resilience Bundle,Backup & Recovery,current_provider,"Current provider/platform, if known",text,False,,"Examples: Microsoft 365, Google Workspace, Cloudflare, GoDaddy, UniFi, Comcast, Spectrum, WordPress."
backup_resilience_bundle,Backup Resilience Bundle,Backup & Recovery,admin_access_available,Do you have authorized admin access?,select,True,Yes;No;Not sure,Do not paste credentials into this form. Maine Cyber Tech will coordinate safe access separately.
backup_resilience_bundle,Backup Resilience Bundle,Backup & Recovery,primary_goal,What are you trying to accomplish?,textarea,True,,"Describe the business goal, pain point, risk, outage, or improvement you want."
backup_resilience_bundle,Backup Resilience Bundle,Backup & Recovery,critical_data_locations,Critical data locations,textarea,False,,
backup_resilience_bundle,Backup Resilience Bundle,Backup & Recovery,current_backup_tool,Current backup tool/vendor,text,False,,
backup_resilience_bundle,Backup Resilience Bundle,Backup & Recovery,last_restore_test,"Last restore test, if known",text,False,,
business_continuity_starter_plan,Business Continuity Starter Plan,Backup & Recovery,business_name,Business name,text,True,,Legal or public-facing business name.
business_continuity_starter_plan,Business Continuity Starter Plan,Backup & Recovery,contact_name,Primary contact name,text,True,,Main person Maine Cyber Tech should coordinate with.
business_continuity_starter_plan,Business Continuity Starter Plan,Backup & Recovery,contact_email,Primary contact email,email,True,,"Used for scheduling, service updates, and deliverables."
business_continuity_starter_plan,Business Continuity Starter Plan,Backup & Recovery,contact_phone,Best phone number,tel,False,,"Useful for urgent, onsite, or access-sensitive work."
business_continuity_starter_plan,Business Continuity Starter Plan,Backup & Recovery,business_address,Business address or service location,textarea,False,,"Required for onsite, Wi-Fi, network, camera, hardware, or location-specific services."
business_continuity_starter_plan,Business Continuity Starter Plan,Backup & Recovery,urgency,How urgent is this request?,select,True,Not urgent;This week;ASAP;Emergency,Emergency work may require separate emergency support terms.
business_continuity_starter_plan,Business Continuity Starter Plan,Backup & Recovery,users_count,Approximate number of users,number,False,,Estimate is acceptable.
business_continuity_starter_plan,Business Continuity Starter Plan,Backup & Recovery,devices_count,Approximate number of devices,number,False,,"Include computers, phones, tablets, printers, network gear, and cameras if relevant."
business_continuity_starter_plan,Business Continuity Starter Plan,Backup & Recovery,current_provider,"Current provider/platform, if known",text,False,,"Examples: Microsoft 365, Google Workspace, Cloudflare, GoDaddy, UniFi, Comcast, Spectrum, WordPress."
business_continuity_starter_plan,Business Continuity Starter Plan,Backup & Recovery,admin_access_available,Do you have authorized admin access?,select,True,Yes;No;Not sure,Do not paste credentials into this form. Maine Cyber Tech will coordinate safe access separately.
business_continuity_starter_plan,Business Continuity Starter Plan,Backup & Recovery,primary_goal,What are you trying to accomplish?,textarea,True,,"Describe the business goal, pain point, risk, outage, or improvement you want."
business_continuity_starter_plan,Business Continuity Starter Plan,Backup & Recovery,critical_data_locations,Critical data locations,textarea,False,,
business_continuity_starter_plan,Business Continuity Starter Plan,Backup & Recovery,current_backup_tool,Current backup tool/vendor,text,False,,
business_continuity_starter_plan,Business Continuity Starter Plan,Backup & Recovery,last_restore_test,"Last restore test, if known",text,False,,
emergency_contact_sheet,Emergency Contact Sheet,Backup & Recovery,business_name,Business name,text,True,,Legal or public-facing business name.
emergency_contact_sheet,Emergency Contact Sheet,Backup & Recovery,contact_name,Primary contact name,text,True,,Main person Maine Cyber Tech should coordinate with.
emergency_contact_sheet,Emergency Contact Sheet,Backup & Recovery,contact_email,Primary contact email,email,True,,"Used for scheduling, service updates, and deliverables."
emergency_contact_sheet,Emergency Contact Sheet,Backup & Recovery,contact_phone,Best phone number,tel,False,,"Useful for urgent, onsite, or access-sensitive work."
emergency_contact_sheet,Emergency Contact Sheet,Backup & Recovery,business_address,Business address or service location,textarea,False,,"Required for onsite, Wi-Fi, network, camera, hardware, or location-specific services."
emergency_contact_sheet,Emergency Contact Sheet,Backup & Recovery,urgency,How urgent is this request?,select,True,Not urgent;This week;ASAP;Emergency,Emergency work may require separate emergency support terms.
emergency_contact_sheet,Emergency Contact Sheet,Backup & Recovery,users_count,Approximate number of users,number,False,,Estimate is acceptable.
emergency_contact_sheet,Emergency Contact Sheet,Backup & Recovery,devices_count,Approximate number of devices,number,False,,"Include computers, phones, tablets, printers, network gear, and cameras if relevant."
emergency_contact_sheet,Emergency Contact Sheet,Backup & Recovery,current_provider,"Current provider/platform, if known",text,False,,"Examples: Microsoft 365, Google Workspace, Cloudflare, GoDaddy, UniFi, Comcast, Spectrum, WordPress."
emergency_contact_sheet,Emergency Contact Sheet,Backup & Recovery,admin_access_available,Do you have authorized admin access?,select,True,Yes;No;Not sure,Do not paste credentials into this form. Maine Cyber Tech will coordinate safe access separately.
emergency_contact_sheet,Emergency Contact Sheet,Backup & Recovery,primary_goal,What are you trying to accomplish?,textarea,True,,"Describe the business goal, pain point, risk, outage, or improvement you want."
emergency_contact_sheet,Emergency Contact Sheet,Backup & Recovery,critical_data_locations,Critical data locations,textarea,False,,
emergency_contact_sheet,Emergency Contact Sheet,Backup & Recovery,current_backup_tool,Current backup tool/vendor,text,False,,
emergency_contact_sheet,Emergency Contact Sheet,Backup & Recovery,last_restore_test,"Last restore test, if known",text,False,,
outage_response_plan,Outage Response Plan,Backup & Recovery,business_name,Business name,text,True,,Legal or public-facing business name.
outage_response_plan,Outage Response Plan,Backup & Recovery,contact_name,Primary contact name,text,True,,Main person Maine Cyber Tech should coordinate with.
outage_response_plan,Outage Response Plan,Backup & Recovery,contact_email,Primary contact email,email,True,,"Used for scheduling, service updates, and deliverables."
outage_response_plan,Outage Response Plan,Backup & Recovery,contact_phone,Best phone number,tel,False,,"Useful for urgent, onsite, or access-sensitive work."
outage_response_plan,Outage Response Plan,Backup & Recovery,business_address,Business address or service location,textarea,False,,"Required for onsite, Wi-Fi, network, camera, hardware, or location-specific services."
outage_response_plan,Outage Response Plan,Backup & Recovery,urgency,How urgent is this request?,select,True,Not urgent;This week;ASAP;Emergency,Emergency work may require separate emergency support terms.
outage_response_plan,Outage Response Plan,Backup & Recovery,users_count,Approximate number of users,number,False,,Estimate is acceptable.
outage_response_plan,Outage Response Plan,Backup & Recovery,devices_count,Approximate number of devices,number,False,,"Include computers, phones, tablets, printers, network gear, and cameras if relevant."
outage_response_plan,Outage Response Plan,Backup & Recovery,current_provider,"Current provider/platform, if known",text,False,,"Examples: Microsoft 365, Google Workspace, Cloudflare, GoDaddy, UniFi, Comcast, Spectrum, WordPress."
outage_response_plan,Outage Response Plan,Backup & Recovery,admin_access_available,Do you have authorized admin access?,select,True,Yes;No;Not sure,Do not paste credentials into this form. Maine Cyber Tech will coordinate safe access separately.
outage_response_plan,Outage Response Plan,Backup & Recovery,primary_goal,What are you trying to accomplish?,textarea,True,,"Describe the business goal, pain point, risk, outage, or improvement you want."
outage_response_plan,Outage Response Plan,Backup & Recovery,critical_data_locations,Critical data locations,textarea,False,,
outage_response_plan,Outage Response Plan,Backup & Recovery,current_backup_tool,Current backup tool/vendor,text,False,,
outage_response_plan,Outage Response Plan,Backup & Recovery,last_restore_test,"Last restore test, if known",text,False,,
power_protection_review,Power Protection Review,Backup & Recovery,business_name,Business name,text,True,,Legal or public-facing business name.
power_protection_review,Power Protection Review,Backup & Recovery,contact_name,Primary contact name,text,True,,Main person Maine Cyber Tech should coordinate with.
power_protection_review,Power Protection Review,Backup & Recovery,contact_email,Primary contact email,email,True,,"Used for scheduling, service updates, and deliverables."
power_protection_review,Power Protection Review,Backup & Recovery,contact_phone,Best phone number,tel,False,,"Useful for urgent, onsite, or access-sensitive work."
power_protection_review,Power Protection Review,Backup & Recovery,business_address,Business address or service location,textarea,False,,"Required for onsite, Wi-Fi, network, camera, hardware, or location-specific services."
power_protection_review,Power Protection Review,Backup & Recovery,urgency,How urgent is this request?,select,True,Not urgent;This week;ASAP;Emergency,Emergency work may require separate emergency support terms.
power_protection_review,Power Protection Review,Backup & Recovery,users_count,Approximate number of users,number,False,,Estimate is acceptable.
power_protection_review,Power Protection Review,Backup & Recovery,devices_count,Approximate number of devices,number,False,,"Include computers, phones, tablets, printers, network gear, and cameras if relevant."
power_protection_review,Power Protection Review,Backup & Recovery,current_provider,"Current provider/platform, if known",text,False,,"Examples: Microsoft 365, Google Workspace, Cloudflare, GoDaddy, UniFi, Comcast, Spectrum, WordPress."
power_protection_review,Power Protection Review,Backup & Recovery,admin_access_available,Do you have authorized admin access?,select,True,Yes;No;Not sure,Do not paste credentials into this form. Maine Cyber Tech will coordinate safe access separately.
power_protection_review,Power Protection Review,Backup & Recovery,primary_goal,What are you trying to accomplish?,textarea,True,,"Describe the business goal, pain point, risk, outage, or improvement you want."
power_protection_review,Power Protection Review,Backup & Recovery,critical_data_locations,Critical data locations,textarea,False,,
power_protection_review,Power Protection Review,Backup & Recovery,current_backup_tool,Current backup tool/vendor,text,False,,
power_protection_review,Power Protection Review,Backup & Recovery,last_restore_test,"Last restore test, if known",text,False,,
internet_failover_setup,Internet Failover Setup,Backup & Recovery,business_name,Business name,text,True,,Legal or public-facing business name.
internet_failover_setup,Internet Failover Setup,Backup & Recovery,contact_name,Primary contact name,text,True,,Main person Maine Cyber Tech should coordinate with.
internet_failover_setup,Internet Failover Setup,Backup & Recovery,contact_email,Primary contact email,email,True,,"Used for scheduling, service updates, and deliverables."
internet_failover_setup,Internet Failover Setup,Backup & Recovery,contact_phone,Best phone number,tel,False,,"Useful for urgent, onsite, or access-sensitive work."
internet_failover_setup,Internet Failover Setup,Backup & Recovery,business_address,Business address or service location,textarea,False,,"Required for onsite, Wi-Fi, network, camera, hardware, or location-specific services."
internet_failover_setup,Internet Failover Setup,Backup & Recovery,urgency,How urgent is this request?,select,True,Not urgent;This week;ASAP;Emergency,Emergency work may require separate emergency support terms.
internet_failover_setup,Internet Failover Setup,Backup & Recovery,users_count,Approximate number of users,number,False,,Estimate is acceptable.
internet_failover_setup,Internet Failover Setup,Backup & Recovery,devices_count,Approximate number of devices,number,False,,"Include computers, phones, tablets, printers, network gear, and cameras if relevant."
internet_failover_setup,Internet Failover Setup,Backup & Recovery,current_provider,"Current provider/platform, if known",text,False,,"Examples: Microsoft 365, Google Workspace, Cloudflare, GoDaddy, UniFi, Comcast, Spectrum, WordPress."
internet_failover_setup,Internet Failover Setup,Backup & Recovery,admin_access_available,Do you have authorized admin access?,select,True,Yes;No;Not sure,Do not paste credentials into this form. Maine Cyber Tech will coordinate safe access separately.
internet_failover_setup,Internet Failover Setup,Backup & Recovery,primary_goal,What are you trying to accomplish?,textarea,True,,"Describe the business goal, pain point, risk, outage, or improvement you want."
internet_failover_setup,Internet Failover Setup,Backup & Recovery,critical_data_locations,Critical data locations,textarea,False,,
internet_failover_setup,Internet Failover Setup,Backup & Recovery,current_backup_tool,Current backup tool/vendor,text,False,,
internet_failover_setup,Internet Failover Setup,Backup & Recovery,last_restore_test,"Last restore test, if known",text,False,,
critical_account_recovery_kit,Critical Account Recovery Kit,Backup & Recovery,business_name,Business name,text,True,,Legal or public-facing business name.
critical_account_recovery_kit,Critical Account Recovery Kit,Backup & Recovery,contact_name,Primary contact name,text,True,,Main person Maine Cyber Tech should coordinate with.
critical_account_recovery_kit,Critical Account Recovery Kit,Backup & Recovery,contact_email,Primary contact email,email,True,,"Used for scheduling, service updates, and deliverables."
critical_account_recovery_kit,Critical Account Recovery Kit,Backup & Recovery,contact_phone,Best phone number,tel,False,,"Useful for urgent, onsite, or access-sensitive work."
critical_account_recovery_kit,Critical Account Recovery Kit,Backup & Recovery,business_address,Business address or service location,textarea,False,,"Required for onsite, Wi-Fi, network, camera, hardware, or location-specific services."
critical_account_recovery_kit,Critical Account Recovery Kit,Backup & Recovery,urgency,How urgent is this request?,select,True,Not urgent;This week;ASAP;Emergency,Emergency work may require separate emergency support terms.
critical_account_recovery_kit,Critical Account Recovery Kit,Backup & Recovery,users_count,Approximate number of users,number,False,,Estimate is acceptable.
critical_account_recovery_kit,Critical Account Recovery Kit,Backup & Recovery,devices_count,Approximate number of devices,number,False,,"Include computers, phones, tablets, printers, network gear, and cameras if relevant."
critical_account_recovery_kit,Critical Account Recovery Kit,Backup & Recovery,current_provider,"Current provider/platform, if known",text,False,,"Examples: Microsoft 365, Google Workspace, Cloudflare, GoDaddy, UniFi, Comcast, Spectrum, WordPress."
critical_account_recovery_kit,Critical Account Recovery Kit,Backup & Recovery,admin_access_available,Do you have authorized admin access?,select,True,Yes;No;Not sure,Do not paste credentials into this form. Maine Cyber Tech will coordinate safe access separately.
critical_account_recovery_kit,Critical Account Recovery Kit,Backup & Recovery,primary_goal,What are you trying to accomplish?,textarea,True,,"Describe the business goal, pain point, risk, outage, or improvement you want."
critical_account_recovery_kit,Critical Account Recovery Kit,Backup & Recovery,critical_data_locations,Critical data locations,textarea,False,,
critical_account_recovery_kit,Critical Account Recovery Kit,Backup & Recovery,current_backup_tool,Current backup tool/vendor,text,False,,
critical_account_recovery_kit,Critical Account Recovery Kit,Backup & Recovery,last_restore_test,"Last restore test, if known",text,False,,
tabletop_exercise,Tabletop Exercise,Backup & Recovery,business_name,Business name,text,True,,Legal or public-facing business name.
tabletop_exercise,Tabletop Exercise,Backup & Recovery,contact_name,Primary contact name,text,True,,Main person Maine Cyber Tech should coordinate with.
tabletop_exercise,Tabletop Exercise,Backup & Recovery,contact_email,Primary contact email,email,True,,"Used for scheduling, service updates, and deliverables."
tabletop_exercise,Tabletop Exercise,Backup & Recovery,contact_phone,Best phone number,tel,False,,"Useful for urgent, onsite, or access-sensitive work."
tabletop_exercise,Tabletop Exercise,Backup & Recovery,business_address,Business address or service location,textarea,False,,"Required for onsite, Wi-Fi, network, camera, hardware, or location-specific services."
tabletop_exercise,Tabletop Exercise,Backup & Recovery,urgency,How urgent is this request?,select,True,Not urgent;This week;ASAP;Emergency,Emergency work may require separate emergency support terms.
tabletop_exercise,Tabletop Exercise,Backup & Recovery,users_count,Approximate number of users,number,False,,Estimate is acceptable.
tabletop_exercise,Tabletop Exercise,Backup & Recovery,devices_count,Approximate number of devices,number,False,,"Include computers, phones, tablets, printers, network gear, and cameras if relevant."
tabletop_exercise,Tabletop Exercise,Backup & Recovery,current_provider,"Current provider/platform, if known",text,False,,"Examples: Microsoft 365, Google Workspace, Cloudflare, GoDaddy, UniFi, Comcast, Spectrum, WordPress."
tabletop_exercise,Tabletop Exercise,Backup & Recovery,admin_access_available,Do you have authorized admin access?,select,True,Yes;No;Not sure,Do not paste credentials into this form. Maine Cyber Tech will coordinate safe access separately.
tabletop_exercise,Tabletop Exercise,Backup & Recovery,primary_goal,What are you trying to accomplish?,textarea,True,,"Describe the business goal, pain point, risk, outage, or improvement you want."
tabletop_exercise,Tabletop Exercise,Backup & Recovery,critical_data_locations,Critical data locations,textarea,False,,
tabletop_exercise,Tabletop Exercise,Backup & Recovery,current_backup_tool,Current backup tool/vendor,text,False,,
tabletop_exercise,Tabletop Exercise,Backup & Recovery,last_restore_test,"Last restore test, if known",text,False,,
continuity_binder,Continuity Binder,Backup & Recovery,business_name,Business name,text,True,,Legal or public-facing business name.
continuity_binder,Continuity Binder,Backup & Recovery,contact_name,Primary contact name,text,True,,Main person Maine Cyber Tech should coordinate with.
continuity_binder,Continuity Binder,Backup & Recovery,contact_email,Primary contact email,email,True,,"Used for scheduling, service updates, and deliverables."
continuity_binder,Continuity Binder,Backup & Recovery,contact_phone,Best phone number,tel,False,,"Useful for urgent, onsite, or access-sensitive work."
continuity_binder,Continuity Binder,Backup & Recovery,business_address,Business address or service location,textarea,False,,"Required for onsite, Wi-Fi, network, camera, hardware, or location-specific services."
continuity_binder,Continuity Binder,Backup & Recovery,urgency,How urgent is this request?,select,True,Not urgent;This week;ASAP;Emergency,Emergency work may require separate emergency support terms.
continuity_binder,Continuity Binder,Backup & Recovery,users_count,Approximate number of users,number,False,,Estimate is acceptable.
continuity_binder,Continuity Binder,Backup & Recovery,devices_count,Approximate number of devices,number,False,,"Include computers, phones, tablets, printers, network gear, and cameras if relevant."
continuity_binder,Continuity Binder,Backup & Recovery,current_provider,"Current provider/platform, if known",text,False,,"Examples: Microsoft 365, Google Workspace, Cloudflare, GoDaddy, UniFi, Comcast, Spectrum, WordPress."
continuity_binder,Continuity Binder,Backup & Recovery,admin_access_available,Do you have authorized admin access?,select,True,Yes;No;Not sure,Do not paste credentials into this form. Maine Cyber Tech will coordinate safe access separately.
continuity_binder,Continuity Binder,Backup & Recovery,primary_goal,What are you trying to accomplish?,textarea,True,,"Describe the business goal, pain point, risk, outage, or improvement you want."
continuity_binder,Continuity Binder,Backup & Recovery,critical_data_locations,Critical data locations,textarea,False,,
continuity_binder,Continuity Binder,Backup & Recovery,current_backup_tool,Current backup tool/vendor,text,False,,
continuity_binder,Continuity Binder,Backup & Recovery,last_restore_test,"Last restore test, if known",text,False,,
small_business_resilience_pack,Small Business Resilience Pack,Backup & Recovery,business_name,Business name,text,True,,Legal or public-facing business name.
small_business_resilience_pack,Small Business Resilience Pack,Backup & Recovery,contact_name,Primary contact name,text,True,,Main person Maine Cyber Tech should coordinate with.
small_business_resilience_pack,Small Business Resilience Pack,Backup & Recovery,contact_email,Primary contact email,email,True,,"Used for scheduling, service updates, and deliverables."
small_business_resilience_pack,Small Business Resilience Pack,Backup & Recovery,contact_phone,Best phone number,tel,False,,"Useful for urgent, onsite, or access-sensitive work."
small_business_resilience_pack,Small Business Resilience Pack,Backup & Recovery,business_address,Business address or service location,textarea,False,,"Required for onsite, Wi-Fi, network, camera, hardware, or location-specific services."
small_business_resilience_pack,Small Business Resilience Pack,Backup & Recovery,urgency,How urgent is this request?,select,True,Not urgent;This week;ASAP;Emergency,Emergency work may require separate emergency support terms.
small_business_resilience_pack,Small Business Resilience Pack,Backup & Recovery,users_count,Approximate number of users,number,False,,Estimate is acceptable.
small_business_resilience_pack,Small Business Resilience Pack,Backup & Recovery,devices_count,Approximate number of devices,number,False,,"Include computers, phones, tablets, printers, network gear, and cameras if relevant."
small_business_resilience_pack,Small Business Resilience Pack,Backup & Recovery,current_provider,"Current provider/platform, if known",text,False,,"Examples: Microsoft 365, Google Workspace, Cloudflare, GoDaddy, UniFi, Comcast, Spectrum, WordPress."
small_business_resilience_pack,Small Business Resilience Pack,Backup & Recovery,admin_access_available,Do you have authorized admin access?,select,True,Yes;No;Not sure,Do not paste credentials into this form. Maine Cyber Tech will coordinate safe access separately.
small_business_resilience_pack,Small Business Resilience Pack,Backup & Recovery,primary_goal,What are you trying to accomplish?,textarea,True,,"Describe the business goal, pain point, risk, outage, or improvement you want."
small_business_resilience_pack,Small Business Resilience Pack,Backup & Recovery,critical_data_locations,Critical data locations,textarea,False,,
small_business_resilience_pack,Small Business Resilience Pack,Backup & Recovery,current_backup_tool,Current backup tool/vendor,text,False,,
small_business_resilience_pack,Small Business Resilience Pack,Backup & Recovery,last_restore_test,"Last restore test, if known",text,False,,
website_health_check,Website Health Check,Website & SEO,business_name,Business name,text,True,,Legal or public-facing business name.
website_health_check,Website Health Check,Website & SEO,contact_name,Primary contact name,text,True,,Main person Maine Cyber Tech should coordinate with.
website_health_check,Website Health Check,Website & SEO,contact_email,Primary contact email,email,True,,"Used for scheduling, service updates, and deliverables."
website_health_check,Website Health Check,Website & SEO,contact_phone,Best phone number,tel,False,,"Useful for urgent, onsite, or access-sensitive work."
website_health_check,Website Health Check,Website & SEO,business_address,Business address or service location,textarea,False,,"Required for onsite, Wi-Fi, network, camera, hardware, or location-specific services."
website_health_check,Website Health Check,Website & SEO,urgency,How urgent is this request?,select,True,Not urgent;This week;ASAP;Emergency,Emergency work may require separate emergency support terms.
website_health_check,Website Health Check,Website & SEO,users_count,Approximate number of users,number,False,,Estimate is acceptable.
website_health_check,Website Health Check,Website & SEO,devices_count,Approximate number of devices,number,False,,"Include computers, phones, tablets, printers, network gear, and cameras if relevant."
website_health_check,Website Health Check,Website & SEO,current_provider,"Current provider/platform, if known",text,False,,"Examples: Microsoft 365, Google Workspace, Cloudflare, GoDaddy, UniFi, Comcast, Spectrum, WordPress."
website_health_check,Website Health Check,Website & SEO,admin_access_available,Do you have authorized admin access?,select,True,Yes;No;Not sure,Do not paste credentials into this form. Maine Cyber Tech will coordinate safe access separately.
website_health_check,Website Health Check,Website & SEO,primary_goal,What are you trying to accomplish?,textarea,True,,"Describe the business goal, pain point, risk, outage, or improvement you want."
website_health_check,Website Health Check,Website & SEO,website_url,Website URL,url,False,,
website_health_check,Website Health Check,Website & SEO,target_locations,Target towns/service area,textarea,False,,
website_health_check,Website Health Check,Website & SEO,target_services,Target services/products,textarea,False,,
website_speed_snapshot,Website Speed Snapshot,Website & SEO,business_name,Business name,text,True,,Legal or public-facing business name.
website_speed_snapshot,Website Speed Snapshot,Website & SEO,contact_name,Primary contact name,text,True,,Main person Maine Cyber Tech should coordinate with.
website_speed_snapshot,Website Speed Snapshot,Website & SEO,contact_email,Primary contact email,email,True,,"Used for scheduling, service updates, and deliverables."
website_speed_snapshot,Website Speed Snapshot,Website & SEO,contact_phone,Best phone number,tel,False,,"Useful for urgent, onsite, or access-sensitive work."
website_speed_snapshot,Website Speed Snapshot,Website & SEO,business_address,Business address or service location,textarea,False,,"Required for onsite, Wi-Fi, network, camera, hardware, or location-specific services."
website_speed_snapshot,Website Speed Snapshot,Website & SEO,urgency,How urgent is this request?,select,True,Not urgent;This week;ASAP;Emergency,Emergency work may require separate emergency support terms.
website_speed_snapshot,Website Speed Snapshot,Website & SEO,users_count,Approximate number of users,number,False,,Estimate is acceptable.
website_speed_snapshot,Website Speed Snapshot,Website & SEO,devices_count,Approximate number of devices,number,False,,"Include computers, phones, tablets, printers, network gear, and cameras if relevant."
website_speed_snapshot,Website Speed Snapshot,Website & SEO,current_provider,"Current provider/platform, if known",text,False,,"Examples: Microsoft 365, Google Workspace, Cloudflare, GoDaddy, UniFi, Comcast, Spectrum, WordPress."
website_speed_snapshot,Website Speed Snapshot,Website & SEO,admin_access_available,Do you have authorized admin access?,select,True,Yes;No;Not sure,Do not paste credentials into this form. Maine Cyber Tech will coordinate safe access separately.
website_speed_snapshot,Website Speed Snapshot,Website & SEO,primary_goal,What are you trying to accomplish?,textarea,True,,"Describe the business goal, pain point, risk, outage, or improvement you want."
website_speed_snapshot,Website Speed Snapshot,Website & SEO,website_url,Website URL,url,False,,
website_speed_snapshot,Website Speed Snapshot,Website & SEO,target_locations,Target towns/service area,textarea,False,,
website_speed_snapshot,Website Speed Snapshot,Website & SEO,target_services,Target services/products,textarea,False,,
website_security_review,Website Security Review,Website & SEO,business_name,Business name,text,True,,Legal or public-facing business name.
website_security_review,Website Security Review,Website & SEO,contact_name,Primary contact name,text,True,,Main person Maine Cyber Tech should coordinate with.
website_security_review,Website Security Review,Website & SEO,contact_email,Primary contact email,email,True,,"Used for scheduling, service updates, and deliverables."
website_security_review,Website Security Review,Website & SEO,contact_phone,Best phone number,tel,False,,"Useful for urgent, onsite, or access-sensitive work."
website_security_review,Website Security Review,Website & SEO,business_address,Business address or service location,textarea,False,,"Required for onsite, Wi-Fi, network, camera, hardware, or location-specific services."
website_security_review,Website Security Review,Website & SEO,urgency,How urgent is this request?,select,True,Not urgent;This week;ASAP;Emergency,Emergency work may require separate emergency support terms.
website_security_review,Website Security Review,Website & SEO,users_count,Approximate number of users,number,False,,Estimate is acceptable.
website_security_review,Website Security Review,Website & SEO,devices_count,Approximate number of devices,number,False,,"Include computers, phones, tablets, printers, network gear, and cameras if relevant."
website_security_review,Website Security Review,Website & SEO,current_provider,"Current provider/platform, if known",text,False,,"Examples: Microsoft 365, Google Workspace, Cloudflare, GoDaddy, UniFi, Comcast, Spectrum, WordPress."
website_security_review,Website Security Review,Website & SEO,admin_access_available,Do you have authorized admin access?,select,True,Yes;No;Not sure,Do not paste credentials into this form. Maine Cyber Tech will coordinate safe access separately.
website_security_review,Website Security Review,Website & SEO,primary_goal,What are you trying to accomplish?,textarea,True,,"Describe the business goal, pain point, risk, outage, or improvement you want."
website_security_review,Website Security Review,Website & SEO,website_url,Website URL,url,False,,
website_security_review,Website Security Review,Website & SEO,target_locations,Target towns/service area,textarea,False,,
website_security_review,Website Security Review,Website & SEO,target_services,Target services/products,textarea,False,,
website_backup_setup,Website Backup Setup,Website & SEO,business_name,Business name,text,True,,Legal or public-facing business name.
website_backup_setup,Website Backup Setup,Website & SEO,contact_name,Primary contact name,text,True,,Main person Maine Cyber Tech should coordinate with.
website_backup_setup,Website Backup Setup,Website & SEO,contact_email,Primary contact email,email,True,,"Used for scheduling, service updates, and deliverables."
website_backup_setup,Website Backup Setup,Website & SEO,contact_phone,Best phone number,tel,False,,"Useful for urgent, onsite, or access-sensitive work."
website_backup_setup,Website Backup Setup,Website & SEO,business_address,Business address or service location,textarea,False,,"Required for onsite, Wi-Fi, network, camera, hardware, or location-specific services."
website_backup_setup,Website Backup Setup,Website & SEO,urgency,How urgent is this request?,select,True,Not urgent;This week;ASAP;Emergency,Emergency work may require separate emergency support terms.
website_backup_setup,Website Backup Setup,Website & SEO,users_count,Approximate number of users,number,False,,Estimate is acceptable.
website_backup_setup,Website Backup Setup,Website & SEO,devices_count,Approximate number of devices,number,False,,"Include computers, phones, tablets, printers, network gear, and cameras if relevant."
website_backup_setup,Website Backup Setup,Website & SEO,current_provider,"Current provider/platform, if known",text,False,,"Examples: Microsoft 365, Google Workspace, Cloudflare, GoDaddy, UniFi, Comcast, Spectrum, WordPress."
website_backup_setup,Website Backup Setup,Website & SEO,admin_access_available,Do you have authorized admin access?,select,True,Yes;No;Not sure,Do not paste credentials into this form. Maine Cyber Tech will coordinate safe access separately.
website_backup_setup,Website Backup Setup,Website & SEO,primary_goal,What are you trying to accomplish?,textarea,True,,"Describe the business goal, pain point, risk, outage, or improvement you want."
website_backup_setup,Website Backup Setup,Website & SEO,website_url,Website URL,url,False,,
website_backup_setup,Website Backup Setup,Website & SEO,target_locations,Target towns/service area,textarea,False,,
website_backup_setup,Website Backup Setup,Website & SEO,target_services,Target services/products,textarea,False,,
monthly_website_care_plan,Monthly Website Care Plan,Website & SEO,business_name,Business name,text,True,,Legal or public-facing business name.
monthly_website_care_plan,Monthly Website Care Plan,Website & SEO,contact_name,Primary contact name,text,True,,Main person Maine Cyber Tech should coordinate with.
monthly_website_care_plan,Monthly Website Care Plan,Website & SEO,contact_email,Primary contact email,email,True,,"Used for scheduling, service updates, and deliverables."
monthly_website_care_plan,Monthly Website Care Plan,Website & SEO,contact_phone,Best phone number,tel,False,,"Useful for urgent, onsite, or access-sensitive work."
monthly_website_care_plan,Monthly Website Care Plan,Website & SEO,business_address,Business address or service location,textarea,False,,"Required for onsite, Wi-Fi, network, camera, hardware, or location-specific services."
monthly_website_care_plan,Monthly Website Care Plan,Website & SEO,urgency,How urgent is this request?,select,True,Not urgent;This week;ASAP;Emergency,Emergency work may require separate emergency support terms.
monthly_website_care_plan,Monthly Website Care Plan,Website & SEO,users_count,Approximate number of users,number,False,,Estimate is acceptable.
monthly_website_care_plan,Monthly Website Care Plan,Website & SEO,devices_count,Approximate number of devices,number,False,,"Include computers, phones, tablets, printers, network gear, and cameras if relevant."
monthly_website_care_plan,Monthly Website Care Plan,Website & SEO,current_provider,"Current provider/platform, if known",text,False,,"Examples: Microsoft 365, Google Workspace, Cloudflare, GoDaddy, UniFi, Comcast, Spectrum, WordPress."
monthly_website_care_plan,Monthly Website Care Plan,Website & SEO,admin_access_available,Do you have authorized admin access?,select,True,Yes;No;Not sure,Do not paste credentials into this form. Maine Cyber Tech will coordinate safe access separately.
monthly_website_care_plan,Monthly Website Care Plan,Website & SEO,primary_goal,What are you trying to accomplish?,textarea,True,,"Describe the business goal, pain point, risk, outage, or improvement you want."
monthly_website_care_plan,Monthly Website Care Plan,Website & SEO,website_url,Website URL,url,False,,
monthly_website_care_plan,Monthly Website Care Plan,Website & SEO,target_locations,Target towns/service area,textarea,False,,
monthly_website_care_plan,Monthly Website Care Plan,Website & SEO,target_services,Target services/products,textarea,False,,
landing_page_build,Landing Page Build,Website & SEO,business_name,Business name,text,True,,Legal or public-facing business name.
landing_page_build,Landing Page Build,Website & SEO,contact_name,Primary contact name,text,True,,Main person Maine Cyber Tech should coordinate with.
landing_page_build,Landing Page Build,Website & SEO,contact_email,Primary contact email,email,True,,"Used for scheduling, service updates, and deliverables."
landing_page_build,Landing Page Build,Website & SEO,contact_phone,Best phone number,tel,False,,"Useful for urgent, onsite, or access-sensitive work."
landing_page_build,Landing Page Build,Website & SEO,business_address,Business address or service location,textarea,False,,"Required for onsite, Wi-Fi, network, camera, hardware, or location-specific services."
landing_page_build,Landing Page Build,Website & SEO,urgency,How urgent is this request?,select,True,Not urgent;This week;ASAP;Emergency,Emergency work may require separate emergency support terms.
landing_page_build,Landing Page Build,Website & SEO,users_count,Approximate number of users,number,False,,Estimate is acceptable.
landing_page_build,Landing Page Build,Website & SEO,devices_count,Approximate number of devices,number,False,,"Include computers, phones, tablets, printers, network gear, and cameras if relevant."
landing_page_build,Landing Page Build,Website & SEO,current_provider,"Current provider/platform, if known",text,False,,"Examples: Microsoft 365, Google Workspace, Cloudflare, GoDaddy, UniFi, Comcast, Spectrum, WordPress."
landing_page_build,Landing Page Build,Website & SEO,admin_access_available,Do you have authorized admin access?,select,True,Yes;No;Not sure,Do not paste credentials into this form. Maine Cyber Tech will coordinate safe access separately.
landing_page_build,Landing Page Build,Website & SEO,primary_goal,What are you trying to accomplish?,textarea,True,,"Describe the business goal, pain point, risk, outage, or improvement you want."
landing_page_build,Landing Page Build,Website & SEO,website_url,Website URL,url,False,,
landing_page_build,Landing Page Build,Website & SEO,target_locations,Target towns/service area,textarea,False,,
landing_page_build,Landing Page Build,Website & SEO,target_services,Target services/products,textarea,False,,
local_seo_page_build,Local SEO Page Build,Website & SEO,business_name,Business name,text,True,,Legal or public-facing business name.
local_seo_page_build,Local SEO Page Build,Website & SEO,contact_name,Primary contact name,text,True,,Main person Maine Cyber Tech should coordinate with.
local_seo_page_build,Local SEO Page Build,Website & SEO,contact_email,Primary contact email,email,True,,"Used for scheduling, service updates, and deliverables."
local_seo_page_build,Local SEO Page Build,Website & SEO,contact_phone,Best phone number,tel,False,,"Useful for urgent, onsite, or access-sensitive work."
local_seo_page_build,Local SEO Page Build,Website & SEO,business_address,Business address or service location,textarea,False,,"Required for onsite, Wi-Fi, network, camera, hardware, or location-specific services."
local_seo_page_build,Local SEO Page Build,Website & SEO,urgency,How urgent is this request?,select,True,Not urgent;This week;ASAP;Emergency,Emergency work may require separate emergency support terms.
local_seo_page_build,Local SEO Page Build,Website & SEO,users_count,Approximate number of users,number,False,,Estimate is acceptable.
local_seo_page_build,Local SEO Page Build,Website & SEO,devices_count,Approximate number of devices,number,False,,"Include computers, phones, tablets, printers, network gear, and cameras if relevant."
local_seo_page_build,Local SEO Page Build,Website & SEO,current_provider,"Current provider/platform, if known",text,False,,"Examples: Microsoft 365, Google Workspace, Cloudflare, GoDaddy, UniFi, Comcast, Spectrum, WordPress."
local_seo_page_build,Local SEO Page Build,Website & SEO,admin_access_available,Do you have authorized admin access?,select,True,Yes;No;Not sure,Do not paste credentials into this form. Maine Cyber Tech will coordinate safe access separately.
local_seo_page_build,Local SEO Page Build,Website & SEO,primary_goal,What are you trying to accomplish?,textarea,True,,"Describe the business goal, pain point, risk, outage, or improvement you want."
local_seo_page_build,Local SEO Page Build,Website & SEO,website_url,Website URL,url,False,,
local_seo_page_build,Local SEO Page Build,Website & SEO,target_locations,Target towns/service area,textarea,False,,
local_seo_page_build,Local SEO Page Build,Website & SEO,target_services,Target services/products,textarea,False,,
contact_form_fix,Contact Form Fix,Website & SEO,business_name,Business name,text,True,,Legal or public-facing business name.
contact_form_fix,Contact Form Fix,Website & SEO,contact_name,Primary contact name,text,True,,Main person Maine Cyber Tech should coordinate with.
contact_form_fix,Contact Form Fix,Website & SEO,contact_email,Primary contact email,email,True,,"Used for scheduling, service updates, and deliverables."
contact_form_fix,Contact Form Fix,Website & SEO,contact_phone,Best phone number,tel,False,,"Useful for urgent, onsite, or access-sensitive work."
contact_form_fix,Contact Form Fix,Website & SEO,business_address,Business address or service location,textarea,False,,"Required for onsite, Wi-Fi, network, camera, hardware, or location-specific services."
contact_form_fix,Contact Form Fix,Website & SEO,urgency,How urgent is this request?,select,True,Not urgent;This week;ASAP;Emergency,Emergency work may require separate emergency support terms.
contact_form_fix,Contact Form Fix,Website & SEO,users_count,Approximate number of users,number,False,,Estimate is acceptable.
contact_form_fix,Contact Form Fix,Website & SEO,devices_count,Approximate number of devices,number,False,,"Include computers, phones, tablets, printers, network gear, and cameras if relevant."
contact_form_fix,Contact Form Fix,Website & SEO,current_provider,"Current provider/platform, if known",text,False,,"Examples: Microsoft 365, Google Workspace, Cloudflare, GoDaddy, UniFi, Comcast, Spectrum, WordPress."
contact_form_fix,Contact Form Fix,Website & SEO,admin_access_available,Do you have authorized admin access?,select,True,Yes;No;Not sure,Do not paste credentials into this form. Maine Cyber Tech will coordinate safe access separately.
contact_form_fix,Contact Form Fix,Website & SEO,primary_goal,What are you trying to accomplish?,textarea,True,,"Describe the business goal, pain point, risk, outage, or improvement you want."
contact_form_fix,Contact Form Fix,Website & SEO,website_url,Website URL,url,False,,
contact_form_fix,Contact Form Fix,Website & SEO,target_locations,Target towns/service area,textarea,False,,
contact_form_fix,Contact Form Fix,Website & SEO,target_services,Target services/products,textarea,False,,
analytics_setup,Analytics Setup,Website & SEO,business_name,Business name,text,True,,Legal or public-facing business name.
analytics_setup,Analytics Setup,Website & SEO,contact_name,Primary contact name,text,True,,Main person Maine Cyber Tech should coordinate with.
analytics_setup,Analytics Setup,Website & SEO,contact_email,Primary contact email,email,True,,"Used for scheduling, service updates, and deliverables."
analytics_setup,Analytics Setup,Website & SEO,contact_phone,Best phone number,tel,False,,"Useful for urgent, onsite, or access-sensitive work."
analytics_setup,Analytics Setup,Website & SEO,business_address,Business address or service location,textarea,False,,"Required for onsite, Wi-Fi, network, camera, hardware, or location-specific services."
analytics_setup,Analytics Setup,Website & SEO,urgency,How urgent is this request?,select,True,Not urgent;This week;ASAP;Emergency,Emergency work may require separate emergency support terms.
analytics_setup,Analytics Setup,Website & SEO,users_count,Approximate number of users,number,False,,Estimate is acceptable.
analytics_setup,Analytics Setup,Website & SEO,devices_count,Approximate number of devices,number,False,,"Include computers, phones, tablets, printers, network gear, and cameras if relevant."
analytics_setup,Analytics Setup,Website & SEO,current_provider,"Current provider/platform, if known",text,False,,"Examples: Microsoft 365, Google Workspace, Cloudflare, GoDaddy, UniFi, Comcast, Spectrum, WordPress."
analytics_setup,Analytics Setup,Website & SEO,admin_access_available,Do you have authorized admin access?,select,True,Yes;No;Not sure,Do not paste credentials into this form. Maine Cyber Tech will coordinate safe access separately.
analytics_setup,Analytics Setup,Website & SEO,primary_goal,What are you trying to accomplish?,textarea,True,,"Describe the business goal, pain point, risk, outage, or improvement you want."
analytics_setup,Analytics Setup,Website & SEO,website_url,Website URL,url,False,,
analytics_setup,Analytics Setup,Website & SEO,target_locations,Target towns/service area,textarea,False,,
analytics_setup,Analytics Setup,Website & SEO,target_services,Target services/products,textarea,False,,
cookie_privacy_basics_review,Cookie/Privacy Basics Review,Website & SEO,business_name,Business name,text,True,,Legal or public-facing business name.
cookie_privacy_basics_review,Cookie/Privacy Basics Review,Website & SEO,contact_name,Primary contact name,text,True,,Main person Maine Cyber Tech should coordinate with.
cookie_privacy_basics_review,Cookie/Privacy Basics Review,Website & SEO,contact_email,Primary contact email,email,True,,"Used for scheduling, service updates, and deliverables."
cookie_privacy_basics_review,Cookie/Privacy Basics Review,Website & SEO,contact_phone,Best phone number,tel,False,,"Useful for urgent, onsite, or access-sensitive work."
cookie_privacy_basics_review,Cookie/Privacy Basics Review,Website & SEO,business_address,Business address or service location,textarea,False,,"Required for onsite, Wi-Fi, network, camera, hardware, or location-specific services."
cookie_privacy_basics_review,Cookie/Privacy Basics Review,Website & SEO,urgency,How urgent is this request?,select,True,Not urgent;This week;ASAP;Emergency,Emergency work may require separate emergency support terms.
cookie_privacy_basics_review,Cookie/Privacy Basics Review,Website & SEO,users_count,Approximate number of users,number,False,,Estimate is acceptable.
cookie_privacy_basics_review,Cookie/Privacy Basics Review,Website & SEO,devices_count,Approximate number of devices,number,False,,"Include computers, phones, tablets, printers, network gear, and cameras if relevant."
cookie_privacy_basics_review,Cookie/Privacy Basics Review,Website & SEO,current_provider,"Current provider/platform, if known",text,False,,"Examples: Microsoft 365, Google Workspace, Cloudflare, GoDaddy, UniFi, Comcast, Spectrum, WordPress."
cookie_privacy_basics_review,Cookie/Privacy Basics Review,Website & SEO,admin_access_available,Do you have authorized admin access?,select,True,Yes;No;Not sure,Do not paste credentials into this form. Maine Cyber Tech will coordinate safe access separately.
cookie_privacy_basics_review,Cookie/Privacy Basics Review,Website & SEO,primary_goal,What are you trying to accomplish?,textarea,True,,"Describe the business goal, pain point, risk, outage, or improvement you want."
cookie_privacy_basics_review,Cookie/Privacy Basics Review,Website & SEO,website_url,Website URL,url,False,,
cookie_privacy_basics_review,Cookie/Privacy Basics Review,Website & SEO,target_locations,Target towns/service area,textarea,False,,
cookie_privacy_basics_review,Cookie/Privacy Basics Review,Website & SEO,target_services,Target services/products,textarea,False,,
local_seo_snapshot,Local SEO Snapshot,Website & SEO,business_name,Business name,text,True,,Legal or public-facing business name.
local_seo_snapshot,Local SEO Snapshot,Website & SEO,contact_name,Primary contact name,text,True,,Main person Maine Cyber Tech should coordinate with.
local_seo_snapshot,Local SEO Snapshot,Website & SEO,contact_email,Primary contact email,email,True,,"Used for scheduling, service updates, and deliverables."
local_seo_snapshot,Local SEO Snapshot,Website & SEO,contact_phone,Best phone number,tel,False,,"Useful for urgent, onsite, or access-sensitive work."
local_seo_snapshot,Local SEO Snapshot,Website & SEO,business_address,Business address or service location,textarea,False,,"Required for onsite, Wi-Fi, network, camera, hardware, or location-specific services."
local_seo_snapshot,Local SEO Snapshot,Website & SEO,urgency,How urgent is this request?,select,True,Not urgent;This week;ASAP;Emergency,Emergency work may require separate emergency support terms.
local_seo_snapshot,Local SEO Snapshot,Website & SEO,users_count,Approximate number of users,number,False,,Estimate is acceptable.
local_seo_snapshot,Local SEO Snapshot,Website & SEO,devices_count,Approximate number of devices,number,False,,"Include computers, phones, tablets, printers, network gear, and cameras if relevant."
local_seo_snapshot,Local SEO Snapshot,Website & SEO,current_provider,"Current provider/platform, if known",text,False,,"Examples: Microsoft 365, Google Workspace, Cloudflare, GoDaddy, UniFi, Comcast, Spectrum, WordPress."
local_seo_snapshot,Local SEO Snapshot,Website & SEO,admin_access_available,Do you have authorized admin access?,select,True,Yes;No;Not sure,Do not paste credentials into this form. Maine Cyber Tech will coordinate safe access separately.
local_seo_snapshot,Local SEO Snapshot,Website & SEO,primary_goal,What are you trying to accomplish?,textarea,True,,"Describe the business goal, pain point, risk, outage, or improvement you want."
local_seo_snapshot,Local SEO Snapshot,Website & SEO,website_url,Website URL,url,False,,
local_seo_snapshot,Local SEO Snapshot,Website & SEO,target_locations,Target towns/service area,textarea,False,,
local_seo_snapshot,Local SEO Snapshot,Website & SEO,target_services,Target services/products,textarea,False,,
google_business_profile_optimization,Google Business Profile Optimization,Website & SEO,business_name,Business name,text,True,,Legal or public-facing business name.
google_business_profile_optimization,Google Business Profile Optimization,Website & SEO,contact_name,Primary contact name,text,True,,Main person Maine Cyber Tech should coordinate with.
google_business_profile_optimization,Google Business Profile Optimization,Website & SEO,contact_email,Primary contact email,email,True,,"Used for scheduling, service updates, and deliverables."
google_business_profile_optimization,Google Business Profile Optimization,Website & SEO,contact_phone,Best phone number,tel,False,,"Useful for urgent, onsite, or access-sensitive work."
google_business_profile_optimization,Google Business Profile Optimization,Website & SEO,business_address,Business address or service location,textarea,False,,"Required for onsite, Wi-Fi, network, camera, hardware, or location-specific services."
google_business_profile_optimization,Google Business Profile Optimization,Website & SEO,urgency,How urgent is this request?,select,True,Not urgent;This week;ASAP;Emergency,Emergency work may require separate emergency support terms.
google_business_profile_optimization,Google Business Profile Optimization,Website & SEO,users_count,Approximate number of users,number,False,,Estimate is acceptable.
google_business_profile_optimization,Google Business Profile Optimization,Website & SEO,devices_count,Approximate number of devices,number,False,,"Include computers, phones, tablets, printers, network gear, and cameras if relevant."
google_business_profile_optimization,Google Business Profile Optimization,Website & SEO,current_provider,"Current provider/platform, if known",text,False,,"Examples: Microsoft 365, Google Workspace, Cloudflare, GoDaddy, UniFi, Comcast, Spectrum, WordPress."
google_business_profile_optimization,Google Business Profile Optimization,Website & SEO,admin_access_available,Do you have authorized admin access?,select,True,Yes;No;Not sure,Do not paste credentials into this form. Maine Cyber Tech will coordinate safe access separately.
google_business_profile_optimization,Google Business Profile Optimization,Website & SEO,primary_goal,What are you trying to accomplish?,textarea,True,,"Describe the business goal, pain point, risk, outage, or improvement you want."
google_business_profile_optimization,Google Business Profile Optimization,Website & SEO,website_url,Website URL,url,False,,
google_business_profile_optimization,Google Business Profile Optimization,Website & SEO,target_locations,Target towns/service area,textarea,False,,
google_business_profile_optimization,Google Business Profile Optimization,Website & SEO,target_services,Target services/products,textarea,False,,
local_service_page_pack,Local Service Page Pack,Website & SEO,business_name,Business name,text,True,,Legal or public-facing business name.
local_service_page_pack,Local Service Page Pack,Website & SEO,contact_name,Primary contact name,text,True,,Main person Maine Cyber Tech should coordinate with.
local_service_page_pack,Local Service Page Pack,Website & SEO,contact_email,Primary contact email,email,True,,"Used for scheduling, service updates, and deliverables."
local_service_page_pack,Local Service Page Pack,Website & SEO,contact_phone,Best phone number,tel,False,,"Useful for urgent, onsite, or access-sensitive work."
local_service_page_pack,Local Service Page Pack,Website & SEO,business_address,Business address or service location,textarea,False,,"Required for onsite, Wi-Fi, network, camera, hardware, or location-specific services."
local_service_page_pack,Local Service Page Pack,Website & SEO,urgency,How urgent is this request?,select,True,Not urgent;This week;ASAP;Emergency,Emergency work may require separate emergency support terms.
local_service_page_pack,Local Service Page Pack,Website & SEO,users_count,Approximate number of users,number,False,,Estimate is acceptable.
local_service_page_pack,Local Service Page Pack,Website & SEO,devices_count,Approximate number of devices,number,False,,"Include computers, phones, tablets, printers, network gear, and cameras if relevant."
local_service_page_pack,Local Service Page Pack,Website & SEO,current_provider,"Current provider/platform, if known",text,False,,"Examples: Microsoft 365, Google Workspace, Cloudflare, GoDaddy, UniFi, Comcast, Spectrum, WordPress."
local_service_page_pack,Local Service Page Pack,Website & SEO,admin_access_available,Do you have authorized admin access?,select,True,Yes;No;Not sure,Do not paste credentials into this form. Maine Cyber Tech will coordinate safe access separately.
local_service_page_pack,Local Service Page Pack,Website & SEO,primary_goal,What are you trying to accomplish?,textarea,True,,"Describe the business goal, pain point, risk, outage, or improvement you want."
local_service_page_pack,Local Service Page Pack,Website & SEO,website_url,Website URL,url,False,,
local_service_page_pack,Local Service Page Pack,Website & SEO,target_locations,Target towns/service area,textarea,False,,
local_service_page_pack,Local Service Page Pack,Website & SEO,target_services,Target services/products,textarea,False,,
blog_starter_pack,Blog Starter Pack,Website & SEO,business_name,Business name,text,True,,Legal or public-facing business name.
blog_starter_pack,Blog Starter Pack,Website & SEO,contact_name,Primary contact name,text,True,,Main person Maine Cyber Tech should coordinate with.
blog_starter_pack,Blog Starter Pack,Website & SEO,contact_email,Primary contact email,email,True,,"Used for scheduling, service updates, and deliverables."
blog_starter_pack,Blog Starter Pack,Website & SEO,contact_phone,Best phone number,tel,False,,"Useful for urgent, onsite, or access-sensitive work."
blog_starter_pack,Blog Starter Pack,Website & SEO,business_address,Business address or service location,textarea,False,,"Required for onsite, Wi-Fi, network, camera, hardware, or location-specific services."
blog_starter_pack,Blog Starter Pack,Website & SEO,urgency,How urgent is this request?,select,True,Not urgent;This week;ASAP;Emergency,Emergency work may require separate emergency support terms.
blog_starter_pack,Blog Starter Pack,Website & SEO,users_count,Approximate number of users,number,False,,Estimate is acceptable.
blog_starter_pack,Blog Starter Pack,Website & SEO,devices_count,Approximate number of devices,number,False,,"Include computers, phones, tablets, printers, network gear, and cameras if relevant."
blog_starter_pack,Blog Starter Pack,Website & SEO,current_provider,"Current provider/platform, if known",text,False,,"Examples: Microsoft 365, Google Workspace, Cloudflare, GoDaddy, UniFi, Comcast, Spectrum, WordPress."
blog_starter_pack,Blog Starter Pack,Website & SEO,admin_access_available,Do you have authorized admin access?,select,True,Yes;No;Not sure,Do not paste credentials into this form. Maine Cyber Tech will coordinate safe access separately.
blog_starter_pack,Blog Starter Pack,Website & SEO,primary_goal,What are you trying to accomplish?,textarea,True,,"Describe the business goal, pain point, risk, outage, or improvement you want."
blog_starter_pack,Blog Starter Pack,Website & SEO,website_url,Website URL,url,False,,
blog_starter_pack,Blog Starter Pack,Website & SEO,target_locations,Target towns/service area,textarea,False,,
blog_starter_pack,Blog Starter Pack,Website & SEO,target_services,Target services/products,textarea,False,,
technical_seo_fix_pack,Technical SEO Fix Pack,Website & SEO,business_name,Business name,text,True,,Legal or public-facing business name.
technical_seo_fix_pack,Technical SEO Fix Pack,Website & SEO,contact_name,Primary contact name,text,True,,Main person Maine Cyber Tech should coordinate with.
technical_seo_fix_pack,Technical SEO Fix Pack,Website & SEO,contact_email,Primary contact email,email,True,,"Used for scheduling, service updates, and deliverables."
technical_seo_fix_pack,Technical SEO Fix Pack,Website & SEO,contact_phone,Best phone number,tel,False,,"Useful for urgent, onsite, or access-sensitive work."
technical_seo_fix_pack,Technical SEO Fix Pack,Website & SEO,business_address,Business address or service location,textarea,False,,"Required for onsite, Wi-Fi, network, camera, hardware, or location-specific services."
technical_seo_fix_pack,Technical SEO Fix Pack,Website & SEO,urgency,How urgent is this request?,select,True,Not urgent;This week;ASAP;Emergency,Emergency work may require separate emergency support terms.
technical_seo_fix_pack,Technical SEO Fix Pack,Website & SEO,users_count,Approximate number of users,number,False,,Estimate is acceptable.
technical_seo_fix_pack,Technical SEO Fix Pack,Website & SEO,devices_count,Approximate number of devices,number,False,,"Include computers, phones, tablets, printers, network gear, and cameras if relevant."
technical_seo_fix_pack,Technical SEO Fix Pack,Website & SEO,current_provider,"Current provider/platform, if known",text,False,,"Examples: Microsoft 365, Google Workspace, Cloudflare, GoDaddy, UniFi, Comcast, Spectrum, WordPress."
technical_seo_fix_pack,Technical SEO Fix Pack,Website & SEO,admin_access_available,Do you have authorized admin access?,select,True,Yes;No;Not sure,Do not paste credentials into this form. Maine Cyber Tech will coordinate safe access separately.
technical_seo_fix_pack,Technical SEO Fix Pack,Website & SEO,primary_goal,What are you trying to accomplish?,textarea,True,,"Describe the business goal, pain point, risk, outage, or improvement you want."
technical_seo_fix_pack,Technical SEO Fix Pack,Website & SEO,website_url,Website URL,url,False,,
technical_seo_fix_pack,Technical SEO Fix Pack,Website & SEO,target_locations,Target towns/service area,textarea,False,,
technical_seo_fix_pack,Technical SEO Fix Pack,Website & SEO,target_services,Target services/products,textarea,False,,
monthly_local_seo_plan,Monthly Local SEO Plan,Website & SEO,business_name,Business name,text,True,,Legal or public-facing business name.
monthly_local_seo_plan,Monthly Local SEO Plan,Website & SEO,contact_name,Primary contact name,text,True,,Main person Maine Cyber Tech should coordinate with.
monthly_local_seo_plan,Monthly Local SEO Plan,Website & SEO,contact_email,Primary contact email,email,True,,"Used for scheduling, service updates, and deliverables."
monthly_local_seo_plan,Monthly Local SEO Plan,Website & SEO,contact_phone,Best phone number,tel,False,,"Useful for urgent, onsite, or access-sensitive work."
monthly_local_seo_plan,Monthly Local SEO Plan,Website & SEO,business_address,Business address or service location,textarea,False,,"Required for onsite, Wi-Fi, network, camera, hardware, or location-specific services."
monthly_local_seo_plan,Monthly Local SEO Plan,Website & SEO,urgency,How urgent is this request?,select,True,Not urgent;This week;ASAP;Emergency,Emergency work may require separate emergency support terms.
monthly_local_seo_plan,Monthly Local SEO Plan,Website & SEO,users_count,Approximate number of users,number,False,,Estimate is acceptable.
monthly_local_seo_plan,Monthly Local SEO Plan,Website & SEO,devices_count,Approximate number of devices,number,False,,"Include computers, phones, tablets, printers, network gear, and cameras if relevant."
monthly_local_seo_plan,Monthly Local SEO Plan,Website & SEO,current_provider,"Current provider/platform, if known",text,False,,"Examples: Microsoft 365, Google Workspace, Cloudflare, GoDaddy, UniFi, Comcast, Spectrum, WordPress."
monthly_local_seo_plan,Monthly Local SEO Plan,Website & SEO,admin_access_available,Do you have authorized admin access?,select,True,Yes;No;Not sure,Do not paste credentials into this form. Maine Cyber Tech will coordinate safe access separately.
monthly_local_seo_plan,Monthly Local SEO Plan,Website & SEO,primary_goal,What are you trying to accomplish?,textarea,True,,"Describe the business goal, pain point, risk, outage, or improvement you want."
monthly_local_seo_plan,Monthly Local SEO Plan,Website & SEO,website_url,Website URL,url,False,,
monthly_local_seo_plan,Monthly Local SEO Plan,Website & SEO,target_locations,Target towns/service area,textarea,False,,
monthly_local_seo_plan,Monthly Local SEO Plan,Website & SEO,target_services,Target services/products,textarea,False,,
review_request_system_setup,Review Request System Setup,Website & SEO,business_name,Business name,text,True,,Legal or public-facing business name.
review_request_system_setup,Review Request System Setup,Website & SEO,contact_name,Primary contact name,text,True,,Main person Maine Cyber Tech should coordinate with.
review_request_system_setup,Review Request System Setup,Website & SEO,contact_email,Primary contact email,email,True,,"Used for scheduling, service updates, and deliverables."
review_request_system_setup,Review Request System Setup,Website & SEO,contact_phone,Best phone number,tel,False,,"Useful for urgent, onsite, or access-sensitive work."
review_request_system_setup,Review Request System Setup,Website & SEO,business_address,Business address or service location,textarea,False,,"Required for onsite, Wi-Fi, network, camera, hardware, or location-specific services."
review_request_system_setup,Review Request System Setup,Website & SEO,urgency,How urgent is this request?,select,True,Not urgent;This week;ASAP;Emergency,Emergency work may require separate emergency support terms.
review_request_system_setup,Review Request System Setup,Website & SEO,users_count,Approximate number of users,number,False,,Estimate is acceptable.
review_request_system_setup,Review Request System Setup,Website & SEO,devices_count,Approximate number of devices,number,False,,"Include computers, phones, tablets, printers, network gear, and cameras if relevant."
review_request_system_setup,Review Request System Setup,Website & SEO,current_provider,"Current provider/platform, if known",text,False,,"Examples: Microsoft 365, Google Workspace, Cloudflare, GoDaddy, UniFi, Comcast, Spectrum, WordPress."
review_request_system_setup,Review Request System Setup,Website & SEO,admin_access_available,Do you have authorized admin access?,select,True,Yes;No;Not sure,Do not paste credentials into this form. Maine Cyber Tech will coordinate safe access separately.
review_request_system_setup,Review Request System Setup,Website & SEO,primary_goal,What are you trying to accomplish?,textarea,True,,"Describe the business goal, pain point, risk, outage, or improvement you want."
review_request_system_setup,Review Request System Setup,Website & SEO,website_url,Website URL,url,False,,
review_request_system_setup,Review Request System Setup,Website & SEO,target_locations,Target towns/service area,textarea,False,,
review_request_system_setup,Review Request System Setup,Website & SEO,target_services,Target services/products,textarea,False,,
schema_markup_setup,Schema Markup Setup,Website & SEO,business_name,Business name,text,True,,Legal or public-facing business name.
schema_markup_setup,Schema Markup Setup,Website & SEO,contact_name,Primary contact name,text,True,,Main person Maine Cyber Tech should coordinate with.
schema_markup_setup,Schema Markup Setup,Website & SEO,contact_email,Primary contact email,email,True,,"Used for scheduling, service updates, and deliverables."
schema_markup_setup,Schema Markup Setup,Website & SEO,contact_phone,Best phone number,tel,False,,"Useful for urgent, onsite, or access-sensitive work."
schema_markup_setup,Schema Markup Setup,Website & SEO,business_address,Business address or service location,textarea,False,,"Required for onsite, Wi-Fi, network, camera, hardware, or location-specific services."
schema_markup_setup,Schema Markup Setup,Website & SEO,urgency,How urgent is this request?,select,True,Not urgent;This week;ASAP;Emergency,Emergency work may require separate emergency support terms.
schema_markup_setup,Schema Markup Setup,Website & SEO,users_count,Approximate number of users,number,False,,Estimate is acceptable.
schema_markup_setup,Schema Markup Setup,Website & SEO,devices_count,Approximate number of devices,number,False,,"Include computers, phones, tablets, printers, network gear, and cameras if relevant."
schema_markup_setup,Schema Markup Setup,Website & SEO,current_provider,"Current provider/platform, if known",text,False,,"Examples: Microsoft 365, Google Workspace, Cloudflare, GoDaddy, UniFi, Comcast, Spectrum, WordPress."
schema_markup_setup,Schema Markup Setup,Website & SEO,admin_access_available,Do you have authorized admin access?,select,True,Yes;No;Not sure,Do not paste credentials into this form. Maine Cyber Tech will coordinate safe access separately.
schema_markup_setup,Schema Markup Setup,Website & SEO,primary_goal,What are you trying to accomplish?,textarea,True,,"Describe the business goal, pain point, risk, outage, or improvement you want."
schema_markup_setup,Schema Markup Setup,Website & SEO,website_url,Website URL,url,False,,
schema_markup_setup,Schema Markup Setup,Website & SEO,target_locations,Target towns/service area,textarea,False,,
schema_markup_setup,Schema Markup Setup,Website & SEO,target_services,Target services/products,textarea,False,,
website_safety_bundle,Website Safety Bundle,Website & SEO,business_name,Business name,text,True,,Legal or public-facing business name.
website_safety_bundle,Website Safety Bundle,Website & SEO,contact_name,Primary contact name,text,True,,Main person Maine Cyber Tech should coordinate with.
website_safety_bundle,Website Safety Bundle,Website & SEO,contact_email,Primary contact email,email,True,,"Used for scheduling, service updates, and deliverables."
website_safety_bundle,Website Safety Bundle,Website & SEO,contact_phone,Best phone number,tel,False,,"Useful for urgent, onsite, or access-sensitive work."
website_safety_bundle,Website Safety Bundle,Website & SEO,business_address,Business address or service location,textarea,False,,"Required for onsite, Wi-Fi, network, camera, hardware, or location-specific services."
website_safety_bundle,Website Safety Bundle,Website & SEO,urgency,How urgent is this request?,select,True,Not urgent;This week;ASAP;Emergency,Emergency work may require separate emergency support terms.
website_safety_bundle,Website Safety Bundle,Website & SEO,users_count,Approximate number of users,number,False,,Estimate is acceptable.
website_safety_bundle,Website Safety Bundle,Website & SEO,devices_count,Approximate number of devices,number,False,,"Include computers, phones, tablets, printers, network gear, and cameras if relevant."
website_safety_bundle,Website Safety Bundle,Website & SEO,current_provider,"Current provider/platform, if known",text,False,,"Examples: Microsoft 365, Google Workspace, Cloudflare, GoDaddy, UniFi, Comcast, Spectrum, WordPress."
website_safety_bundle,Website Safety Bundle,Website & SEO,admin_access_available,Do you have authorized admin access?,select,True,Yes;No;Not sure,Do not paste credentials into this form. Maine Cyber Tech will coordinate safe access separately.
website_safety_bundle,Website Safety Bundle,Website & SEO,primary_goal,What are you trying to accomplish?,textarea,True,,"Describe the business goal, pain point, risk, outage, or improvement you want."
website_safety_bundle,Website Safety Bundle,Website & SEO,website_url,Website URL,url,False,,
website_safety_bundle,Website Safety Bundle,Website & SEO,target_locations,Target towns/service area,textarea,False,,
website_safety_bundle,Website Safety Bundle,Website & SEO,target_services,Target services/products,textarea,False,,
local_seo_starter,Local SEO Starter,Website & SEO,business_name,Business name,text,True,,Legal or public-facing business name.
local_seo_starter,Local SEO Starter,Website & SEO,contact_name,Primary contact name,text,True,,Main person Maine Cyber Tech should coordinate with.
local_seo_starter,Local SEO Starter,Website & SEO,contact_email,Primary contact email,email,True,,"Used for scheduling, service updates, and deliverables."
local_seo_starter,Local SEO Starter,Website & SEO,contact_phone,Best phone number,tel,False,,"Useful for urgent, onsite, or access-sensitive work."
local_seo_starter,Local SEO Starter,Website & SEO,business_address,Business address or service location,textarea,False,,"Required for onsite, Wi-Fi, network, camera, hardware, or location-specific services."
local_seo_starter,Local SEO Starter,Website & SEO,urgency,How urgent is this request?,select,True,Not urgent;This week;ASAP;Emergency,Emergency work may require separate emergency support terms.
local_seo_starter,Local SEO Starter,Website & SEO,users_count,Approximate number of users,number,False,,Estimate is acceptable.
local_seo_starter,Local SEO Starter,Website & SEO,devices_count,Approximate number of devices,number,False,,"Include computers, phones, tablets, printers, network gear, and cameras if relevant."
local_seo_starter,Local SEO Starter,Website & SEO,current_provider,"Current provider/platform, if known",text,False,,"Examples: Microsoft 365, Google Workspace, Cloudflare, GoDaddy, UniFi, Comcast, Spectrum, WordPress."
local_seo_starter,Local SEO Starter,Website & SEO,admin_access_available,Do you have authorized admin access?,select,True,Yes;No;Not sure,Do not paste credentials into this form. Maine Cyber Tech will coordinate safe access separately.
local_seo_starter,Local SEO Starter,Website & SEO,primary_goal,What are you trying to accomplish?,textarea,True,,"Describe the business goal, pain point, risk, outage, or improvement you want."
local_seo_starter,Local SEO Starter,Website & SEO,website_url,Website URL,url,False,,
local_seo_starter,Local SEO Starter,Website & SEO,target_locations,Target towns/service area,textarea,False,,
local_seo_starter,Local SEO Starter,Website & SEO,target_services,Target services/products,textarea,False,,
website_growth_bundle,Website Growth Bundle,Website & SEO,business_name,Business name,text,True,,Legal or public-facing business name.
website_growth_bundle,Website Growth Bundle,Website & SEO,contact_name,Primary contact name,text,True,,Main person Maine Cyber Tech should coordinate with.
website_growth_bundle,Website Growth Bundle,Website & SEO,contact_email,Primary contact email,email,True,,"Used for scheduling, service updates, and deliverables."
website_growth_bundle,Website Growth Bundle,Website & SEO,contact_phone,Best phone number,tel,False,,"Useful for urgent, onsite, or access-sensitive work."
website_growth_bundle,Website Growth Bundle,Website & SEO,business_address,Business address or service location,textarea,False,,"Required for onsite, Wi-Fi, network, camera, hardware, or location-specific services."
website_growth_bundle,Website Growth Bundle,Website & SEO,urgency,How urgent is this request?,select,True,Not urgent;This week;ASAP;Emergency,Emergency work may require separate emergency support terms.
website_growth_bundle,Website Growth Bundle,Website & SEO,users_count,Approximate number of users,number,False,,Estimate is acceptable.
website_growth_bundle,Website Growth Bundle,Website & SEO,devices_count,Approximate number of devices,number,False,,"Include computers, phones, tablets, printers, network gear, and cameras if relevant."
website_growth_bundle,Website Growth Bundle,Website & SEO,current_provider,"Current provider/platform, if known",text,False,,"Examples: Microsoft 365, Google Workspace, Cloudflare, GoDaddy, UniFi, Comcast, Spectrum, WordPress."
website_growth_bundle,Website Growth Bundle,Website & SEO,admin_access_available,Do you have authorized admin access?,select,True,Yes;No;Not sure,Do not paste credentials into this form. Maine Cyber Tech will coordinate safe access separately.
website_growth_bundle,Website Growth Bundle,Website & SEO,primary_goal,What are you trying to accomplish?,textarea,True,,"Describe the business goal, pain point, risk, outage, or improvement you want."
website_growth_bundle,Website Growth Bundle,Website & SEO,website_url,Website URL,url,False,,
website_growth_bundle,Website Growth Bundle,Website & SEO,target_locations,Target towns/service area,textarea,False,,
website_growth_bundle,Website Growth Bundle,Website & SEO,target_services,Target services/products,textarea,False,,
cloudflare_basic_setup,Cloudflare Basic Setup,Website & SEO,business_name,Business name,text,True,,Legal or public-facing business name.
cloudflare_basic_setup,Cloudflare Basic Setup,Website & SEO,contact_name,Primary contact name,text,True,,Main person Maine Cyber Tech should coordinate with.
cloudflare_basic_setup,Cloudflare Basic Setup,Website & SEO,contact_email,Primary contact email,email,True,,"Used for scheduling, service updates, and deliverables."
cloudflare_basic_setup,Cloudflare Basic Setup,Website & SEO,contact_phone,Best phone number,tel,False,,"Useful for urgent, onsite, or access-sensitive work."
cloudflare_basic_setup,Cloudflare Basic Setup,Website & SEO,business_address,Business address or service location,textarea,False,,"Required for onsite, Wi-Fi, network, camera, hardware, or location-specific services."
cloudflare_basic_setup,Cloudflare Basic Setup,Website & SEO,urgency,How urgent is this request?,select,True,Not urgent;This week;ASAP;Emergency,Emergency work may require separate emergency support terms.
cloudflare_basic_setup,Cloudflare Basic Setup,Website & SEO,users_count,Approximate number of users,number,False,,Estimate is acceptable.
cloudflare_basic_setup,Cloudflare Basic Setup,Website & SEO,devices_count,Approximate number of devices,number,False,,"Include computers, phones, tablets, printers, network gear, and cameras if relevant."
cloudflare_basic_setup,Cloudflare Basic Setup,Website & SEO,current_provider,"Current provider/platform, if known",text,False,,"Examples: Microsoft 365, Google Workspace, Cloudflare, GoDaddy, UniFi, Comcast, Spectrum, WordPress."
cloudflare_basic_setup,Cloudflare Basic Setup,Website & SEO,admin_access_available,Do you have authorized admin access?,select,True,Yes;No;Not sure,Do not paste credentials into this form. Maine Cyber Tech will coordinate safe access separately.
cloudflare_basic_setup,Cloudflare Basic Setup,Website & SEO,primary_goal,What are you trying to accomplish?,textarea,True,,"Describe the business goal, pain point, risk, outage, or improvement you want."
cloudflare_basic_setup,Cloudflare Basic Setup,Website & SEO,website_url,Website URL,url,False,,
cloudflare_basic_setup,Cloudflare Basic Setup,Website & SEO,target_locations,Target towns/service area,textarea,False,,
cloudflare_basic_setup,Cloudflare Basic Setup,Website & SEO,target_services,Target services/products,textarea,False,,
cloudflare_security_tune_up,Cloudflare Security Tune-Up,Website & SEO,business_name,Business name,text,True,,Legal or public-facing business name.
cloudflare_security_tune_up,Cloudflare Security Tune-Up,Website & SEO,contact_name,Primary contact name,text,True,,Main person Maine Cyber Tech should coordinate with.
cloudflare_security_tune_up,Cloudflare Security Tune-Up,Website & SEO,contact_email,Primary contact email,email,True,,"Used for scheduling, service updates, and deliverables."
cloudflare_security_tune_up,Cloudflare Security Tune-Up,Website & SEO,contact_phone,Best phone number,tel,False,,"Useful for urgent, onsite, or access-sensitive work."
cloudflare_security_tune_up,Cloudflare Security Tune-Up,Website & SEO,business_address,Business address or service location,textarea,False,,"Required for onsite, Wi-Fi, network, camera, hardware, or location-specific services."
cloudflare_security_tune_up,Cloudflare Security Tune-Up,Website & SEO,urgency,How urgent is this request?,select,True,Not urgent;This week;ASAP;Emergency,Emergency work may require separate emergency support terms.
cloudflare_security_tune_up,Cloudflare Security Tune-Up,Website & SEO,users_count,Approximate number of users,number,False,,Estimate is acceptable.
cloudflare_security_tune_up,Cloudflare Security Tune-Up,Website & SEO,devices_count,Approximate number of devices,number,False,,"Include computers, phones, tablets, printers, network gear, and cameras if relevant."
cloudflare_security_tune_up,Cloudflare Security Tune-Up,Website & SEO,current_provider,"Current provider/platform, if known",text,False,,"Examples: Microsoft 365, Google Workspace, Cloudflare, GoDaddy, UniFi, Comcast, Spectrum, WordPress."
cloudflare_security_tune_up,Cloudflare Security Tune-Up,Website & SEO,admin_access_available,Do you have authorized admin access?,select,True,Yes;No;Not sure,Do not paste credentials into this form. Maine Cyber Tech will coordinate safe access separately.
cloudflare_security_tune_up,Cloudflare Security Tune-Up,Website & SEO,primary_goal,What are you trying to accomplish?,textarea,True,,"Describe the business goal, pain point, risk, outage, or improvement you want."
cloudflare_security_tune_up,Cloudflare Security Tune-Up,Website & SEO,website_url,Website URL,url,False,,
cloudflare_security_tune_up,Cloudflare Security Tune-Up,Website & SEO,target_locations,Target towns/service area,textarea,False,,
cloudflare_security_tune_up,Cloudflare Security Tune-Up,Website & SEO,target_services,Target services/products,textarea,False,,
dns_cleanup,DNS Cleanup,Website & SEO,business_name,Business name,text,True,,Legal or public-facing business name.
dns_cleanup,DNS Cleanup,Website & SEO,contact_name,Primary contact name,text,True,,Main person Maine Cyber Tech should coordinate with.
dns_cleanup,DNS Cleanup,Website & SEO,contact_email,Primary contact email,email,True,,"Used for scheduling, service updates, and deliverables."
dns_cleanup,DNS Cleanup,Website & SEO,contact_phone,Best phone number,tel,False,,"Useful for urgent, onsite, or access-sensitive work."
dns_cleanup,DNS Cleanup,Website & SEO,business_address,Business address or service location,textarea,False,,"Required for onsite, Wi-Fi, network, camera, hardware, or location-specific services."
dns_cleanup,DNS Cleanup,Website & SEO,urgency,How urgent is this request?,select,True,Not urgent;This week;ASAP;Emergency,Emergency work may require separate emergency support terms.
dns_cleanup,DNS Cleanup,Website & SEO,users_count,Approximate number of users,number,False,,Estimate is acceptable.
dns_cleanup,DNS Cleanup,Website & SEO,devices_count,Approximate number of devices,number,False,,"Include computers, phones, tablets, printers, network gear, and cameras if relevant."
dns_cleanup,DNS Cleanup,Website & SEO,current_provider,"Current provider/platform, if known",text,False,,"Examples: Microsoft 365, Google Workspace, Cloudflare, GoDaddy, UniFi, Comcast, Spectrum, WordPress."
dns_cleanup,DNS Cleanup,Website & SEO,admin_access_available,Do you have authorized admin access?,select,True,Yes;No;Not sure,Do not paste credentials into this form. Maine Cyber Tech will coordinate safe access separately.
dns_cleanup,DNS Cleanup,Website & SEO,primary_goal,What are you trying to accomplish?,textarea,True,,"Describe the business goal, pain point, risk, outage, or improvement you want."
dns_cleanup,DNS Cleanup,Website & SEO,website_url,Website URL,url,False,,
dns_cleanup,DNS Cleanup,Website & SEO,target_locations,Target towns/service area,textarea,False,,
dns_cleanup,DNS Cleanup,Website & SEO,target_services,Target services/products,textarea,False,,
email_dns_authentication_fix,Email DNS Authentication Fix,Website & SEO,business_name,Business name,text,True,,Legal or public-facing business name.
email_dns_authentication_fix,Email DNS Authentication Fix,Website & SEO,contact_name,Primary contact name,text,True,,Main person Maine Cyber Tech should coordinate with.
email_dns_authentication_fix,Email DNS Authentication Fix,Website & SEO,contact_email,Primary contact email,email,True,,"Used for scheduling, service updates, and deliverables."
email_dns_authentication_fix,Email DNS Authentication Fix,Website & SEO,contact_phone,Best phone number,tel,False,,"Useful for urgent, onsite, or access-sensitive work."
email_dns_authentication_fix,Email DNS Authentication Fix,Website & SEO,business_address,Business address or service location,textarea,False,,"Required for onsite, Wi-Fi, network, camera, hardware, or location-specific services."
email_dns_authentication_fix,Email DNS Authentication Fix,Website & SEO,urgency,How urgent is this request?,select,True,Not urgent;This week;ASAP;Emergency,Emergency work may require separate emergency support terms.
email_dns_authentication_fix,Email DNS Authentication Fix,Website & SEO,users_count,Approximate number of users,number,False,,Estimate is acceptable.
email_dns_authentication_fix,Email DNS Authentication Fix,Website & SEO,devices_count,Approximate number of devices,number,False,,"Include computers, phones, tablets, printers, network gear, and cameras if relevant."
email_dns_authentication_fix,Email DNS Authentication Fix,Website & SEO,current_provider,"Current provider/platform, if known",text,False,,"Examples: Microsoft 365, Google Workspace, Cloudflare, GoDaddy, UniFi, Comcast, Spectrum, WordPress."
email_dns_authentication_fix,Email DNS Authentication Fix,Website & SEO,admin_access_available,Do you have authorized admin access?,select,True,Yes;No;Not sure,Do not paste credentials into this form. Maine Cyber Tech will coordinate safe access separately.
email_dns_authentication_fix,Email DNS Authentication Fix,Website & SEO,primary_goal,What are you trying to accomplish?,textarea,True,,"Describe the business goal, pain point, risk, outage, or improvement you want."
email_dns_authentication_fix,Email DNS Authentication Fix,Website & SEO,website_url,Website URL,url,False,,
email_dns_authentication_fix,Email DNS Authentication Fix,Website & SEO,target_locations,Target towns/service area,textarea,False,,
email_dns_authentication_fix,Email DNS Authentication Fix,Website & SEO,target_services,Target services/products,textarea,False,,
domain_registrar_security_setup,Domain Registrar Security Setup,Website & SEO,business_name,Business name,text,True,,Legal or public-facing business name.
domain_registrar_security_setup,Domain Registrar Security Setup,Website & SEO,contact_name,Primary contact name,text,True,,Main person Maine Cyber Tech should coordinate with.
domain_registrar_security_setup,Domain Registrar Security Setup,Website & SEO,contact_email,Primary contact email,email,True,,"Used for scheduling, service updates, and deliverables."
domain_registrar_security_setup,Domain Registrar Security Setup,Website & SEO,contact_phone,Best phone number,tel,False,,"Useful for urgent, onsite, or access-sensitive work."
domain_registrar_security_setup,Domain Registrar Security Setup,Website & SEO,business_address,Business address or service location,textarea,False,,"Required for onsite, Wi-Fi, network, camera, hardware, or location-specific services."
domain_registrar_security_setup,Domain Registrar Security Setup,Website & SEO,urgency,How urgent is this request?,select,True,Not urgent;This week;ASAP;Emergency,Emergency work may require separate emergency support terms.
domain_registrar_security_setup,Domain Registrar Security Setup,Website & SEO,users_count,Approximate number of users,number,False,,Estimate is acceptable.
domain_registrar_security_setup,Domain Registrar Security Setup,Website & SEO,devices_count,Approximate number of devices,number,False,,"Include computers, phones, tablets, printers, network gear, and cameras if relevant."
domain_registrar_security_setup,Domain Registrar Security Setup,Website & SEO,current_provider,"Current provider/platform, if known",text,False,,"Examples: Microsoft 365, Google Workspace, Cloudflare, GoDaddy, UniFi, Comcast, Spectrum, WordPress."
domain_registrar_security_setup,Domain Registrar Security Setup,Website & SEO,admin_access_available,Do you have authorized admin access?,select,True,Yes;No;Not sure,Do not paste credentials into this form. Maine Cyber Tech will coordinate safe access separately.
domain_registrar_security_setup,Domain Registrar Security Setup,Website & SEO,primary_goal,What are you trying to accomplish?,textarea,True,,"Describe the business goal, pain point, risk, outage, or improvement you want."
domain_registrar_security_setup,Domain Registrar Security Setup,Website & SEO,website_url,Website URL,url,False,,
domain_registrar_security_setup,Domain Registrar Security Setup,Website & SEO,target_locations,Target towns/service area,textarea,False,,
domain_registrar_security_setup,Domain Registrar Security Setup,Website & SEO,target_services,Target services/products,textarea,False,,
cloudflare_turnstile_setup,Cloudflare Turnstile Setup,Website & SEO,business_name,Business name,text,True,,Legal or public-facing business name.
cloudflare_turnstile_setup,Cloudflare Turnstile Setup,Website & SEO,contact_name,Primary contact name,text,True,,Main person Maine Cyber Tech should coordinate with.
cloudflare_turnstile_setup,Cloudflare Turnstile Setup,Website & SEO,contact_email,Primary contact email,email,True,,"Used for scheduling, service updates, and deliverables."
cloudflare_turnstile_setup,Cloudflare Turnstile Setup,Website & SEO,contact_phone,Best phone number,tel,False,,"Useful for urgent, onsite, or access-sensitive work."
cloudflare_turnstile_setup,Cloudflare Turnstile Setup,Website & SEO,business_address,Business address or service location,textarea,False,,"Required for onsite, Wi-Fi, network, camera, hardware, or location-specific services."
cloudflare_turnstile_setup,Cloudflare Turnstile Setup,Website & SEO,urgency,How urgent is this request?,select,True,Not urgent;This week;ASAP;Emergency,Emergency work may require separate emergency support terms.
cloudflare_turnstile_setup,Cloudflare Turnstile Setup,Website & SEO,users_count,Approximate number of users,number,False,,Estimate is acceptable.
cloudflare_turnstile_setup,Cloudflare Turnstile Setup,Website & SEO,devices_count,Approximate number of devices,number,False,,"Include computers, phones, tablets, printers, network gear, and cameras if relevant."
cloudflare_turnstile_setup,Cloudflare Turnstile Setup,Website & SEO,current_provider,"Current provider/platform, if known",text,False,,"Examples: Microsoft 365, Google Workspace, Cloudflare, GoDaddy, UniFi, Comcast, Spectrum, WordPress."
cloudflare_turnstile_setup,Cloudflare Turnstile Setup,Website & SEO,admin_access_available,Do you have authorized admin access?,select,True,Yes;No;Not sure,Do not paste credentials into this form. Maine Cyber Tech will coordinate safe access separately.
cloudflare_turnstile_setup,Cloudflare Turnstile Setup,Website & SEO,primary_goal,What are you trying to accomplish?,textarea,True,,"Describe the business goal, pain point, risk, outage, or improvement you want."
cloudflare_turnstile_setup,Cloudflare Turnstile Setup,Website & SEO,website_url,Website URL,url,False,,
cloudflare_turnstile_setup,Cloudflare Turnstile Setup,Website & SEO,target_locations,Target towns/service area,textarea,False,,
cloudflare_turnstile_setup,Cloudflare Turnstile Setup,Website & SEO,target_services,Target services/products,textarea,False,,
cloudflare_redirect_setup,Cloudflare Redirect Setup,Website & SEO,business_name,Business name,text,True,,Legal or public-facing business name.
cloudflare_redirect_setup,Cloudflare Redirect Setup,Website & SEO,contact_name,Primary contact name,text,True,,Main person Maine Cyber Tech should coordinate with.
cloudflare_redirect_setup,Cloudflare Redirect Setup,Website & SEO,contact_email,Primary contact email,email,True,,"Used for scheduling, service updates, and deliverables."
cloudflare_redirect_setup,Cloudflare Redirect Setup,Website & SEO,contact_phone,Best phone number,tel,False,,"Useful for urgent, onsite, or access-sensitive work."
cloudflare_redirect_setup,Cloudflare Redirect Setup,Website & SEO,business_address,Business address or service location,textarea,False,,"Required for onsite, Wi-Fi, network, camera, hardware, or location-specific services."
cloudflare_redirect_setup,Cloudflare Redirect Setup,Website & SEO,urgency,How urgent is this request?,select,True,Not urgent;This week;ASAP;Emergency,Emergency work may require separate emergency support terms.
cloudflare_redirect_setup,Cloudflare Redirect Setup,Website & SEO,users_count,Approximate number of users,number,False,,Estimate is acceptable.
cloudflare_redirect_setup,Cloudflare Redirect Setup,Website & SEO,devices_count,Approximate number of devices,number,False,,"Include computers, phones, tablets, printers, network gear, and cameras if relevant."
cloudflare_redirect_setup,Cloudflare Redirect Setup,Website & SEO,current_provider,"Current provider/platform, if known",text,False,,"Examples: Microsoft 365, Google Workspace, Cloudflare, GoDaddy, UniFi, Comcast, Spectrum, WordPress."
cloudflare_redirect_setup,Cloudflare Redirect Setup,Website & SEO,admin_access_available,Do you have authorized admin access?,select,True,Yes;No;Not sure,Do not paste credentials into this form. Maine Cyber Tech will coordinate safe access separately.
cloudflare_redirect_setup,Cloudflare Redirect Setup,Website & SEO,primary_goal,What are you trying to accomplish?,textarea,True,,"Describe the business goal, pain point, risk, outage, or improvement you want."
cloudflare_redirect_setup,Cloudflare Redirect Setup,Website & SEO,website_url,Website URL,url,False,,
cloudflare_redirect_setup,Cloudflare Redirect Setup,Website & SEO,target_locations,Target towns/service area,textarea,False,,
cloudflare_redirect_setup,Cloudflare Redirect Setup,Website & SEO,target_services,Target services/products,textarea,False,,
domain_expiration_protection,Domain Expiration Protection,Website & SEO,business_name,Business name,text,True,,Legal or public-facing business name.
domain_expiration_protection,Domain Expiration Protection,Website & SEO,contact_name,Primary contact name,text,True,,Main person Maine Cyber Tech should coordinate with.
domain_expiration_protection,Domain Expiration Protection,Website & SEO,contact_email,Primary contact email,email,True,,"Used for scheduling, service updates, and deliverables."
domain_expiration_protection,Domain Expiration Protection,Website & SEO,contact_phone,Best phone number,tel,False,,"Useful for urgent, onsite, or access-sensitive work."
domain_expiration_protection,Domain Expiration Protection,Website & SEO,business_address,Business address or service location,textarea,False,,"Required for onsite, Wi-Fi, network, camera, hardware, or location-specific services."
domain_expiration_protection,Domain Expiration Protection,Website & SEO,urgency,How urgent is this request?,select,True,Not urgent;This week;ASAP;Emergency,Emergency work may require separate emergency support terms.
domain_expiration_protection,Domain Expiration Protection,Website & SEO,users_count,Approximate number of users,number,False,,Estimate is acceptable.
domain_expiration_protection,Domain Expiration Protection,Website & SEO,devices_count,Approximate number of devices,number,False,,"Include computers, phones, tablets, printers, network gear, and cameras if relevant."
domain_expiration_protection,Domain Expiration Protection,Website & SEO,current_provider,"Current provider/platform, if known",text,False,,"Examples: Microsoft 365, Google Workspace, Cloudflare, GoDaddy, UniFi, Comcast, Spectrum, WordPress."
domain_expiration_protection,Domain Expiration Protection,Website & SEO,admin_access_available,Do you have authorized admin access?,select,True,Yes;No;Not sure,Do not paste credentials into this form. Maine Cyber Tech will coordinate safe access separately.
domain_expiration_protection,Domain Expiration Protection,Website & SEO,primary_goal,What are you trying to accomplish?,textarea,True,,"Describe the business goal, pain point, risk, outage, or improvement you want."
domain_expiration_protection,Domain Expiration Protection,Website & SEO,website_url,Website URL,url,False,,
domain_expiration_protection,Domain Expiration Protection,Website & SEO,target_locations,Target towns/service area,textarea,False,,
domain_expiration_protection,Domain Expiration Protection,Website & SEO,target_services,Target services/products,textarea,False,,
cloudflare_monthly_management,Cloudflare Monthly Management,Website & SEO,business_name,Business name,text,True,,Legal or public-facing business name.
cloudflare_monthly_management,Cloudflare Monthly Management,Website & SEO,contact_name,Primary contact name,text,True,,Main person Maine Cyber Tech should coordinate with.
cloudflare_monthly_management,Cloudflare Monthly Management,Website & SEO,contact_email,Primary contact email,email,True,,"Used for scheduling, service updates, and deliverables."
cloudflare_monthly_management,Cloudflare Monthly Management,Website & SEO,contact_phone,Best phone number,tel,False,,"Useful for urgent, onsite, or access-sensitive work."
cloudflare_monthly_management,Cloudflare Monthly Management,Website & SEO,business_address,Business address or service location,textarea,False,,"Required for onsite, Wi-Fi, network, camera, hardware, or location-specific services."
cloudflare_monthly_management,Cloudflare Monthly Management,Website & SEO,urgency,How urgent is this request?,select,True,Not urgent;This week;ASAP;Emergency,Emergency work may require separate emergency support terms.
cloudflare_monthly_management,Cloudflare Monthly Management,Website & SEO,users_count,Approximate number of users,number,False,,Estimate is acceptable.
cloudflare_monthly_management,Cloudflare Monthly Management,Website & SEO,devices_count,Approximate number of devices,number,False,,"Include computers, phones, tablets, printers, network gear, and cameras if relevant."
cloudflare_monthly_management,Cloudflare Monthly Management,Website & SEO,current_provider,"Current provider/platform, if known",text,False,,"Examples: Microsoft 365, Google Workspace, Cloudflare, GoDaddy, UniFi, Comcast, Spectrum, WordPress."
cloudflare_monthly_management,Cloudflare Monthly Management,Website & SEO,admin_access_available,Do you have authorized admin access?,select,True,Yes;No;Not sure,Do not paste credentials into this form. Maine Cyber Tech will coordinate safe access separately.
cloudflare_monthly_management,Cloudflare Monthly Management,Website & SEO,primary_goal,What are you trying to accomplish?,textarea,True,,"Describe the business goal, pain point, risk, outage, or improvement you want."
cloudflare_monthly_management,Cloudflare Monthly Management,Website & SEO,website_url,Website URL,url,False,,
cloudflare_monthly_management,Cloudflare Monthly Management,Website & SEO,target_locations,Target towns/service area,textarea,False,,
cloudflare_monthly_management,Cloudflare Monthly Management,Website & SEO,target_services,Target services/products,textarea,False,,
domain_protection_pack,Domain Protection Pack,Website & SEO,business_name,Business name,text,True,,Legal or public-facing business name.
domain_protection_pack,Domain Protection Pack,Website & SEO,contact_name,Primary contact name,text,True,,Main person Maine Cyber Tech should coordinate with.
domain_protection_pack,Domain Protection Pack,Website & SEO,contact_email,Primary contact email,email,True,,"Used for scheduling, service updates, and deliverables."
domain_protection_pack,Domain Protection Pack,Website & SEO,contact_phone,Best phone number,tel,False,,"Useful for urgent, onsite, or access-sensitive work."
domain_protection_pack,Domain Protection Pack,Website & SEO,business_address,Business address or service location,textarea,False,,"Required for onsite, Wi-Fi, network, camera, hardware, or location-specific services."
domain_protection_pack,Domain Protection Pack,Website & SEO,urgency,How urgent is this request?,select,True,Not urgent;This week;ASAP;Emergency,Emergency work may require separate emergency support terms.
domain_protection_pack,Domain Protection Pack,Website & SEO,users_count,Approximate number of users,number,False,,Estimate is acceptable.
domain_protection_pack,Domain Protection Pack,Website & SEO,devices_count,Approximate number of devices,number,False,,"Include computers, phones, tablets, printers, network gear, and cameras if relevant."
domain_protection_pack,Domain Protection Pack,Website & SEO,current_provider,"Current provider/platform, if known",text,False,,"Examples: Microsoft 365, Google Workspace, Cloudflare, GoDaddy, UniFi, Comcast, Spectrum, WordPress."
domain_protection_pack,Domain Protection Pack,Website & SEO,admin_access_available,Do you have authorized admin access?,select,True,Yes;No;Not sure,Do not paste credentials into this form. Maine Cyber Tech will coordinate safe access separately.
domain_protection_pack,Domain Protection Pack,Website & SEO,primary_goal,What are you trying to accomplish?,textarea,True,,"Describe the business goal, pain point, risk, outage, or improvement you want."
domain_protection_pack,Domain Protection Pack,Website & SEO,website_url,Website URL,url,False,,
domain_protection_pack,Domain Protection Pack,Website & SEO,target_locations,Target towns/service area,textarea,False,,
domain_protection_pack,Domain Protection Pack,Website & SEO,target_services,Target services/products,textarea,False,,
cyber_insurance_questionnaire_help,Cyber Insurance Questionnaire Help,Compliance & Policies,business_name,Business name,text,True,,Legal or public-facing business name.
cyber_insurance_questionnaire_help,Cyber Insurance Questionnaire Help,Compliance & Policies,contact_name,Primary contact name,text,True,,Main person Maine Cyber Tech should coordinate with.
cyber_insurance_questionnaire_help,Cyber Insurance Questionnaire Help,Compliance & Policies,contact_email,Primary contact email,email,True,,"Used for scheduling, service updates, and deliverables."
cyber_insurance_questionnaire_help,Cyber Insurance Questionnaire Help,Compliance & Policies,contact_phone,Best phone number,tel,False,,"Useful for urgent, onsite, or access-sensitive work."
cyber_insurance_questionnaire_help,Cyber Insurance Questionnaire Help,Compliance & Policies,business_address,Business address or service location,textarea,False,,"Required for onsite, Wi-Fi, network, camera, hardware, or location-specific services."
cyber_insurance_questionnaire_help,Cyber Insurance Questionnaire Help,Compliance & Policies,urgency,How urgent is this request?,select,True,Not urgent;This week;ASAP;Emergency,Emergency work may require separate emergency support terms.
cyber_insurance_questionnaire_help,Cyber Insurance Questionnaire Help,Compliance & Policies,users_count,Approximate number of users,number,False,,Estimate is acceptable.
cyber_insurance_questionnaire_help,Cyber Insurance Questionnaire Help,Compliance & Policies,devices_count,Approximate number of devices,number,False,,"Include computers, phones, tablets, printers, network gear, and cameras if relevant."
cyber_insurance_questionnaire_help,Cyber Insurance Questionnaire Help,Compliance & Policies,current_provider,"Current provider/platform, if known",text,False,,"Examples: Microsoft 365, Google Workspace, Cloudflare, GoDaddy, UniFi, Comcast, Spectrum, WordPress."
cyber_insurance_questionnaire_help,Cyber Insurance Questionnaire Help,Compliance & Policies,admin_access_available,Do you have authorized admin access?,select,True,Yes;No;Not sure,Do not paste credentials into this form. Maine Cyber Tech will coordinate safe access separately.
cyber_insurance_questionnaire_help,Cyber Insurance Questionnaire Help,Compliance & Policies,primary_goal,What are you trying to accomplish?,textarea,True,,"Describe the business goal, pain point, risk, outage, or improvement you want."
cyber_insurance_questionnaire_help,Cyber Insurance Questionnaire Help,Compliance & Policies,compliance_driver,Compliance driver,select,False,Cyber insurance;Customer/vendor requirement;HIPAA-adjacent;PCI/payment handling;Internal best practice;Not sure,
cyber_insurance_questionnaire_help,Cyber Insurance Questionnaire Help,Compliance & Policies,existing_policies,Existing policies/documents,textarea,False,,
acceptable_use_policy_starter,Acceptable Use Policy Starter,Compliance & Policies,business_name,Business name,text,True,,Legal or public-facing business name.
acceptable_use_policy_starter,Acceptable Use Policy Starter,Compliance & Policies,contact_name,Primary contact name,text,True,,Main person Maine Cyber Tech should coordinate with.
acceptable_use_policy_starter,Acceptable Use Policy Starter,Compliance & Policies,contact_email,Primary contact email,email,True,,"Used for scheduling, service updates, and deliverables."
acceptable_use_policy_starter,Acceptable Use Policy Starter,Compliance & Policies,contact_phone,Best phone number,tel,False,,"Useful for urgent, onsite, or access-sensitive work."
acceptable_use_policy_starter,Acceptable Use Policy Starter,Compliance & Policies,business_address,Business address or service location,textarea,False,,"Required for onsite, Wi-Fi, network, camera, hardware, or location-specific services."
acceptable_use_policy_starter,Acceptable Use Policy Starter,Compliance & Policies,urgency,How urgent is this request?,select,True,Not urgent;This week;ASAP;Emergency,Emergency work may require separate emergency support terms.
acceptable_use_policy_starter,Acceptable Use Policy Starter,Compliance & Policies,users_count,Approximate number of users,number,False,,Estimate is acceptable.
acceptable_use_policy_starter,Acceptable Use Policy Starter,Compliance & Policies,devices_count,Approximate number of devices,number,False,,"Include computers, phones, tablets, printers, network gear, and cameras if relevant."
acceptable_use_policy_starter,Acceptable Use Policy Starter,Compliance & Policies,current_provider,"Current provider/platform, if known",text,False,,"Examples: Microsoft 365, Google Workspace, Cloudflare, GoDaddy, UniFi, Comcast, Spectrum, WordPress."
acceptable_use_policy_starter,Acceptable Use Policy Starter,Compliance & Policies,admin_access_available,Do you have authorized admin access?,select,True,Yes;No;Not sure,Do not paste credentials into this form. Maine Cyber Tech will coordinate safe access separately.
acceptable_use_policy_starter,Acceptable Use Policy Starter,Compliance & Policies,primary_goal,What are you trying to accomplish?,textarea,True,,"Describe the business goal, pain point, risk, outage, or improvement you want."
acceptable_use_policy_starter,Acceptable Use Policy Starter,Compliance & Policies,compliance_driver,Compliance driver,select,False,Cyber insurance;Customer/vendor requirement;HIPAA-adjacent;PCI/payment handling;Internal best practice;Not sure,
acceptable_use_policy_starter,Acceptable Use Policy Starter,Compliance & Policies,existing_policies,Existing policies/documents,textarea,False,,
password_policy_starter,Password Policy Starter,Compliance & Policies,business_name,Business name,text,True,,Legal or public-facing business name.
password_policy_starter,Password Policy Starter,Compliance & Policies,contact_name,Primary contact name,text,True,,Main person Maine Cyber Tech should coordinate with.
password_policy_starter,Password Policy Starter,Compliance & Policies,contact_email,Primary contact email,email,True,,"Used for scheduling, service updates, and deliverables."
password_policy_starter,Password Policy Starter,Compliance & Policies,contact_phone,Best phone number,tel,False,,"Useful for urgent, onsite, or access-sensitive work."
password_policy_starter,Password Policy Starter,Compliance & Policies,business_address,Business address or service location,textarea,False,,"Required for onsite, Wi-Fi, network, camera, hardware, or location-specific services."
password_policy_starter,Password Policy Starter,Compliance & Policies,urgency,How urgent is this request?,select,True,Not urgent;This week;ASAP;Emergency,Emergency work may require separate emergency support terms.
password_policy_starter,Password Policy Starter,Compliance & Policies,users_count,Approximate number of users,number,False,,Estimate is acceptable.
password_policy_starter,Password Policy Starter,Compliance & Policies,devices_count,Approximate number of devices,number,False,,"Include computers, phones, tablets, printers, network gear, and cameras if relevant."
password_policy_starter,Password Policy Starter,Compliance & Policies,current_provider,"Current provider/platform, if known",text,False,,"Examples: Microsoft 365, Google Workspace, Cloudflare, GoDaddy, UniFi, Comcast, Spectrum, WordPress."
password_policy_starter,Password Policy Starter,Compliance & Policies,admin_access_available,Do you have authorized admin access?,select,True,Yes;No;Not sure,Do not paste credentials into this form. Maine Cyber Tech will coordinate safe access separately.
password_policy_starter,Password Policy Starter,Compliance & Policies,primary_goal,What are you trying to accomplish?,textarea,True,,"Describe the business goal, pain point, risk, outage, or improvement you want."
password_policy_starter,Password Policy Starter,Compliance & Policies,compliance_driver,Compliance driver,select,False,Cyber insurance;Customer/vendor requirement;HIPAA-adjacent;PCI/payment handling;Internal best practice;Not sure,
password_policy_starter,Password Policy Starter,Compliance & Policies,existing_policies,Existing policies/documents,textarea,False,,
data_backup_policy_starter,Data Backup Policy Starter,Compliance & Policies,business_name,Business name,text,True,,Legal or public-facing business name.
data_backup_policy_starter,Data Backup Policy Starter,Compliance & Policies,contact_name,Primary contact name,text,True,,Main person Maine Cyber Tech should coordinate with.
data_backup_policy_starter,Data Backup Policy Starter,Compliance & Policies,contact_email,Primary contact email,email,True,,"Used for scheduling, service updates, and deliverables."
data_backup_policy_starter,Data Backup Policy Starter,Compliance & Policies,contact_phone,Best phone number,tel,False,,"Useful for urgent, onsite, or access-sensitive work."
data_backup_policy_starter,Data Backup Policy Starter,Compliance & Policies,business_address,Business address or service location,textarea,False,,"Required for onsite, Wi-Fi, network, camera, hardware, or location-specific services."
data_backup_policy_starter,Data Backup Policy Starter,Compliance & Policies,urgency,How urgent is this request?,select,True,Not urgent;This week;ASAP;Emergency,Emergency work may require separate emergency support terms.
data_backup_policy_starter,Data Backup Policy Starter,Compliance & Policies,users_count,Approximate number of users,number,False,,Estimate is acceptable.
data_backup_policy_starter,Data Backup Policy Starter,Compliance & Policies,devices_count,Approximate number of devices,number,False,,"Include computers, phones, tablets, printers, network gear, and cameras if relevant."
data_backup_policy_starter,Data Backup Policy Starter,Compliance & Policies,current_provider,"Current provider/platform, if known",text,False,,"Examples: Microsoft 365, Google Workspace, Cloudflare, GoDaddy, UniFi, Comcast, Spectrum, WordPress."
data_backup_policy_starter,Data Backup Policy Starter,Compliance & Policies,admin_access_available,Do you have authorized admin access?,select,True,Yes;No;Not sure,Do not paste credentials into this form. Maine Cyber Tech will coordinate safe access separately.
data_backup_policy_starter,Data Backup Policy Starter,Compliance & Policies,primary_goal,What are you trying to accomplish?,textarea,True,,"Describe the business goal, pain point, risk, outage, or improvement you want."
data_backup_policy_starter,Data Backup Policy Starter,Compliance & Policies,compliance_driver,Compliance driver,select,False,Cyber insurance;Customer/vendor requirement;HIPAA-adjacent;PCI/payment handling;Internal best practice;Not sure,
data_backup_policy_starter,Data Backup Policy Starter,Compliance & Policies,existing_policies,Existing policies/documents,textarea,False,,
incident_response_policy_starter,Incident Response Policy Starter,Compliance & Policies,business_name,Business name,text,True,,Legal or public-facing business name.
incident_response_policy_starter,Incident Response Policy Starter,Compliance & Policies,contact_name,Primary contact name,text,True,,Main person Maine Cyber Tech should coordinate with.
incident_response_policy_starter,Incident Response Policy Starter,Compliance & Policies,contact_email,Primary contact email,email,True,,"Used for scheduling, service updates, and deliverables."
incident_response_policy_starter,Incident Response Policy Starter,Compliance & Policies,contact_phone,Best phone number,tel,False,,"Useful for urgent, onsite, or access-sensitive work."
incident_response_policy_starter,Incident Response Policy Starter,Compliance & Policies,business_address,Business address or service location,textarea,False,,"Required for onsite, Wi-Fi, network, camera, hardware, or location-specific services."
incident_response_policy_starter,Incident Response Policy Starter,Compliance & Policies,urgency,How urgent is this request?,select,True,Not urgent;This week;ASAP;Emergency,Emergency work may require separate emergency support terms.
incident_response_policy_starter,Incident Response Policy Starter,Compliance & Policies,users_count,Approximate number of users,number,False,,Estimate is acceptable.
incident_response_policy_starter,Incident Response Policy Starter,Compliance & Policies,devices_count,Approximate number of devices,number,False,,"Include computers, phones, tablets, printers, network gear, and cameras if relevant."
incident_response_policy_starter,Incident Response Policy Starter,Compliance & Policies,current_provider,"Current provider/platform, if known",text,False,,"Examples: Microsoft 365, Google Workspace, Cloudflare, GoDaddy, UniFi, Comcast, Spectrum, WordPress."
incident_response_policy_starter,Incident Response Policy Starter,Compliance & Policies,admin_access_available,Do you have authorized admin access?,select,True,Yes;No;Not sure,Do not paste credentials into this form. Maine Cyber Tech will coordinate safe access separately.
incident_response_policy_starter,Incident Response Policy Starter,Compliance & Policies,primary_goal,What are you trying to accomplish?,textarea,True,,"Describe the business goal, pain point, risk, outage, or improvement you want."
incident_response_policy_starter,Incident Response Policy Starter,Compliance & Policies,compliance_driver,Compliance driver,select,False,Cyber insurance;Customer/vendor requirement;HIPAA-adjacent;PCI/payment handling;Internal best practice;Not sure,
incident_response_policy_starter,Incident Response Policy Starter,Compliance & Policies,existing_policies,Existing policies/documents,textarea,False,,
vendor_access_policy_starter,Vendor Access Policy Starter,Compliance & Policies,business_name,Business name,text,True,,Legal or public-facing business name.
vendor_access_policy_starter,Vendor Access Policy Starter,Compliance & Policies,contact_name,Primary contact name,text,True,,Main person Maine Cyber Tech should coordinate with.
vendor_access_policy_starter,Vendor Access Policy Starter,Compliance & Policies,contact_email,Primary contact email,email,True,,"Used for scheduling, service updates, and deliverables."
vendor_access_policy_starter,Vendor Access Policy Starter,Compliance & Policies,contact_phone,Best phone number,tel,False,,"Useful for urgent, onsite, or access-sensitive work."
vendor_access_policy_starter,Vendor Access Policy Starter,Compliance & Policies,business_address,Business address or service location,textarea,False,,"Required for onsite, Wi-Fi, network, camera, hardware, or location-specific services."
vendor_access_policy_starter,Vendor Access Policy Starter,Compliance & Policies,urgency,How urgent is this request?,select,True,Not urgent;This week;ASAP;Emergency,Emergency work may require separate emergency support terms.
vendor_access_policy_starter,Vendor Access Policy Starter,Compliance & Policies,users_count,Approximate number of users,number,False,,Estimate is acceptable.
vendor_access_policy_starter,Vendor Access Policy Starter,Compliance & Policies,devices_count,Approximate number of devices,number,False,,"Include computers, phones, tablets, printers, network gear, and cameras if relevant."
vendor_access_policy_starter,Vendor Access Policy Starter,Compliance & Policies,current_provider,"Current provider/platform, if known",text,False,,"Examples: Microsoft 365, Google Workspace, Cloudflare, GoDaddy, UniFi, Comcast, Spectrum, WordPress."
vendor_access_policy_starter,Vendor Access Policy Starter,Compliance & Policies,admin_access_available,Do you have authorized admin access?,select,True,Yes;No;Not sure,Do not paste credentials into this form. Maine Cyber Tech will coordinate safe access separately.
vendor_access_policy_starter,Vendor Access Policy Starter,Compliance & Policies,primary_goal,What are you trying to accomplish?,textarea,True,,"Describe the business goal, pain point, risk, outage, or improvement you want."
vendor_access_policy_starter,Vendor Access Policy Starter,Compliance & Policies,compliance_driver,Compliance driver,select,False,Cyber insurance;Customer/vendor requirement;HIPAA-adjacent;PCI/payment handling;Internal best practice;Not sure,
vendor_access_policy_starter,Vendor Access Policy Starter,Compliance & Policies,existing_policies,Existing policies/documents,textarea,False,,
employee_offboarding_checklist,Employee Offboarding Checklist,Compliance & Policies,business_name,Business name,text,True,,Legal or public-facing business name.
employee_offboarding_checklist,Employee Offboarding Checklist,Compliance & Policies,contact_name,Primary contact name,text,True,,Main person Maine Cyber Tech should coordinate with.
employee_offboarding_checklist,Employee Offboarding Checklist,Compliance & Policies,contact_email,Primary contact email,email,True,,"Used for scheduling, service updates, and deliverables."
employee_offboarding_checklist,Employee Offboarding Checklist,Compliance & Policies,contact_phone,Best phone number,tel,False,,"Useful for urgent, onsite, or access-sensitive work."
employee_offboarding_checklist,Employee Offboarding Checklist,Compliance & Policies,business_address,Business address or service location,textarea,False,,"Required for onsite, Wi-Fi, network, camera, hardware, or location-specific services."
employee_offboarding_checklist,Employee Offboarding Checklist,Compliance & Policies,urgency,How urgent is this request?,select,True,Not urgent;This week;ASAP;Emergency,Emergency work may require separate emergency support terms.
employee_offboarding_checklist,Employee Offboarding Checklist,Compliance & Policies,users_count,Approximate number of users,number,False,,Estimate is acceptable.
employee_offboarding_checklist,Employee Offboarding Checklist,Compliance & Policies,devices_count,Approximate number of devices,number,False,,"Include computers, phones, tablets, printers, network gear, and cameras if relevant."
employee_offboarding_checklist,Employee Offboarding Checklist,Compliance & Policies,current_provider,"Current provider/platform, if known",text,False,,"Examples: Microsoft 365, Google Workspace, Cloudflare, GoDaddy, UniFi, Comcast, Spectrum, WordPress."
employee_offboarding_checklist,Employee Offboarding Checklist,Compliance & Policies,admin_access_available,Do you have authorized admin access?,select,True,Yes;No;Not sure,Do not paste credentials into this form. Maine Cyber Tech will coordinate safe access separately.
employee_offboarding_checklist,Employee Offboarding Checklist,Compliance & Policies,primary_goal,What are you trying to accomplish?,textarea,True,,"Describe the business goal, pain point, risk, outage, or improvement you want."
employee_offboarding_checklist,Employee Offboarding Checklist,Compliance & Policies,compliance_driver,Compliance driver,select,False,Cyber insurance;Customer/vendor requirement;HIPAA-adjacent;PCI/payment handling;Internal best practice;Not sure,
employee_offboarding_checklist,Employee Offboarding Checklist,Compliance & Policies,existing_policies,Existing policies/documents,textarea,False,,
asset_inventory_starter,Asset Inventory Starter,Compliance & Policies,business_name,Business name,text,True,,Legal or public-facing business name.
asset_inventory_starter,Asset Inventory Starter,Compliance & Policies,contact_name,Primary contact name,text,True,,Main person Maine Cyber Tech should coordinate with.
asset_inventory_starter,Asset Inventory Starter,Compliance & Policies,contact_email,Primary contact email,email,True,,"Used for scheduling, service updates, and deliverables."
asset_inventory_starter,Asset Inventory Starter,Compliance & Policies,contact_phone,Best phone number,tel,False,,"Useful for urgent, onsite, or access-sensitive work."
asset_inventory_starter,Asset Inventory Starter,Compliance & Policies,business_address,Business address or service location,textarea,False,,"Required for onsite, Wi-Fi, network, camera, hardware, or location-specific services."
asset_inventory_starter,Asset Inventory Starter,Compliance & Policies,urgency,How urgent is this request?,select,True,Not urgent;This week;ASAP;Emergency,Emergency work may require separate emergency support terms.
asset_inventory_starter,Asset Inventory Starter,Compliance & Policies,users_count,Approximate number of users,number,False,,Estimate is acceptable.
asset_inventory_starter,Asset Inventory Starter,Compliance & Policies,devices_count,Approximate number of devices,number,False,,"Include computers, phones, tablets, printers, network gear, and cameras if relevant."
asset_inventory_starter,Asset Inventory Starter,Compliance & Policies,current_provider,"Current provider/platform, if known",text,False,,"Examples: Microsoft 365, Google Workspace, Cloudflare, GoDaddy, UniFi, Comcast, Spectrum, WordPress."
asset_inventory_starter,Asset Inventory Starter,Compliance & Policies,admin_access_available,Do you have authorized admin access?,select,True,Yes;No;Not sure,Do not paste credentials into this form. Maine Cyber Tech will coordinate safe access separately.
asset_inventory_starter,Asset Inventory Starter,Compliance & Policies,primary_goal,What are you trying to accomplish?,textarea,True,,"Describe the business goal, pain point, risk, outage, or improvement you want."
asset_inventory_starter,Asset Inventory Starter,Compliance & Policies,compliance_driver,Compliance driver,select,False,Cyber insurance;Customer/vendor requirement;HIPAA-adjacent;PCI/payment handling;Internal best practice;Not sure,
asset_inventory_starter,Asset Inventory Starter,Compliance & Policies,existing_policies,Existing policies/documents,textarea,False,,
security_awareness_policy_starter,Security Awareness Policy Starter,Compliance & Policies,business_name,Business name,text,True,,Legal or public-facing business name.
security_awareness_policy_starter,Security Awareness Policy Starter,Compliance & Policies,contact_name,Primary contact name,text,True,,Main person Maine Cyber Tech should coordinate with.
security_awareness_policy_starter,Security Awareness Policy Starter,Compliance & Policies,contact_email,Primary contact email,email,True,,"Used for scheduling, service updates, and deliverables."
security_awareness_policy_starter,Security Awareness Policy Starter,Compliance & Policies,contact_phone,Best phone number,tel,False,,"Useful for urgent, onsite, or access-sensitive work."
security_awareness_policy_starter,Security Awareness Policy Starter,Compliance & Policies,business_address,Business address or service location,textarea,False,,"Required for onsite, Wi-Fi, network, camera, hardware, or location-specific services."
security_awareness_policy_starter,Security Awareness Policy Starter,Compliance & Policies,urgency,How urgent is this request?,select,True,Not urgent;This week;ASAP;Emergency,Emergency work may require separate emergency support terms.
security_awareness_policy_starter,Security Awareness Policy Starter,Compliance & Policies,users_count,Approximate number of users,number,False,,Estimate is acceptable.
security_awareness_policy_starter,Security Awareness Policy Starter,Compliance & Policies,devices_count,Approximate number of devices,number,False,,"Include computers, phones, tablets, printers, network gear, and cameras if relevant."
security_awareness_policy_starter,Security Awareness Policy Starter,Compliance & Policies,current_provider,"Current provider/platform, if known",text,False,,"Examples: Microsoft 365, Google Workspace, Cloudflare, GoDaddy, UniFi, Comcast, Spectrum, WordPress."
security_awareness_policy_starter,Security Awareness Policy Starter,Compliance & Policies,admin_access_available,Do you have authorized admin access?,select,True,Yes;No;Not sure,Do not paste credentials into this form. Maine Cyber Tech will coordinate safe access separately.
security_awareness_policy_starter,Security Awareness Policy Starter,Compliance & Policies,primary_goal,What are you trying to accomplish?,textarea,True,,"Describe the business goal, pain point, risk, outage, or improvement you want."
security_awareness_policy_starter,Security Awareness Policy Starter,Compliance & Policies,compliance_driver,Compliance driver,select,False,Cyber insurance;Customer/vendor requirement;HIPAA-adjacent;PCI/payment handling;Internal best practice;Not sure,
security_awareness_policy_starter,Security Awareness Policy Starter,Compliance & Policies,existing_policies,Existing policies/documents,textarea,False,,
remote_work_policy_starter,Remote Work Policy Starter,Compliance & Policies,business_name,Business name,text,True,,Legal or public-facing business name.
remote_work_policy_starter,Remote Work Policy Starter,Compliance & Policies,contact_name,Primary contact name,text,True,,Main person Maine Cyber Tech should coordinate with.
remote_work_policy_starter,Remote Work Policy Starter,Compliance & Policies,contact_email,Primary contact email,email,True,,"Used for scheduling, service updates, and deliverables."
remote_work_policy_starter,Remote Work Policy Starter,Compliance & Policies,contact_phone,Best phone number,tel,False,,"Useful for urgent, onsite, or access-sensitive work."
remote_work_policy_starter,Remote Work Policy Starter,Compliance & Policies,business_address,Business address or service location,textarea,False,,"Required for onsite, Wi-Fi, network, camera, hardware, or location-specific services."
remote_work_policy_starter,Remote Work Policy Starter,Compliance & Policies,urgency,How urgent is this request?,select,True,Not urgent;This week;ASAP;Emergency,Emergency work may require separate emergency support terms.
remote_work_policy_starter,Remote Work Policy Starter,Compliance & Policies,users_count,Approximate number of users,number,False,,Estimate is acceptable.
remote_work_policy_starter,Remote Work Policy Starter,Compliance & Policies,devices_count,Approximate number of devices,number,False,,"Include computers, phones, tablets, printers, network gear, and cameras if relevant."
remote_work_policy_starter,Remote Work Policy Starter,Compliance & Policies,current_provider,"Current provider/platform, if known",text,False,,"Examples: Microsoft 365, Google Workspace, Cloudflare, GoDaddy, UniFi, Comcast, Spectrum, WordPress."
remote_work_policy_starter,Remote Work Policy Starter,Compliance & Policies,admin_access_available,Do you have authorized admin access?,select,True,Yes;No;Not sure,Do not paste credentials into this form. Maine Cyber Tech will coordinate safe access separately.
remote_work_policy_starter,Remote Work Policy Starter,Compliance & Policies,primary_goal,What are you trying to accomplish?,textarea,True,,"Describe the business goal, pain point, risk, outage, or improvement you want."
remote_work_policy_starter,Remote Work Policy Starter,Compliance & Policies,compliance_driver,Compliance driver,select,False,Cyber insurance;Customer/vendor requirement;HIPAA-adjacent;PCI/payment handling;Internal best practice;Not sure,
remote_work_policy_starter,Remote Work Policy Starter,Compliance & Policies,existing_policies,Existing policies/documents,textarea,False,,
cyber_insurance_readiness_bundle,Cyber Insurance Readiness Bundle,Compliance & Policies,business_name,Business name,text,True,,Legal or public-facing business name.
cyber_insurance_readiness_bundle,Cyber Insurance Readiness Bundle,Compliance & Policies,contact_name,Primary contact name,text,True,,Main person Maine Cyber Tech should coordinate with.
cyber_insurance_readiness_bundle,Cyber Insurance Readiness Bundle,Compliance & Policies,contact_email,Primary contact email,email,True,,"Used for scheduling, service updates, and deliverables."
cyber_insurance_readiness_bundle,Cyber Insurance Readiness Bundle,Compliance & Policies,contact_phone,Best phone number,tel,False,,"Useful for urgent, onsite, or access-sensitive work."
cyber_insurance_readiness_bundle,Cyber Insurance Readiness Bundle,Compliance & Policies,business_address,Business address or service location,textarea,False,,"Required for onsite, Wi-Fi, network, camera, hardware, or location-specific services."
cyber_insurance_readiness_bundle,Cyber Insurance Readiness Bundle,Compliance & Policies,urgency,How urgent is this request?,select,True,Not urgent;This week;ASAP;Emergency,Emergency work may require separate emergency support terms.
cyber_insurance_readiness_bundle,Cyber Insurance Readiness Bundle,Compliance & Policies,users_count,Approximate number of users,number,False,,Estimate is acceptable.
cyber_insurance_readiness_bundle,Cyber Insurance Readiness Bundle,Compliance & Policies,devices_count,Approximate number of devices,number,False,,"Include computers, phones, tablets, printers, network gear, and cameras if relevant."
cyber_insurance_readiness_bundle,Cyber Insurance Readiness Bundle,Compliance & Policies,current_provider,"Current provider/platform, if known",text,False,,"Examples: Microsoft 365, Google Workspace, Cloudflare, GoDaddy, UniFi, Comcast, Spectrum, WordPress."
cyber_insurance_readiness_bundle,Cyber Insurance Readiness Bundle,Compliance & Policies,admin_access_available,Do you have authorized admin access?,select,True,Yes;No;Not sure,Do not paste credentials into this form. Maine Cyber Tech will coordinate safe access separately.
cyber_insurance_readiness_bundle,Cyber Insurance Readiness Bundle,Compliance & Policies,primary_goal,What are you trying to accomplish?,textarea,True,,"Describe the business goal, pain point, risk, outage, or improvement you want."
cyber_insurance_readiness_bundle,Cyber Insurance Readiness Bundle,Compliance & Policies,compliance_driver,Compliance driver,select,False,Cyber insurance;Customer/vendor requirement;HIPAA-adjacent;PCI/payment handling;Internal best practice;Not sure,
cyber_insurance_readiness_bundle,Cyber Insurance Readiness Bundle,Compliance & Policies,existing_policies,Existing policies/documents,textarea,False,,
small_business_policy_pack,Small Business Policy Pack,Compliance & Policies,business_name,Business name,text,True,,Legal or public-facing business name.
small_business_policy_pack,Small Business Policy Pack,Compliance & Policies,contact_name,Primary contact name,text,True,,Main person Maine Cyber Tech should coordinate with.
small_business_policy_pack,Small Business Policy Pack,Compliance & Policies,contact_email,Primary contact email,email,True,,"Used for scheduling, service updates, and deliverables."
small_business_policy_pack,Small Business Policy Pack,Compliance & Policies,contact_phone,Best phone number,tel,False,,"Useful for urgent, onsite, or access-sensitive work."
small_business_policy_pack,Small Business Policy Pack,Compliance & Policies,business_address,Business address or service location,textarea,False,,"Required for onsite, Wi-Fi, network, camera, hardware, or location-specific services."
small_business_policy_pack,Small Business Policy Pack,Compliance & Policies,urgency,How urgent is this request?,select,True,Not urgent;This week;ASAP;Emergency,Emergency work may require separate emergency support terms.
small_business_policy_pack,Small Business Policy Pack,Compliance & Policies,users_count,Approximate number of users,number,False,,Estimate is acceptable.
small_business_policy_pack,Small Business Policy Pack,Compliance & Policies,devices_count,Approximate number of devices,number,False,,"Include computers, phones, tablets, printers, network gear, and cameras if relevant."
small_business_policy_pack,Small Business Policy Pack,Compliance & Policies,current_provider,"Current provider/platform, if known",text,False,,"Examples: Microsoft 365, Google Workspace, Cloudflare, GoDaddy, UniFi, Comcast, Spectrum, WordPress."
small_business_policy_pack,Small Business Policy Pack,Compliance & Policies,admin_access_available,Do you have authorized admin access?,select,True,Yes;No;Not sure,Do not paste credentials into this form. Maine Cyber Tech will coordinate safe access separately.
small_business_policy_pack,Small Business Policy Pack,Compliance & Policies,primary_goal,What are you trying to accomplish?,textarea,True,,"Describe the business goal, pain point, risk, outage, or improvement you want."
small_business_policy_pack,Small Business Policy Pack,Compliance & Policies,compliance_driver,Compliance driver,select,False,Cyber insurance;Customer/vendor requirement;HIPAA-adjacent;PCI/payment handling;Internal best practice;Not sure,
small_business_policy_pack,Small Business Policy Pack,Compliance & Policies,existing_policies,Existing policies/documents,textarea,False,,
compliance_foundation_bundle,Compliance Foundation Bundle,Compliance & Policies,business_name,Business name,text,True,,Legal or public-facing business name.
compliance_foundation_bundle,Compliance Foundation Bundle,Compliance & Policies,contact_name,Primary contact name,text,True,,Main person Maine Cyber Tech should coordinate with.
compliance_foundation_bundle,Compliance Foundation Bundle,Compliance & Policies,contact_email,Primary contact email,email,True,,"Used for scheduling, service updates, and deliverables."
compliance_foundation_bundle,Compliance Foundation Bundle,Compliance & Policies,contact_phone,Best phone number,tel,False,,"Useful for urgent, onsite, or access-sensitive work."
compliance_foundation_bundle,Compliance Foundation Bundle,Compliance & Policies,business_address,Business address or service location,textarea,False,,"Required for onsite, Wi-Fi, network, camera, hardware, or location-specific services."
compliance_foundation_bundle,Compliance Foundation Bundle,Compliance & Policies,urgency,How urgent is this request?,select,True,Not urgent;This week;ASAP;Emergency,Emergency work may require separate emergency support terms.
compliance_foundation_bundle,Compliance Foundation Bundle,Compliance & Policies,users_count,Approximate number of users,number,False,,Estimate is acceptable.
compliance_foundation_bundle,Compliance Foundation Bundle,Compliance & Policies,devices_count,Approximate number of devices,number,False,,"Include computers, phones, tablets, printers, network gear, and cameras if relevant."
compliance_foundation_bundle,Compliance Foundation Bundle,Compliance & Policies,current_provider,"Current provider/platform, if known",text,False,,"Examples: Microsoft 365, Google Workspace, Cloudflare, GoDaddy, UniFi, Comcast, Spectrum, WordPress."
compliance_foundation_bundle,Compliance Foundation Bundle,Compliance & Policies,admin_access_available,Do you have authorized admin access?,select,True,Yes;No;Not sure,Do not paste credentials into this form. Maine Cyber Tech will coordinate safe access separately.
compliance_foundation_bundle,Compliance Foundation Bundle,Compliance & Policies,primary_goal,What are you trying to accomplish?,textarea,True,,"Describe the business goal, pain point, risk, outage, or improvement you want."
compliance_foundation_bundle,Compliance Foundation Bundle,Compliance & Policies,compliance_driver,Compliance driver,select,False,Cyber insurance;Customer/vendor requirement;HIPAA-adjacent;PCI/payment handling;Internal best practice;Not sure,
compliance_foundation_bundle,Compliance Foundation Bundle,Compliance & Policies,existing_policies,Existing policies/documents,textarea,False,,
risk_register_starter,Risk Register Starter,Compliance & Policies,business_name,Business name,text,True,,Legal or public-facing business name.
risk_register_starter,Risk Register Starter,Compliance & Policies,contact_name,Primary contact name,text,True,,Main person Maine Cyber Tech should coordinate with.
risk_register_starter,Risk Register Starter,Compliance & Policies,contact_email,Primary contact email,email,True,,"Used for scheduling, service updates, and deliverables."
risk_register_starter,Risk Register Starter,Compliance & Policies,contact_phone,Best phone number,tel,False,,"Useful for urgent, onsite, or access-sensitive work."
risk_register_starter,Risk Register Starter,Compliance & Policies,business_address,Business address or service location,textarea,False,,"Required for onsite, Wi-Fi, network, camera, hardware, or location-specific services."
risk_register_starter,Risk Register Starter,Compliance & Policies,urgency,How urgent is this request?,select,True,Not urgent;This week;ASAP;Emergency,Emergency work may require separate emergency support terms.
risk_register_starter,Risk Register Starter,Compliance & Policies,users_count,Approximate number of users,number,False,,Estimate is acceptable.
risk_register_starter,Risk Register Starter,Compliance & Policies,devices_count,Approximate number of devices,number,False,,"Include computers, phones, tablets, printers, network gear, and cameras if relevant."
risk_register_starter,Risk Register Starter,Compliance & Policies,current_provider,"Current provider/platform, if known",text,False,,"Examples: Microsoft 365, Google Workspace, Cloudflare, GoDaddy, UniFi, Comcast, Spectrum, WordPress."
risk_register_starter,Risk Register Starter,Compliance & Policies,admin_access_available,Do you have authorized admin access?,select,True,Yes;No;Not sure,Do not paste credentials into this form. Maine Cyber Tech will coordinate safe access separately.
risk_register_starter,Risk Register Starter,Compliance & Policies,primary_goal,What are you trying to accomplish?,textarea,True,,"Describe the business goal, pain point, risk, outage, or improvement you want."
risk_register_starter,Risk Register Starter,Compliance & Policies,compliance_driver,Compliance driver,select,False,Cyber insurance;Customer/vendor requirement;HIPAA-adjacent;PCI/payment handling;Internal best practice;Not sure,
risk_register_starter,Risk Register Starter,Compliance & Policies,existing_policies,Existing policies/documents,textarea,False,,
quarterly_access_review,Quarterly Access Review,Compliance & Policies,business_name,Business name,text,True,,Legal or public-facing business name.
quarterly_access_review,Quarterly Access Review,Compliance & Policies,contact_name,Primary contact name,text,True,,Main person Maine Cyber Tech should coordinate with.
quarterly_access_review,Quarterly Access Review,Compliance & Policies,contact_email,Primary contact email,email,True,,"Used for scheduling, service updates, and deliverables."
quarterly_access_review,Quarterly Access Review,Compliance & Policies,contact_phone,Best phone number,tel,False,,"Useful for urgent, onsite, or access-sensitive work."
quarterly_access_review,Quarterly Access Review,Compliance & Policies,business_address,Business address or service location,textarea,False,,"Required for onsite, Wi-Fi, network, camera, hardware, or location-specific services."
quarterly_access_review,Quarterly Access Review,Compliance & Policies,urgency,How urgent is this request?,select,True,Not urgent;This week;ASAP;Emergency,Emergency work may require separate emergency support terms.
quarterly_access_review,Quarterly Access Review,Compliance & Policies,users_count,Approximate number of users,number,False,,Estimate is acceptable.
quarterly_access_review,Quarterly Access Review,Compliance & Policies,devices_count,Approximate number of devices,number,False,,"Include computers, phones, tablets, printers, network gear, and cameras if relevant."
quarterly_access_review,Quarterly Access Review,Compliance & Policies,current_provider,"Current provider/platform, if known",text,False,,"Examples: Microsoft 365, Google Workspace, Cloudflare, GoDaddy, UniFi, Comcast, Spectrum, WordPress."
quarterly_access_review,Quarterly Access Review,Compliance & Policies,admin_access_available,Do you have authorized admin access?,select,True,Yes;No;Not sure,Do not paste credentials into this form. Maine Cyber Tech will coordinate safe access separately.
quarterly_access_review,Quarterly Access Review,Compliance & Policies,primary_goal,What are you trying to accomplish?,textarea,True,,"Describe the business goal, pain point, risk, outage, or improvement you want."
quarterly_access_review,Quarterly Access Review,Compliance & Policies,compliance_driver,Compliance driver,select,False,Cyber insurance;Customer/vendor requirement;HIPAA-adjacent;PCI/payment handling;Internal best practice;Not sure,
quarterly_access_review,Quarterly Access Review,Compliance & Policies,existing_policies,Existing policies/documents,textarea,False,,
data_handling_checklist,Data Handling Checklist,Compliance & Policies,business_name,Business name,text,True,,Legal or public-facing business name.
data_handling_checklist,Data Handling Checklist,Compliance & Policies,contact_name,Primary contact name,text,True,,Main person Maine Cyber Tech should coordinate with.
data_handling_checklist,Data Handling Checklist,Compliance & Policies,contact_email,Primary contact email,email,True,,"Used for scheduling, service updates, and deliverables."
data_handling_checklist,Data Handling Checklist,Compliance & Policies,contact_phone,Best phone number,tel,False,,"Useful for urgent, onsite, or access-sensitive work."
data_handling_checklist,Data Handling Checklist,Compliance & Policies,business_address,Business address or service location,textarea,False,,"Required for onsite, Wi-Fi, network, camera, hardware, or location-specific services."
data_handling_checklist,Data Handling Checklist,Compliance & Policies,urgency,How urgent is this request?,select,True,Not urgent;This week;ASAP;Emergency,Emergency work may require separate emergency support terms.
data_handling_checklist,Data Handling Checklist,Compliance & Policies,users_count,Approximate number of users,number,False,,Estimate is acceptable.
data_handling_checklist,Data Handling Checklist,Compliance & Policies,devices_count,Approximate number of devices,number,False,,"Include computers, phones, tablets, printers, network gear, and cameras if relevant."
data_handling_checklist,Data Handling Checklist,Compliance & Policies,current_provider,"Current provider/platform, if known",text,False,,"Examples: Microsoft 365, Google Workspace, Cloudflare, GoDaddy, UniFi, Comcast, Spectrum, WordPress."
data_handling_checklist,Data Handling Checklist,Compliance & Policies,admin_access_available,Do you have authorized admin access?,select,True,Yes;No;Not sure,Do not paste credentials into this form. Maine Cyber Tech will coordinate safe access separately.
data_handling_checklist,Data Handling Checklist,Compliance & Policies,primary_goal,What are you trying to accomplish?,textarea,True,,"Describe the business goal, pain point, risk, outage, or improvement you want."
data_handling_checklist,Data Handling Checklist,Compliance & Policies,compliance_driver,Compliance driver,select,False,Cyber insurance;Customer/vendor requirement;HIPAA-adjacent;PCI/payment handling;Internal best practice;Not sure,
data_handling_checklist,Data Handling Checklist,Compliance & Policies,existing_policies,Existing policies/documents,textarea,False,,
pci_payment_handling_readiness_review,PCI/Payment Handling Readiness Review,Compliance & Policies,business_name,Business name,text,True,,Legal or public-facing business name.
pci_payment_handling_readiness_review,PCI/Payment Handling Readiness Review,Compliance & Policies,contact_name,Primary contact name,text,True,,Main person Maine Cyber Tech should coordinate with.
pci_payment_handling_readiness_review,PCI/Payment Handling Readiness Review,Compliance & Policies,contact_email,Primary contact email,email,True,,"Used for scheduling, service updates, and deliverables."
pci_payment_handling_readiness_review,PCI/Payment Handling Readiness Review,Compliance & Policies,contact_phone,Best phone number,tel,False,,"Useful for urgent, onsite, or access-sensitive work."
pci_payment_handling_readiness_review,PCI/Payment Handling Readiness Review,Compliance & Policies,business_address,Business address or service location,textarea,False,,"Required for onsite, Wi-Fi, network, camera, hardware, or location-specific services."
pci_payment_handling_readiness_review,PCI/Payment Handling Readiness Review,Compliance & Policies,urgency,How urgent is this request?,select,True,Not urgent;This week;ASAP;Emergency,Emergency work may require separate emergency support terms.
pci_payment_handling_readiness_review,PCI/Payment Handling Readiness Review,Compliance & Policies,users_count,Approximate number of users,number,False,,Estimate is acceptable.
pci_payment_handling_readiness_review,PCI/Payment Handling Readiness Review,Compliance & Policies,devices_count,Approximate number of devices,number,False,,"Include computers, phones, tablets, printers, network gear, and cameras if relevant."
pci_payment_handling_readiness_review,PCI/Payment Handling Readiness Review,Compliance & Policies,current_provider,"Current provider/platform, if known",text,False,,"Examples: Microsoft 365, Google Workspace, Cloudflare, GoDaddy, UniFi, Comcast, Spectrum, WordPress."
pci_payment_handling_readiness_review,PCI/Payment Handling Readiness Review,Compliance & Policies,admin_access_available,Do you have authorized admin access?,select,True,Yes;No;Not sure,Do not paste credentials into this form. Maine Cyber Tech will coordinate safe access separately.
pci_payment_handling_readiness_review,PCI/Payment Handling Readiness Review,Compliance & Policies,primary_goal,What are you trying to accomplish?,textarea,True,,"Describe the business goal, pain point, risk, outage, or improvement you want."
pci_payment_handling_readiness_review,PCI/Payment Handling Readiness Review,Compliance & Policies,compliance_driver,Compliance driver,select,False,Cyber insurance;Customer/vendor requirement;HIPAA-adjacent;PCI/payment handling;Internal best practice;Not sure,
pci_payment_handling_readiness_review,PCI/Payment Handling Readiness Review,Compliance & Policies,existing_policies,Existing policies/documents,textarea,False,,
hipaa_oriented_it_readiness_review,HIPAA-Oriented IT Readiness Review,Compliance & Policies,business_name,Business name,text,True,,Legal or public-facing business name.
hipaa_oriented_it_readiness_review,HIPAA-Oriented IT Readiness Review,Compliance & Policies,contact_name,Primary contact name,text,True,,Main person Maine Cyber Tech should coordinate with.
hipaa_oriented_it_readiness_review,HIPAA-Oriented IT Readiness Review,Compliance & Policies,contact_email,Primary contact email,email,True,,"Used for scheduling, service updates, and deliverables."
hipaa_oriented_it_readiness_review,HIPAA-Oriented IT Readiness Review,Compliance & Policies,contact_phone,Best phone number,tel,False,,"Useful for urgent, onsite, or access-sensitive work."
hipaa_oriented_it_readiness_review,HIPAA-Oriented IT Readiness Review,Compliance & Policies,business_address,Business address or service location,textarea,False,,"Required for onsite, Wi-Fi, network, camera, hardware, or location-specific services."
hipaa_oriented_it_readiness_review,HIPAA-Oriented IT Readiness Review,Compliance & Policies,urgency,How urgent is this request?,select,True,Not urgent;This week;ASAP;Emergency,Emergency work may require separate emergency support terms.
hipaa_oriented_it_readiness_review,HIPAA-Oriented IT Readiness Review,Compliance & Policies,users_count,Approximate number of users,number,False,,Estimate is acceptable.
hipaa_oriented_it_readiness_review,HIPAA-Oriented IT Readiness Review,Compliance & Policies,devices_count,Approximate number of devices,number,False,,"Include computers, phones, tablets, printers, network gear, and cameras if relevant."
hipaa_oriented_it_readiness_review,HIPAA-Oriented IT Readiness Review,Compliance & Policies,current_provider,"Current provider/platform, if known",text,False,,"Examples: Microsoft 365, Google Workspace, Cloudflare, GoDaddy, UniFi, Comcast, Spectrum, WordPress."
hipaa_oriented_it_readiness_review,HIPAA-Oriented IT Readiness Review,Compliance & Policies,admin_access_available,Do you have authorized admin access?,select,True,Yes;No;Not sure,Do not paste credentials into this form. Maine Cyber Tech will coordinate safe access separately.
hipaa_oriented_it_readiness_review,HIPAA-Oriented IT Readiness Review,Compliance & Policies,primary_goal,What are you trying to accomplish?,textarea,True,,"Describe the business goal, pain point, risk, outage, or improvement you want."
hipaa_oriented_it_readiness_review,HIPAA-Oriented IT Readiness Review,Compliance & Policies,compliance_driver,Compliance driver,select,False,Cyber insurance;Customer/vendor requirement;HIPAA-adjacent;PCI/payment handling;Internal best practice;Not sure,
hipaa_oriented_it_readiness_review,HIPAA-Oriented IT Readiness Review,Compliance & Policies,existing_policies,Existing policies/documents,textarea,False,,
cmmc_nist_starter_gap_review,CMMC/NIST Starter Gap Review,Compliance & Policies,business_name,Business name,text,True,,Legal or public-facing business name.
cmmc_nist_starter_gap_review,CMMC/NIST Starter Gap Review,Compliance & Policies,contact_name,Primary contact name,text,True,,Main person Maine Cyber Tech should coordinate with.
cmmc_nist_starter_gap_review,CMMC/NIST Starter Gap Review,Compliance & Policies,contact_email,Primary contact email,email,True,,"Used for scheduling, service updates, and deliverables."
cmmc_nist_starter_gap_review,CMMC/NIST Starter Gap Review,Compliance & Policies,contact_phone,Best phone number,tel,False,,"Useful for urgent, onsite, or access-sensitive work."
cmmc_nist_starter_gap_review,CMMC/NIST Starter Gap Review,Compliance & Policies,business_address,Business address or service location,textarea,False,,"Required for onsite, Wi-Fi, network, camera, hardware, or location-specific services."
cmmc_nist_starter_gap_review,CMMC/NIST Starter Gap Review,Compliance & Policies,urgency,How urgent is this request?,select,True,Not urgent;This week;ASAP;Emergency,Emergency work may require separate emergency support terms.
cmmc_nist_starter_gap_review,CMMC/NIST Starter Gap Review,Compliance & Policies,users_count,Approximate number of users,number,False,,Estimate is acceptable.
cmmc_nist_starter_gap_review,CMMC/NIST Starter Gap Review,Compliance & Policies,devices_count,Approximate number of devices,number,False,,"Include computers, phones, tablets, printers, network gear, and cameras if relevant."
cmmc_nist_starter_gap_review,CMMC/NIST Starter Gap Review,Compliance & Policies,current_provider,"Current provider/platform, if known",text,False,,"Examples: Microsoft 365, Google Workspace, Cloudflare, GoDaddy, UniFi, Comcast, Spectrum, WordPress."
cmmc_nist_starter_gap_review,CMMC/NIST Starter Gap Review,Compliance & Policies,admin_access_available,Do you have authorized admin access?,select,True,Yes;No;Not sure,Do not paste credentials into this form. Maine Cyber Tech will coordinate safe access separately.
cmmc_nist_starter_gap_review,CMMC/NIST Starter Gap Review,Compliance & Policies,primary_goal,What are you trying to accomplish?,textarea,True,,"Describe the business goal, pain point, risk, outage, or improvement you want."
cmmc_nist_starter_gap_review,CMMC/NIST Starter Gap Review,Compliance & Policies,compliance_driver,Compliance driver,select,False,Cyber insurance;Customer/vendor requirement;HIPAA-adjacent;PCI/payment handling;Internal best practice;Not sure,
cmmc_nist_starter_gap_review,CMMC/NIST Starter Gap Review,Compliance & Policies,existing_policies,Existing policies/documents,textarea,False,,
mct_essential_care,MCT Essential Care,Monthly IT Plans,business_name,Business name,text,True,,Legal or public-facing business name.
mct_essential_care,MCT Essential Care,Monthly IT Plans,contact_name,Primary contact name,text,True,,Main person Maine Cyber Tech should coordinate with.
mct_essential_care,MCT Essential Care,Monthly IT Plans,contact_email,Primary contact email,email,True,,"Used for scheduling, service updates, and deliverables."
mct_essential_care,MCT Essential Care,Monthly IT Plans,contact_phone,Best phone number,tel,False,,"Useful for urgent, onsite, or access-sensitive work."
mct_essential_care,MCT Essential Care,Monthly IT Plans,business_address,Business address or service location,textarea,False,,"Required for onsite, Wi-Fi, network, camera, hardware, or location-specific services."
mct_essential_care,MCT Essential Care,Monthly IT Plans,urgency,How urgent is this request?,select,True,Not urgent;This week;ASAP;Emergency,Emergency work may require separate emergency support terms.
mct_essential_care,MCT Essential Care,Monthly IT Plans,users_count,Approximate number of users,number,False,,Estimate is acceptable.
mct_essential_care,MCT Essential Care,Monthly IT Plans,devices_count,Approximate number of devices,number,False,,"Include computers, phones, tablets, printers, network gear, and cameras if relevant."
mct_essential_care,MCT Essential Care,Monthly IT Plans,current_provider,"Current provider/platform, if known",text,False,,"Examples: Microsoft 365, Google Workspace, Cloudflare, GoDaddy, UniFi, Comcast, Spectrum, WordPress."
mct_essential_care,MCT Essential Care,Monthly IT Plans,admin_access_available,Do you have authorized admin access?,select,True,Yes;No;Not sure,Do not paste credentials into this form. Maine Cyber Tech will coordinate safe access separately.
mct_essential_care,MCT Essential Care,Monthly IT Plans,primary_goal,What are you trying to accomplish?,textarea,True,,"Describe the business goal, pain point, risk, outage, or improvement you want."
mct_essential_care,MCT Essential Care,Monthly IT Plans,monthly_users,Estimated monthly users,number,False,,
mct_essential_care,MCT Essential Care,Monthly IT Plans,monthly_devices,Estimated managed devices,number,False,,
mct_essential_care,MCT Essential Care,Monthly IT Plans,support_expectations,Expected support needs,textarea,False,,
mct_business_care,MCT Business Care,Monthly IT Plans,business_name,Business name,text,True,,Legal or public-facing business name.
mct_business_care,MCT Business Care,Monthly IT Plans,contact_name,Primary contact name,text,True,,Main person Maine Cyber Tech should coordinate with.
mct_business_care,MCT Business Care,Monthly IT Plans,contact_email,Primary contact email,email,True,,"Used for scheduling, service updates, and deliverables."
mct_business_care,MCT Business Care,Monthly IT Plans,contact_phone,Best phone number,tel,False,,"Useful for urgent, onsite, or access-sensitive work."
mct_business_care,MCT Business Care,Monthly IT Plans,business_address,Business address or service location,textarea,False,,"Required for onsite, Wi-Fi, network, camera, hardware, or location-specific services."
mct_business_care,MCT Business Care,Monthly IT Plans,urgency,How urgent is this request?,select,True,Not urgent;This week;ASAP;Emergency,Emergency work may require separate emergency support terms.
mct_business_care,MCT Business Care,Monthly IT Plans,users_count,Approximate number of users,number,False,,Estimate is acceptable.
mct_business_care,MCT Business Care,Monthly IT Plans,devices_count,Approximate number of devices,number,False,,"Include computers, phones, tablets, printers, network gear, and cameras if relevant."
mct_business_care,MCT Business Care,Monthly IT Plans,current_provider,"Current provider/platform, if known",text,False,,"Examples: Microsoft 365, Google Workspace, Cloudflare, GoDaddy, UniFi, Comcast, Spectrum, WordPress."
mct_business_care,MCT Business Care,Monthly IT Plans,admin_access_available,Do you have authorized admin access?,select,True,Yes;No;Not sure,Do not paste credentials into this form. Maine Cyber Tech will coordinate safe access separately.
mct_business_care,MCT Business Care,Monthly IT Plans,primary_goal,What are you trying to accomplish?,textarea,True,,"Describe the business goal, pain point, risk, outage, or improvement you want."
mct_business_care,MCT Business Care,Monthly IT Plans,monthly_users,Estimated monthly users,number,False,,
mct_business_care,MCT Business Care,Monthly IT Plans,monthly_devices,Estimated managed devices,number,False,,
mct_business_care,MCT Business Care,Monthly IT Plans,support_expectations,Expected support needs,textarea,False,,
mct_secure_care,MCT Secure Care,Monthly IT Plans,business_name,Business name,text,True,,Legal or public-facing business name.
mct_secure_care,MCT Secure Care,Monthly IT Plans,contact_name,Primary contact name,text,True,,Main person Maine Cyber Tech should coordinate with.
mct_secure_care,MCT Secure Care,Monthly IT Plans,contact_email,Primary contact email,email,True,,"Used for scheduling, service updates, and deliverables."
mct_secure_care,MCT Secure Care,Monthly IT Plans,contact_phone,Best phone number,tel,False,,"Useful for urgent, onsite, or access-sensitive work."
mct_secure_care,MCT Secure Care,Monthly IT Plans,business_address,Business address or service location,textarea,False,,"Required for onsite, Wi-Fi, network, camera, hardware, or location-specific services."
mct_secure_care,MCT Secure Care,Monthly IT Plans,urgency,How urgent is this request?,select,True,Not urgent;This week;ASAP;Emergency,Emergency work may require separate emergency support terms.
mct_secure_care,MCT Secure Care,Monthly IT Plans,users_count,Approximate number of users,number,False,,Estimate is acceptable.
mct_secure_care,MCT Secure Care,Monthly IT Plans,devices_count,Approximate number of devices,number,False,,"Include computers, phones, tablets, printers, network gear, and cameras if relevant."
mct_secure_care,MCT Secure Care,Monthly IT Plans,current_provider,"Current provider/platform, if known",text,False,,"Examples: Microsoft 365, Google Workspace, Cloudflare, GoDaddy, UniFi, Comcast, Spectrum, WordPress."
mct_secure_care,MCT Secure Care,Monthly IT Plans,admin_access_available,Do you have authorized admin access?,select,True,Yes;No;Not sure,Do not paste credentials into this form. Maine Cyber Tech will coordinate safe access separately.
mct_secure_care,MCT Secure Care,Monthly IT Plans,primary_goal,What are you trying to accomplish?,textarea,True,,"Describe the business goal, pain point, risk, outage, or improvement you want."
mct_secure_care,MCT Secure Care,Monthly IT Plans,monthly_users,Estimated monthly users,number,False,,
mct_secure_care,MCT Secure Care,Monthly IT Plans,monthly_devices,Estimated managed devices,number,False,,
mct_secure_care,MCT Secure Care,Monthly IT Plans,support_expectations,Expected support needs,textarea,False,,
mct_complete_care,MCT Complete Care,Monthly IT Plans,business_name,Business name,text,True,,Legal or public-facing business name.
mct_complete_care,MCT Complete Care,Monthly IT Plans,contact_name,Primary contact name,text,True,,Main person Maine Cyber Tech should coordinate with.
mct_complete_care,MCT Complete Care,Monthly IT Plans,contact_email,Primary contact email,email,True,,"Used for scheduling, service updates, and deliverables."
mct_complete_care,MCT Complete Care,Monthly IT Plans,contact_phone,Best phone number,tel,False,,"Useful for urgent, onsite, or access-sensitive work."
mct_complete_care,MCT Complete Care,Monthly IT Plans,business_address,Business address or service location,textarea,False,,"Required for onsite, Wi-Fi, network, camera, hardware, or location-specific services."
mct_complete_care,MCT Complete Care,Monthly IT Plans,urgency,How urgent is this request?,select,True,Not urgent;This week;ASAP;Emergency,Emergency work may require separate emergency support terms.
mct_complete_care,MCT Complete Care,Monthly IT Plans,users_count,Approximate number of users,number,False,,Estimate is acceptable.
mct_complete_care,MCT Complete Care,Monthly IT Plans,devices_count,Approximate number of devices,number,False,,"Include computers, phones, tablets, printers, network gear, and cameras if relevant."
mct_complete_care,MCT Complete Care,Monthly IT Plans,current_provider,"Current provider/platform, if known",text,False,,"Examples: Microsoft 365, Google Workspace, Cloudflare, GoDaddy, UniFi, Comcast, Spectrum, WordPress."
mct_complete_care,MCT Complete Care,Monthly IT Plans,admin_access_available,Do you have authorized admin access?,select,True,Yes;No;Not sure,Do not paste credentials into this form. Maine Cyber Tech will coordinate safe access separately.
mct_complete_care,MCT Complete Care,Monthly IT Plans,primary_goal,What are you trying to accomplish?,textarea,True,,"Describe the business goal, pain point, risk, outage, or improvement you want."
mct_complete_care,MCT Complete Care,Monthly IT Plans,monthly_users,Estimated monthly users,number,False,,
mct_complete_care,MCT Complete Care,Monthly IT Plans,monthly_devices,Estimated managed devices,number,False,,
mct_complete_care,MCT Complete Care,Monthly IT Plans,support_expectations,Expected support needs,textarea,False,,
mct_co_managed_it,MCT Co-Managed IT,Monthly IT Plans,business_name,Business name,text,True,,Legal or public-facing business name.
mct_co_managed_it,MCT Co-Managed IT,Monthly IT Plans,contact_name,Primary contact name,text,True,,Main person Maine Cyber Tech should coordinate with.
mct_co_managed_it,MCT Co-Managed IT,Monthly IT Plans,contact_email,Primary contact email,email,True,,"Used for scheduling, service updates, and deliverables."
mct_co_managed_it,MCT Co-Managed IT,Monthly IT Plans,contact_phone,Best phone number,tel,False,,"Useful for urgent, onsite, or access-sensitive work."
mct_co_managed_it,MCT Co-Managed IT,Monthly IT Plans,business_address,Business address or service location,textarea,False,,"Required for onsite, Wi-Fi, network, camera, hardware, or location-specific services."
mct_co_managed_it,MCT Co-Managed IT,Monthly IT Plans,urgency,How urgent is this request?,select,True,Not urgent;This week;ASAP;Emergency,Emergency work may require separate emergency support terms.
mct_co_managed_it,MCT Co-Managed IT,Monthly IT Plans,users_count,Approximate number of users,number,False,,Estimate is acceptable.
mct_co_managed_it,MCT Co-Managed IT,Monthly IT Plans,devices_count,Approximate number of devices,number,False,,"Include computers, phones, tablets, printers, network gear, and cameras if relevant."
mct_co_managed_it,MCT Co-Managed IT,Monthly IT Plans,current_provider,"Current provider/platform, if known",text,False,,"Examples: Microsoft 365, Google Workspace, Cloudflare, GoDaddy, UniFi, Comcast, Spectrum, WordPress."
mct_co_managed_it,MCT Co-Managed IT,Monthly IT Plans,admin_access_available,Do you have authorized admin access?,select,True,Yes;No;Not sure,Do not paste credentials into this form. Maine Cyber Tech will coordinate safe access separately.
mct_co_managed_it,MCT Co-Managed IT,Monthly IT Plans,primary_goal,What are you trying to accomplish?,textarea,True,,"Describe the business goal, pain point, risk, outage, or improvement you want."
mct_co_managed_it,MCT Co-Managed IT,Monthly IT Plans,monthly_users,Estimated monthly users,number,False,,
mct_co_managed_it,MCT Co-Managed IT,Monthly IT Plans,monthly_devices,Estimated managed devices,number,False,,
mct_co_managed_it,MCT Co-Managed IT,Monthly IT Plans,support_expectations,Expected support needs,textarea,False,,
cyber_basic,Cyber Basic,Monthly IT Plans,business_name,Business name,text,True,,Legal or public-facing business name.
cyber_basic,Cyber Basic,Monthly IT Plans,contact_name,Primary contact name,text,True,,Main person Maine Cyber Tech should coordinate with.
cyber_basic,Cyber Basic,Monthly IT Plans,contact_email,Primary contact email,email,True,,"Used for scheduling, service updates, and deliverables."
cyber_basic,Cyber Basic,Monthly IT Plans,contact_phone,Best phone number,tel,False,,"Useful for urgent, onsite, or access-sensitive work."
cyber_basic,Cyber Basic,Monthly IT Plans,business_address,Business address or service location,textarea,False,,"Required for onsite, Wi-Fi, network, camera, hardware, or location-specific services."
cyber_basic,Cyber Basic,Monthly IT Plans,urgency,How urgent is this request?,select,True,Not urgent;This week;ASAP;Emergency,Emergency work may require separate emergency support terms.
cyber_basic,Cyber Basic,Monthly IT Plans,users_count,Approximate number of users,number,False,,Estimate is acceptable.
cyber_basic,Cyber Basic,Monthly IT Plans,devices_count,Approximate number of devices,number,False,,"Include computers, phones, tablets, printers, network gear, and cameras if relevant."
cyber_basic,Cyber Basic,Monthly IT Plans,current_provider,"Current provider/platform, if known",text,False,,"Examples: Microsoft 365, Google Workspace, Cloudflare, GoDaddy, UniFi, Comcast, Spectrum, WordPress."
cyber_basic,Cyber Basic,Monthly IT Plans,admin_access_available,Do you have authorized admin access?,select,True,Yes;No;Not sure,Do not paste credentials into this form. Maine Cyber Tech will coordinate safe access separately.
cyber_basic,Cyber Basic,Monthly IT Plans,primary_goal,What are you trying to accomplish?,textarea,True,,"Describe the business goal, pain point, risk, outage, or improvement you want."
cyber_basic,Cyber Basic,Monthly IT Plans,monthly_users,Estimated monthly users,number,False,,
cyber_basic,Cyber Basic,Monthly IT Plans,monthly_devices,Estimated managed devices,number,False,,
cyber_basic,Cyber Basic,Monthly IT Plans,support_expectations,Expected support needs,textarea,False,,
cyber_plus,Cyber Plus,Monthly IT Plans,business_name,Business name,text,True,,Legal or public-facing business name.
cyber_plus,Cyber Plus,Monthly IT Plans,contact_name,Primary contact name,text,True,,Main person Maine Cyber Tech should coordinate with.
cyber_plus,Cyber Plus,Monthly IT Plans,contact_email,Primary contact email,email,True,,"Used for scheduling, service updates, and deliverables."
cyber_plus,Cyber Plus,Monthly IT Plans,contact_phone,Best phone number,tel,False,,"Useful for urgent, onsite, or access-sensitive work."
cyber_plus,Cyber Plus,Monthly IT Plans,business_address,Business address or service location,textarea,False,,"Required for onsite, Wi-Fi, network, camera, hardware, or location-specific services."
cyber_plus,Cyber Plus,Monthly IT Plans,urgency,How urgent is this request?,select,True,Not urgent;This week;ASAP;Emergency,Emergency work may require separate emergency support terms.
cyber_plus,Cyber Plus,Monthly IT Plans,users_count,Approximate number of users,number,False,,Estimate is acceptable.
cyber_plus,Cyber Plus,Monthly IT Plans,devices_count,Approximate number of devices,number,False,,"Include computers, phones, tablets, printers, network gear, and cameras if relevant."
cyber_plus,Cyber Plus,Monthly IT Plans,current_provider,"Current provider/platform, if known",text,False,,"Examples: Microsoft 365, Google Workspace, Cloudflare, GoDaddy, UniFi, Comcast, Spectrum, WordPress."
cyber_plus,Cyber Plus,Monthly IT Plans,admin_access_available,Do you have authorized admin access?,select,True,Yes;No;Not sure,Do not paste credentials into this form. Maine Cyber Tech will coordinate safe access separately.
cyber_plus,Cyber Plus,Monthly IT Plans,primary_goal,What are you trying to accomplish?,textarea,True,,"Describe the business goal, pain point, risk, outage, or improvement you want."
cyber_plus,Cyber Plus,Monthly IT Plans,monthly_users,Estimated monthly users,number,False,,
cyber_plus,Cyber Plus,Monthly IT Plans,monthly_devices,Estimated managed devices,number,False,,
cyber_plus,Cyber Plus,Monthly IT Plans,support_expectations,Expected support needs,textarea,False,,
cyber_complete,Cyber Complete,Monthly IT Plans,business_name,Business name,text,True,,Legal or public-facing business name.
cyber_complete,Cyber Complete,Monthly IT Plans,contact_name,Primary contact name,text,True,,Main person Maine Cyber Tech should coordinate with.
cyber_complete,Cyber Complete,Monthly IT Plans,contact_email,Primary contact email,email,True,,"Used for scheduling, service updates, and deliverables."
cyber_complete,Cyber Complete,Monthly IT Plans,contact_phone,Best phone number,tel,False,,"Useful for urgent, onsite, or access-sensitive work."
cyber_complete,Cyber Complete,Monthly IT Plans,business_address,Business address or service location,textarea,False,,"Required for onsite, Wi-Fi, network, camera, hardware, or location-specific services."
cyber_complete,Cyber Complete,Monthly IT Plans,urgency,How urgent is this request?,select,True,Not urgent;This week;ASAP;Emergency,Emergency work may require separate emergency support terms.
cyber_complete,Cyber Complete,Monthly IT Plans,users_count,Approximate number of users,number,False,,Estimate is acceptable.
cyber_complete,Cyber Complete,Monthly IT Plans,devices_count,Approximate number of devices,number,False,,"Include computers, phones, tablets, printers, network gear, and cameras if relevant."
cyber_complete,Cyber Complete,Monthly IT Plans,current_provider,"Current provider/platform, if known",text,False,,"Examples: Microsoft 365, Google Workspace, Cloudflare, GoDaddy, UniFi, Comcast, Spectrum, WordPress."
cyber_complete,Cyber Complete,Monthly IT Plans,admin_access_available,Do you have authorized admin access?,select,True,Yes;No;Not sure,Do not paste credentials into this form. Maine Cyber Tech will coordinate safe access separately.
cyber_complete,Cyber Complete,Monthly IT Plans,primary_goal,What are you trying to accomplish?,textarea,True,,"Describe the business goal, pain point, risk, outage, or improvement you want."
cyber_complete,Cyber Complete,Monthly IT Plans,monthly_users,Estimated monthly users,number,False,,
cyber_complete,Cyber Complete,Monthly IT Plans,monthly_devices,Estimated managed devices,number,False,,
cyber_complete,Cyber Complete,Monthly IT Plans,support_expectations,Expected support needs,textarea,False,,
managed_dns_plan,Managed DNS Plan,Monthly IT Plans,business_name,Business name,text,True,,Legal or public-facing business name.
managed_dns_plan,Managed DNS Plan,Monthly IT Plans,contact_name,Primary contact name,text,True,,Main person Maine Cyber Tech should coordinate with.
managed_dns_plan,Managed DNS Plan,Monthly IT Plans,contact_email,Primary contact email,email,True,,"Used for scheduling, service updates, and deliverables."
managed_dns_plan,Managed DNS Plan,Monthly IT Plans,contact_phone,Best phone number,tel,False,,"Useful for urgent, onsite, or access-sensitive work."
managed_dns_plan,Managed DNS Plan,Monthly IT Plans,business_address,Business address or service location,textarea,False,,"Required for onsite, Wi-Fi, network, camera, hardware, or location-specific services."
managed_dns_plan,Managed DNS Plan,Monthly IT Plans,urgency,How urgent is this request?,select,True,Not urgent;This week;ASAP;Emergency,Emergency work may require separate emergency support terms.
managed_dns_plan,Managed DNS Plan,Monthly IT Plans,users_count,Approximate number of users,number,False,,Estimate is acceptable.
managed_dns_plan,Managed DNS Plan,Monthly IT Plans,devices_count,Approximate number of devices,number,False,,"Include computers, phones, tablets, printers, network gear, and cameras if relevant."
managed_dns_plan,Managed DNS Plan,Monthly IT Plans,current_provider,"Current provider/platform, if known",text,False,,"Examples: Microsoft 365, Google Workspace, Cloudflare, GoDaddy, UniFi, Comcast, Spectrum, WordPress."
managed_dns_plan,Managed DNS Plan,Monthly IT Plans,admin_access_available,Do you have authorized admin access?,select,True,Yes;No;Not sure,Do not paste credentials into this form. Maine Cyber Tech will coordinate safe access separately.
managed_dns_plan,Managed DNS Plan,Monthly IT Plans,primary_goal,What are you trying to accomplish?,textarea,True,,"Describe the business goal, pain point, risk, outage, or improvement you want."
managed_dns_plan,Managed DNS Plan,Monthly IT Plans,monthly_users,Estimated monthly users,number,False,,
managed_dns_plan,Managed DNS Plan,Monthly IT Plans,monthly_devices,Estimated managed devices,number,False,,
managed_dns_plan,Managed DNS Plan,Monthly IT Plans,support_expectations,Expected support needs,textarea,False,,
unifi_monthly_management,UniFi Monthly Management,Monthly IT Plans,business_name,Business name,text,True,,Legal or public-facing business name.
unifi_monthly_management,UniFi Monthly Management,Monthly IT Plans,contact_name,Primary contact name,text,True,,Main person Maine Cyber Tech should coordinate with.
unifi_monthly_management,UniFi Monthly Management,Monthly IT Plans,contact_email,Primary contact email,email,True,,"Used for scheduling, service updates, and deliverables."
unifi_monthly_management,UniFi Monthly Management,Monthly IT Plans,contact_phone,Best phone number,tel,False,,"Useful for urgent, onsite, or access-sensitive work."
unifi_monthly_management,UniFi Monthly Management,Monthly IT Plans,business_address,Business address or service location,textarea,False,,"Required for onsite, Wi-Fi, network, camera, hardware, or location-specific services."
unifi_monthly_management,UniFi Monthly Management,Monthly IT Plans,urgency,How urgent is this request?,select,True,Not urgent;This week;ASAP;Emergency,Emergency work may require separate emergency support terms.
unifi_monthly_management,UniFi Monthly Management,Monthly IT Plans,users_count,Approximate number of users,number,False,,Estimate is acceptable.
unifi_monthly_management,UniFi Monthly Management,Monthly IT Plans,devices_count,Approximate number of devices,number,False,,"Include computers, phones, tablets, printers, network gear, and cameras if relevant."
unifi_monthly_management,UniFi Monthly Management,Monthly IT Plans,current_provider,"Current provider/platform, if known",text,False,,"Examples: Microsoft 365, Google Workspace, Cloudflare, GoDaddy, UniFi, Comcast, Spectrum, WordPress."
unifi_monthly_management,UniFi Monthly Management,Monthly IT Plans,admin_access_available,Do you have authorized admin access?,select,True,Yes;No;Not sure,Do not paste credentials into this form. Maine Cyber Tech will coordinate safe access separately.
unifi_monthly_management,UniFi Monthly Management,Monthly IT Plans,primary_goal,What are you trying to accomplish?,textarea,True,,"Describe the business goal, pain point, risk, outage, or improvement you want."
unifi_monthly_management,UniFi Monthly Management,Monthly IT Plans,monthly_users,Estimated monthly users,number,False,,
unifi_monthly_management,UniFi Monthly Management,Monthly IT Plans,monthly_devices,Estimated managed devices,number,False,,
unifi_monthly_management,UniFi Monthly Management,Monthly IT Plans,support_expectations,Expected support needs,textarea,False,,
camera_maintenance_plan,Camera Maintenance Plan,Monthly IT Plans,business_name,Business name,text,True,,Legal or public-facing business name.
camera_maintenance_plan,Camera Maintenance Plan,Monthly IT Plans,contact_name,Primary contact name,text,True,,Main person Maine Cyber Tech should coordinate with.
camera_maintenance_plan,Camera Maintenance Plan,Monthly IT Plans,contact_email,Primary contact email,email,True,,"Used for scheduling, service updates, and deliverables."
camera_maintenance_plan,Camera Maintenance Plan,Monthly IT Plans,contact_phone,Best phone number,tel,False,,"Useful for urgent, onsite, or access-sensitive work."
camera_maintenance_plan,Camera Maintenance Plan,Monthly IT Plans,business_address,Business address or service location,textarea,False,,"Required for onsite, Wi-Fi, network, camera, hardware, or location-specific services."
camera_maintenance_plan,Camera Maintenance Plan,Monthly IT Plans,urgency,How urgent is this request?,select,True,Not urgent;This week;ASAP;Emergency,Emergency work may require separate emergency support terms.
camera_maintenance_plan,Camera Maintenance Plan,Monthly IT Plans,users_count,Approximate number of users,number,False,,Estimate is acceptable.
camera_maintenance_plan,Camera Maintenance Plan,Monthly IT Plans,devices_count,Approximate number of devices,number,False,,"Include computers, phones, tablets, printers, network gear, and cameras if relevant."
camera_maintenance_plan,Camera Maintenance Plan,Monthly IT Plans,current_provider,"Current provider/platform, if known",text,False,,"Examples: Microsoft 365, Google Workspace, Cloudflare, GoDaddy, UniFi, Comcast, Spectrum, WordPress."
camera_maintenance_plan,Camera Maintenance Plan,Monthly IT Plans,admin_access_available,Do you have authorized admin access?,select,True,Yes;No;Not sure,Do not paste credentials into this form. Maine Cyber Tech will coordinate safe access separately.
camera_maintenance_plan,Camera Maintenance Plan,Monthly IT Plans,primary_goal,What are you trying to accomplish?,textarea,True,,"Describe the business goal, pain point, risk, outage, or improvement you want."
camera_maintenance_plan,Camera Maintenance Plan,Monthly IT Plans,monthly_users,Estimated monthly users,number,False,,
camera_maintenance_plan,Camera Maintenance Plan,Monthly IT Plans,monthly_devices,Estimated managed devices,number,False,,
camera_maintenance_plan,Camera Maintenance Plan,Monthly IT Plans,support_expectations,Expected support needs,textarea,False,,
backup_monitoring_plan,Backup Monitoring Plan,Monthly IT Plans,business_name,Business name,text,True,,Legal or public-facing business name.
backup_monitoring_plan,Backup Monitoring Plan,Monthly IT Plans,contact_name,Primary contact name,text,True,,Main person Maine Cyber Tech should coordinate with.
backup_monitoring_plan,Backup Monitoring Plan,Monthly IT Plans,contact_email,Primary contact email,email,True,,"Used for scheduling, service updates, and deliverables."
backup_monitoring_plan,Backup Monitoring Plan,Monthly IT Plans,contact_phone,Best phone number,tel,False,,"Useful for urgent, onsite, or access-sensitive work."
backup_monitoring_plan,Backup Monitoring Plan,Monthly IT Plans,business_address,Business address or service location,textarea,False,,"Required for onsite, Wi-Fi, network, camera, hardware, or location-specific services."
backup_monitoring_plan,Backup Monitoring Plan,Monthly IT Plans,urgency,How urgent is this request?,select,True,Not urgent;This week;ASAP;Emergency,Emergency work may require separate emergency support terms.
backup_monitoring_plan,Backup Monitoring Plan,Monthly IT Plans,users_count,Approximate number of users,number,False,,Estimate is acceptable.
backup_monitoring_plan,Backup Monitoring Plan,Monthly IT Plans,devices_count,Approximate number of devices,number,False,,"Include computers, phones, tablets, printers, network gear, and cameras if relevant."
backup_monitoring_plan,Backup Monitoring Plan,Monthly IT Plans,current_provider,"Current provider/platform, if known",text,False,,"Examples: Microsoft 365, Google Workspace, Cloudflare, GoDaddy, UniFi, Comcast, Spectrum, WordPress."
backup_monitoring_plan,Backup Monitoring Plan,Monthly IT Plans,admin_access_available,Do you have authorized admin access?,select,True,Yes;No;Not sure,Do not paste credentials into this form. Maine Cyber Tech will coordinate safe access separately.
backup_monitoring_plan,Backup Monitoring Plan,Monthly IT Plans,primary_goal,What are you trying to accomplish?,textarea,True,,"Describe the business goal, pain point, risk, outage, or improvement you want."
backup_monitoring_plan,Backup Monitoring Plan,Monthly IT Plans,monthly_users,Estimated monthly users,number,False,,
backup_monitoring_plan,Backup Monitoring Plan,Monthly IT Plans,monthly_devices,Estimated managed devices,number,False,,
backup_monitoring_plan,Backup Monitoring Plan,Monthly IT Plans,support_expectations,Expected support needs,textarea,False,,
monthly_website_care_plan,Monthly Website Care Plan,Monthly IT Plans,business_name,Business name,text,True,,Legal or public-facing business name.
monthly_website_care_plan,Monthly Website Care Plan,Monthly IT Plans,contact_name,Primary contact name,text,True,,Main person Maine Cyber Tech should coordinate with.
monthly_website_care_plan,Monthly Website Care Plan,Monthly IT Plans,contact_email,Primary contact email,email,True,,"Used for scheduling, service updates, and deliverables."
monthly_website_care_plan,Monthly Website Care Plan,Monthly IT Plans,contact_phone,Best phone number,tel,False,,"Useful for urgent, onsite, or access-sensitive work."
monthly_website_care_plan,Monthly Website Care Plan,Monthly IT Plans,business_address,Business address or service location,textarea,False,,"Required for onsite, Wi-Fi, network, camera, hardware, or location-specific services."
monthly_website_care_plan,Monthly Website Care Plan,Monthly IT Plans,urgency,How urgent is this request?,select,True,Not urgent;This week;ASAP;Emergency,Emergency work may require separate emergency support terms.
monthly_website_care_plan,Monthly Website Care Plan,Monthly IT Plans,users_count,Approximate number of users,number,False,,Estimate is acceptable.
monthly_website_care_plan,Monthly Website Care Plan,Monthly IT Plans,devices_count,Approximate number of devices,number,False,,"Include computers, phones, tablets, printers, network gear, and cameras if relevant."
monthly_website_care_plan,Monthly Website Care Plan,Monthly IT Plans,current_provider,"Current provider/platform, if known",text,False,,"Examples: Microsoft 365, Google Workspace, Cloudflare, GoDaddy, UniFi, Comcast, Spectrum, WordPress."
monthly_website_care_plan,Monthly Website Care Plan,Monthly IT Plans,admin_access_available,Do you have authorized admin access?,select,True,Yes;No;Not sure,Do not paste credentials into this form. Maine Cyber Tech will coordinate safe access separately.
monthly_website_care_plan,Monthly Website Care Plan,Monthly IT Plans,primary_goal,What are you trying to accomplish?,textarea,True,,"Describe the business goal, pain point, risk, outage, or improvement you want."
monthly_website_care_plan,Monthly Website Care Plan,Monthly IT Plans,monthly_users,Estimated monthly users,number,False,,
monthly_website_care_plan,Monthly Website Care Plan,Monthly IT Plans,monthly_devices,Estimated managed devices,number,False,,
monthly_website_care_plan,Monthly Website Care Plan,Monthly IT Plans,support_expectations,Expected support needs,textarea,False,,
monthly_local_seo_plan,Monthly Local SEO Plan,Monthly IT Plans,business_name,Business name,text,True,,Legal or public-facing business name.
monthly_local_seo_plan,Monthly Local SEO Plan,Monthly IT Plans,contact_name,Primary contact name,text,True,,Main person Maine Cyber Tech should coordinate with.
monthly_local_seo_plan,Monthly Local SEO Plan,Monthly IT Plans,contact_email,Primary contact email,email,True,,"Used for scheduling, service updates, and deliverables."
monthly_local_seo_plan,Monthly Local SEO Plan,Monthly IT Plans,contact_phone,Best phone number,tel,False,,"Useful for urgent, onsite, or access-sensitive work."
monthly_local_seo_plan,Monthly Local SEO Plan,Monthly IT Plans,business_address,Business address or service location,textarea,False,,"Required for onsite, Wi-Fi, network, camera, hardware, or location-specific services."
monthly_local_seo_plan,Monthly Local SEO Plan,Monthly IT Plans,urgency,How urgent is this request?,select,True,Not urgent;This week;ASAP;Emergency,Emergency work may require separate emergency support terms.
monthly_local_seo_plan,Monthly Local SEO Plan,Monthly IT Plans,users_count,Approximate number of users,number,False,,Estimate is acceptable.
monthly_local_seo_plan,Monthly Local SEO Plan,Monthly IT Plans,devices_count,Approximate number of devices,number,False,,"Include computers, phones, tablets, printers, network gear, and cameras if relevant."
monthly_local_seo_plan,Monthly Local SEO Plan,Monthly IT Plans,current_provider,"Current provider/platform, if known",text,False,,"Examples: Microsoft 365, Google Workspace, Cloudflare, GoDaddy, UniFi, Comcast, Spectrum, WordPress."
monthly_local_seo_plan,Monthly Local SEO Plan,Monthly IT Plans,admin_access_available,Do you have authorized admin access?,select,True,Yes;No;Not sure,Do not paste credentials into this form. Maine Cyber Tech will coordinate safe access separately.
monthly_local_seo_plan,Monthly Local SEO Plan,Monthly IT Plans,primary_goal,What are you trying to accomplish?,textarea,True,,"Describe the business goal, pain point, risk, outage, or improvement you want."
monthly_local_seo_plan,Monthly Local SEO Plan,Monthly IT Plans,monthly_users,Estimated monthly users,number,False,,
monthly_local_seo_plan,Monthly Local SEO Plan,Monthly IT Plans,monthly_devices,Estimated managed devices,number,False,,
monthly_local_seo_plan,Monthly Local SEO Plan,Monthly IT Plans,support_expectations,Expected support needs,textarea,False,,
compliance_quarterly_review,Compliance Quarterly Review,Monthly IT Plans,business_name,Business name,text,True,,Legal or public-facing business name.
compliance_quarterly_review,Compliance Quarterly Review,Monthly IT Plans,contact_name,Primary contact name,text,True,,Main person Maine Cyber Tech should coordinate with.
compliance_quarterly_review,Compliance Quarterly Review,Monthly IT Plans,contact_email,Primary contact email,email,True,,"Used for scheduling, service updates, and deliverables."
compliance_quarterly_review,Compliance Quarterly Review,Monthly IT Plans,contact_phone,Best phone number,tel,False,,"Useful for urgent, onsite, or access-sensitive work."
compliance_quarterly_review,Compliance Quarterly Review,Monthly IT Plans,business_address,Business address or service location,textarea,False,,"Required for onsite, Wi-Fi, network, camera, hardware, or location-specific services."
compliance_quarterly_review,Compliance Quarterly Review,Monthly IT Plans,urgency,How urgent is this request?,select,True,Not urgent;This week;ASAP;Emergency,Emergency work may require separate emergency support terms.
compliance_quarterly_review,Compliance Quarterly Review,Monthly IT Plans,users_count,Approximate number of users,number,False,,Estimate is acceptable.
compliance_quarterly_review,Compliance Quarterly Review,Monthly IT Plans,devices_count,Approximate number of devices,number,False,,"Include computers, phones, tablets, printers, network gear, and cameras if relevant."
compliance_quarterly_review,Compliance Quarterly Review,Monthly IT Plans,current_provider,"Current provider/platform, if known",text,False,,"Examples: Microsoft 365, Google Workspace, Cloudflare, GoDaddy, UniFi, Comcast, Spectrum, WordPress."
compliance_quarterly_review,Compliance Quarterly Review,Monthly IT Plans,admin_access_available,Do you have authorized admin access?,select,True,Yes;No;Not sure,Do not paste credentials into this form. Maine Cyber Tech will coordinate safe access separately.
compliance_quarterly_review,Compliance Quarterly Review,Monthly IT Plans,primary_goal,What are you trying to accomplish?,textarea,True,,"Describe the business goal, pain point, risk, outage, or improvement you want."
compliance_quarterly_review,Compliance Quarterly Review,Monthly IT Plans,monthly_users,Estimated monthly users,number,False,,
compliance_quarterly_review,Compliance Quarterly Review,Monthly IT Plans,monthly_devices,Estimated managed devices,number,False,,
compliance_quarterly_review,Compliance Quarterly Review,Monthly IT Plans,support_expectations,Expected support needs,textarea,False,,
emergency_remote_support,Emergency Remote Support,Emergency Support,business_name,Business name,text,True,,Legal or public-facing business name.
emergency_remote_support,Emergency Remote Support,Emergency Support,contact_name,Primary contact name,text,True,,Main person Maine Cyber Tech should coordinate with.
emergency_remote_support,Emergency Remote Support,Emergency Support,contact_email,Primary contact email,email,True,,"Used for scheduling, service updates, and deliverables."
emergency_remote_support,Emergency Remote Support,Emergency Support,contact_phone,Best phone number,tel,False,,"Useful for urgent, onsite, or access-sensitive work."
emergency_remote_support,Emergency Remote Support,Emergency Support,business_address,Business address or service location,textarea,False,,"Required for onsite, Wi-Fi, network, camera, hardware, or location-specific services."
emergency_remote_support,Emergency Remote Support,Emergency Support,urgency,How urgent is this request?,select,True,Not urgent;This week;ASAP;Emergency,Emergency work may require separate emergency support terms.
emergency_remote_support,Emergency Remote Support,Emergency Support,users_count,Approximate number of users,number,False,,Estimate is acceptable.
emergency_remote_support,Emergency Remote Support,Emergency Support,devices_count,Approximate number of devices,number,False,,"Include computers, phones, tablets, printers, network gear, and cameras if relevant."
emergency_remote_support,Emergency Remote Support,Emergency Support,current_provider,"Current provider/platform, if known",text,False,,"Examples: Microsoft 365, Google Workspace, Cloudflare, GoDaddy, UniFi, Comcast, Spectrum, WordPress."
emergency_remote_support,Emergency Remote Support,Emergency Support,admin_access_available,Do you have authorized admin access?,select,True,Yes;No;Not sure,Do not paste credentials into this form. Maine Cyber Tech will coordinate safe access separately.
emergency_remote_support,Emergency Remote Support,Emergency Support,primary_goal,What are you trying to accomplish?,textarea,True,,"Describe the business goal, pain point, risk, outage, or improvement you want."
emergency_remote_support,Emergency Remote Support,Emergency Support,emergency_type,Emergency type,select,True,Email/account compromise;Ransomware/malware;Website down;Network down;Computer down;Other,
emergency_remote_support,Emergency Remote Support,Emergency Support,business_impact,Business impact,textarea,True,,
emergency_on_site_visit,Emergency On-Site Visit,Emergency Support,business_name,Business name,text,True,,Legal or public-facing business name.
emergency_on_site_visit,Emergency On-Site Visit,Emergency Support,contact_name,Primary contact name,text,True,,Main person Maine Cyber Tech should coordinate with.
emergency_on_site_visit,Emergency On-Site Visit,Emergency Support,contact_email,Primary contact email,email,True,,"Used for scheduling, service updates, and deliverables."
emergency_on_site_visit,Emergency On-Site Visit,Emergency Support,contact_phone,Best phone number,tel,False,,"Useful for urgent, onsite, or access-sensitive work."
emergency_on_site_visit,Emergency On-Site Visit,Emergency Support,business_address,Business address or service location,textarea,False,,"Required for onsite, Wi-Fi, network, camera, hardware, or location-specific services."
emergency_on_site_visit,Emergency On-Site Visit,Emergency Support,urgency,How urgent is this request?,select,True,Not urgent;This week;ASAP;Emergency,Emergency work may require separate emergency support terms.
emergency_on_site_visit,Emergency On-Site Visit,Emergency Support,users_count,Approximate number of users,number,False,,Estimate is acceptable.
emergency_on_site_visit,Emergency On-Site Visit,Emergency Support,devices_count,Approximate number of devices,number,False,,"Include computers, phones, tablets, printers, network gear, and cameras if relevant."
emergency_on_site_visit,Emergency On-Site Visit,Emergency Support,current_provider,"Current provider/platform, if known",text,False,,"Examples: Microsoft 365, Google Workspace, Cloudflare, GoDaddy, UniFi, Comcast, Spectrum, WordPress."
emergency_on_site_visit,Emergency On-Site Visit,Emergency Support,admin_access_available,Do you have authorized admin access?,select,True,Yes;No;Not sure,Do not paste credentials into this form. Maine Cyber Tech will coordinate safe access separately.
emergency_on_site_visit,Emergency On-Site Visit,Emergency Support,primary_goal,What are you trying to accomplish?,textarea,True,,"Describe the business goal, pain point, risk, outage, or improvement you want."
emergency_on_site_visit,Emergency On-Site Visit,Emergency Support,emergency_type,Emergency type,select,True,Email/account compromise;Ransomware/malware;Website down;Network down;Computer down;Other,
emergency_on_site_visit,Emergency On-Site Visit,Emergency Support,business_impact,Business impact,textarea,True,,
email_compromise_response,Email Compromise Response,Emergency Support,business_name,Business name,text,True,,Legal or public-facing business name.
email_compromise_response,Email Compromise Response,Emergency Support,contact_name,Primary contact name,text,True,,Main person Maine Cyber Tech should coordinate with.
email_compromise_response,Email Compromise Response,Emergency Support,contact_email,Primary contact email,email,True,,"Used for scheduling, service updates, and deliverables."
email_compromise_response,Email Compromise Response,Emergency Support,contact_phone,Best phone number,tel,False,,"Useful for urgent, onsite, or access-sensitive work."
email_compromise_response,Email Compromise Response,Emergency Support,business_address,Business address or service location,textarea,False,,"Required for onsite, Wi-Fi, network, camera, hardware, or location-specific services."
email_compromise_response,Email Compromise Response,Emergency Support,urgency,How urgent is this request?,select,True,Not urgent;This week;ASAP;Emergency,Emergency work may require separate emergency support terms.
email_compromise_response,Email Compromise Response,Emergency Support,users_count,Approximate number of users,number,False,,Estimate is acceptable.
email_compromise_response,Email Compromise Response,Emergency Support,devices_count,Approximate number of devices,number,False,,"Include computers, phones, tablets, printers, network gear, and cameras if relevant."
email_compromise_response,Email Compromise Response,Emergency Support,current_provider,"Current provider/platform, if known",text,False,,"Examples: Microsoft 365, Google Workspace, Cloudflare, GoDaddy, UniFi, Comcast, Spectrum, WordPress."
email_compromise_response,Email Compromise Response,Emergency Support,admin_access_available,Do you have authorized admin access?,select,True,Yes;No;Not sure,Do not paste credentials into this form. Maine Cyber Tech will coordinate safe access separately.
email_compromise_response,Email Compromise Response,Emergency Support,primary_goal,What are you trying to accomplish?,textarea,True,,"Describe the business goal, pain point, risk, outage, or improvement you want."
email_compromise_response,Email Compromise Response,Emergency Support,emergency_type,Emergency type,select,True,Email/account compromise;Ransomware/malware;Website down;Network down;Computer down;Other,
email_compromise_response,Email Compromise Response,Emergency Support,business_impact,Business impact,textarea,True,,
ransomware_first_response,Ransomware First Response,Emergency Support,business_name,Business name,text,True,,Legal or public-facing business name.
ransomware_first_response,Ransomware First Response,Emergency Support,contact_name,Primary contact name,text,True,,Main person Maine Cyber Tech should coordinate with.
ransomware_first_response,Ransomware First Response,Emergency Support,contact_email,Primary contact email,email,True,,"Used for scheduling, service updates, and deliverables."
ransomware_first_response,Ransomware First Response,Emergency Support,contact_phone,Best phone number,tel,False,,"Useful for urgent, onsite, or access-sensitive work."
ransomware_first_response,Ransomware First Response,Emergency Support,business_address,Business address or service location,textarea,False,,"Required for onsite, Wi-Fi, network, camera, hardware, or location-specific services."
ransomware_first_response,Ransomware First Response,Emergency Support,urgency,How urgent is this request?,select,True,Not urgent;This week;ASAP;Emergency,Emergency work may require separate emergency support terms.
ransomware_first_response,Ransomware First Response,Emergency Support,users_count,Approximate number of users,number,False,,Estimate is acceptable.
ransomware_first_response,Ransomware First Response,Emergency Support,devices_count,Approximate number of devices,number,False,,"Include computers, phones, tablets, printers, network gear, and cameras if relevant."
ransomware_first_response,Ransomware First Response,Emergency Support,current_provider,"Current provider/platform, if known",text,False,,"Examples: Microsoft 365, Google Workspace, Cloudflare, GoDaddy, UniFi, Comcast, Spectrum, WordPress."
ransomware_first_response,Ransomware First Response,Emergency Support,admin_access_available,Do you have authorized admin access?,select,True,Yes;No;Not sure,Do not paste credentials into this form. Maine Cyber Tech will coordinate safe access separately.
ransomware_first_response,Ransomware First Response,Emergency Support,primary_goal,What are you trying to accomplish?,textarea,True,,"Describe the business goal, pain point, risk, outage, or improvement you want."
ransomware_first_response,Ransomware First Response,Emergency Support,emergency_type,Emergency type,select,True,Email/account compromise;Ransomware/malware;Website down;Network down;Computer down;Other,
ransomware_first_response,Ransomware First Response,Emergency Support,business_impact,Business impact,textarea,True,,
website_down_emergency,Website Down Emergency,Emergency Support,business_name,Business name,text,True,,Legal or public-facing business name.
website_down_emergency,Website Down Emergency,Emergency Support,contact_name,Primary contact name,text,True,,Main person Maine Cyber Tech should coordinate with.
website_down_emergency,Website Down Emergency,Emergency Support,contact_email,Primary contact email,email,True,,"Used for scheduling, service updates, and deliverables."
website_down_emergency,Website Down Emergency,Emergency Support,contact_phone,Best phone number,tel,False,,"Useful for urgent, onsite, or access-sensitive work."
website_down_emergency,Website Down Emergency,Emergency Support,business_address,Business address or service location,textarea,False,,"Required for onsite, Wi-Fi, network, camera, hardware, or location-specific services."
website_down_emergency,Website Down Emergency,Emergency Support,urgency,How urgent is this request?,select,True,Not urgent;This week;ASAP;Emergency,Emergency work may require separate emergency support terms.
website_down_emergency,Website Down Emergency,Emergency Support,users_count,Approximate number of users,number,False,,Estimate is acceptable.
website_down_emergency,Website Down Emergency,Emergency Support,devices_count,Approximate number of devices,number,False,,"Include computers, phones, tablets, printers, network gear, and cameras if relevant."
website_down_emergency,Website Down Emergency,Emergency Support,current_provider,"Current provider/platform, if known",text,False,,"Examples: Microsoft 365, Google Workspace, Cloudflare, GoDaddy, UniFi, Comcast, Spectrum, WordPress."
website_down_emergency,Website Down Emergency,Emergency Support,admin_access_available,Do you have authorized admin access?,select,True,Yes;No;Not sure,Do not paste credentials into this form. Maine Cyber Tech will coordinate safe access separately.
website_down_emergency,Website Down Emergency,Emergency Support,primary_goal,What are you trying to accomplish?,textarea,True,,"Describe the business goal, pain point, risk, outage, or improvement you want."
website_down_emergency,Website Down Emergency,Emergency Support,emergency_type,Emergency type,select,True,Email/account compromise;Ransomware/malware;Website down;Network down;Computer down;Other,
website_down_emergency,Website Down Emergency,Emergency Support,business_impact,Business impact,textarea,True,,
network_down_emergency,Network Down Emergency,Emergency Support,business_name,Business name,text,True,,Legal or public-facing business name.
network_down_emergency,Network Down Emergency,Emergency Support,contact_name,Primary contact name,text,True,,Main person Maine Cyber Tech should coordinate with.
network_down_emergency,Network Down Emergency,Emergency Support,contact_email,Primary contact email,email,True,,"Used for scheduling, service updates, and deliverables."
network_down_emergency,Network Down Emergency,Emergency Support,contact_phone,Best phone number,tel,False,,"Useful for urgent, onsite, or access-sensitive work."
network_down_emergency,Network Down Emergency,Emergency Support,business_address,Business address or service location,textarea,False,,"Required for onsite, Wi-Fi, network, camera, hardware, or location-specific services."
network_down_emergency,Network Down Emergency,Emergency Support,urgency,How urgent is this request?,select,True,Not urgent;This week;ASAP;Emergency,Emergency work may require separate emergency support terms.
network_down_emergency,Network Down Emergency,Emergency Support,users_count,Approximate number of users,number,False,,Estimate is acceptable.
network_down_emergency,Network Down Emergency,Emergency Support,devices_count,Approximate number of devices,number,False,,"Include computers, phones, tablets, printers, network gear, and cameras if relevant."
network_down_emergency,Network Down Emergency,Emergency Support,current_provider,"Current provider/platform, if known",text,False,,"Examples: Microsoft 365, Google Workspace, Cloudflare, GoDaddy, UniFi, Comcast, Spectrum, WordPress."
network_down_emergency,Network Down Emergency,Emergency Support,admin_access_available,Do you have authorized admin access?,select,True,Yes;No;Not sure,Do not paste credentials into this form. Maine Cyber Tech will coordinate safe access separately.
network_down_emergency,Network Down Emergency,Emergency Support,primary_goal,What are you trying to accomplish?,textarea,True,,"Describe the business goal, pain point, risk, outage, or improvement you want."
network_down_emergency,Network Down Emergency,Emergency Support,emergency_type,Emergency type,select,True,Email/account compromise;Ransomware/malware;Website down;Network down;Computer down;Other,
network_down_emergency,Network Down Emergency,Emergency Support,business_impact,Business impact,textarea,True,,
computer_won_t_boot_support,Computer Won’t Boot Support,Emergency Support,business_name,Business name,text,True,,Legal or public-facing business name.
computer_won_t_boot_support,Computer Won’t Boot Support,Emergency Support,contact_name,Primary contact name,text,True,,Main person Maine Cyber Tech should coordinate with.
computer_won_t_boot_support,Computer Won’t Boot Support,Emergency Support,contact_email,Primary contact email,email,True,,"Used for scheduling, service updates, and deliverables."
computer_won_t_boot_support,Computer Won’t Boot Support,Emergency Support,contact_phone,Best phone number,tel,False,,"Useful for urgent, onsite, or access-sensitive work."
computer_won_t_boot_support,Computer Won’t Boot Support,Emergency Support,business_address,Business address or service location,textarea,False,,"Required for onsite, Wi-Fi, network, camera, hardware, or location-specific services."
computer_won_t_boot_support,Computer Won’t Boot Support,Emergency Support,urgency,How urgent is this request?,select,True,Not urgent;This week;ASAP;Emergency,Emergency work may require separate emergency support terms.
computer_won_t_boot_support,Computer Won’t Boot Support,Emergency Support,users_count,Approximate number of users,number,False,,Estimate is acceptable.
computer_won_t_boot_support,Computer Won’t Boot Support,Emergency Support,devices_count,Approximate number of devices,number,False,,"Include computers, phones, tablets, printers, network gear, and cameras if relevant."
computer_won_t_boot_support,Computer Won’t Boot Support,Emergency Support,current_provider,"Current provider/platform, if known",text,False,,"Examples: Microsoft 365, Google Workspace, Cloudflare, GoDaddy, UniFi, Comcast, Spectrum, WordPress."
computer_won_t_boot_support,Computer Won’t Boot Support,Emergency Support,admin_access_available,Do you have authorized admin access?,select,True,Yes;No;Not sure,Do not paste credentials into this form. Maine Cyber Tech will coordinate safe access separately.
computer_won_t_boot_support,Computer Won’t Boot Support,Emergency Support,primary_goal,What are you trying to accomplish?,textarea,True,,"Describe the business goal, pain point, risk, outage, or improvement you want."
computer_won_t_boot_support,Computer Won’t Boot Support,Emergency Support,emergency_type,Emergency type,select,True,Email/account compromise;Ransomware/malware;Website down;Network down;Computer down;Other,
computer_won_t_boot_support,Computer Won’t Boot Support,Emergency Support,business_impact,Business impact,textarea,True,,
data_recovery_coordination,Data Recovery Coordination,Emergency Support,business_name,Business name,text,True,,Legal or public-facing business name.
data_recovery_coordination,Data Recovery Coordination,Emergency Support,contact_name,Primary contact name,text,True,,Main person Maine Cyber Tech should coordinate with.
data_recovery_coordination,Data Recovery Coordination,Emergency Support,contact_email,Primary contact email,email,True,,"Used for scheduling, service updates, and deliverables."
data_recovery_coordination,Data Recovery Coordination,Emergency Support,contact_phone,Best phone number,tel,False,,"Useful for urgent, onsite, or access-sensitive work."
data_recovery_coordination,Data Recovery Coordination,Emergency Support,business_address,Business address or service location,textarea,False,,"Required for onsite, Wi-Fi, network, camera, hardware, or location-specific services."
data_recovery_coordination,Data Recovery Coordination,Emergency Support,urgency,How urgent is this request?,select,True,Not urgent;This week;ASAP;Emergency,Emergency work may require separate emergency support terms.
data_recovery_coordination,Data Recovery Coordination,Emergency Support,users_count,Approximate number of users,number,False,,Estimate is acceptable.
data_recovery_coordination,Data Recovery Coordination,Emergency Support,devices_count,Approximate number of devices,number,False,,"Include computers, phones, tablets, printers, network gear, and cameras if relevant."
data_recovery_coordination,Data Recovery Coordination,Emergency Support,current_provider,"Current provider/platform, if known",text,False,,"Examples: Microsoft 365, Google Workspace, Cloudflare, GoDaddy, UniFi, Comcast, Spectrum, WordPress."
data_recovery_coordination,Data Recovery Coordination,Emergency Support,admin_access_available,Do you have authorized admin access?,select,True,Yes;No;Not sure,Do not paste credentials into this form. Maine Cyber Tech will coordinate safe access separately.
data_recovery_coordination,Data Recovery Coordination,Emergency Support,primary_goal,What are you trying to accomplish?,textarea,True,,"Describe the business goal, pain point, risk, outage, or improvement you want."
data_recovery_coordination,Data Recovery Coordination,Emergency Support,emergency_type,Emergency type,select,True,Email/account compromise;Ransomware/malware;Website down;Network down;Computer down;Other,
data_recovery_coordination,Data Recovery Coordination,Emergency Support,business_impact,Business impact,textarea,True,,
emergency_support_retainer,Emergency Support Retainer,Emergency Support,business_name,Business name,text,True,,Legal or public-facing business name.
emergency_support_retainer,Emergency Support Retainer,Emergency Support,contact_name,Primary contact name,text,True,,Main person Maine Cyber Tech should coordinate with.
emergency_support_retainer,Emergency Support Retainer,Emergency Support,contact_email,Primary contact email,email,True,,"Used for scheduling, service updates, and deliverables."
emergency_support_retainer,Emergency Support Retainer,Emergency Support,contact_phone,Best phone number,tel,False,,"Useful for urgent, onsite, or access-sensitive work."
emergency_support_retainer,Emergency Support Retainer,Emergency Support,business_address,Business address or service location,textarea,False,,"Required for onsite, Wi-Fi, network, camera, hardware, or location-specific services."
emergency_support_retainer,Emergency Support Retainer,Emergency Support,urgency,How urgent is this request?,select,True,Not urgent;This week;ASAP;Emergency,Emergency work may require separate emergency support terms.
emergency_support_retainer,Emergency Support Retainer,Emergency Support,users_count,Approximate number of users,number,False,,Estimate is acceptable.
emergency_support_retainer,Emergency Support Retainer,Emergency Support,devices_count,Approximate number of devices,number,False,,"Include computers, phones, tablets, printers, network gear, and cameras if relevant."
emergency_support_retainer,Emergency Support Retainer,Emergency Support,current_provider,"Current provider/platform, if known",text,False,,"Examples: Microsoft 365, Google Workspace, Cloudflare, GoDaddy, UniFi, Comcast, Spectrum, WordPress."
emergency_support_retainer,Emergency Support Retainer,Emergency Support,admin_access_available,Do you have authorized admin access?,select,True,Yes;No;Not sure,Do not paste credentials into this form. Maine Cyber Tech will coordinate safe access separately.
emergency_support_retainer,Emergency Support Retainer,Emergency Support,primary_goal,What are you trying to accomplish?,textarea,True,,"Describe the business goal, pain point, risk, outage, or improvement you want."
emergency_support_retainer,Emergency Support Retainer,Emergency Support,emergency_type,Emergency type,select,True,Email/account compromise;Ransomware/malware;Website down;Network down;Computer down;Other,
emergency_support_retainer,Emergency Support Retainer,Emergency Support,business_impact,Business impact,textarea,True,,
critical_account_lockout_help,Critical Account Lockout Help,Emergency Support,business_name,Business name,text,True,,Legal or public-facing business name.
critical_account_lockout_help,Critical Account Lockout Help,Emergency Support,contact_name,Primary contact name,text,True,,Main person Maine Cyber Tech should coordinate with.
critical_account_lockout_help,Critical Account Lockout Help,Emergency Support,contact_email,Primary contact email,email,True,,"Used for scheduling, service updates, and deliverables."
critical_account_lockout_help,Critical Account Lockout Help,Emergency Support,contact_phone,Best phone number,tel,False,,"Useful for urgent, onsite, or access-sensitive work."
critical_account_lockout_help,Critical Account Lockout Help,Emergency Support,business_address,Business address or service location,textarea,False,,"Required for onsite, Wi-Fi, network, camera, hardware, or location-specific services."
critical_account_lockout_help,Critical Account Lockout Help,Emergency Support,urgency,How urgent is this request?,select,True,Not urgent;This week;ASAP;Emergency,Emergency work may require separate emergency support terms.
critical_account_lockout_help,Critical Account Lockout Help,Emergency Support,users_count,Approximate number of users,number,False,,Estimate is acceptable.
critical_account_lockout_help,Critical Account Lockout Help,Emergency Support,devices_count,Approximate number of devices,number,False,,"Include computers, phones, tablets, printers, network gear, and cameras if relevant."
critical_account_lockout_help,Critical Account Lockout Help,Emergency Support,current_provider,"Current provider/platform, if known",text,False,,"Examples: Microsoft 365, Google Workspace, Cloudflare, GoDaddy, UniFi, Comcast, Spectrum, WordPress."
critical_account_lockout_help,Critical Account Lockout Help,Emergency Support,admin_access_available,Do you have authorized admin access?,select,True,Yes;No;Not sure,Do not paste credentials into this form. Maine Cyber Tech will coordinate safe access separately.
critical_account_lockout_help,Critical Account Lockout Help,Emergency Support,primary_goal,What are you trying to accomplish?,textarea,True,,"Describe the business goal, pain point, risk, outage, or improvement you want."
critical_account_lockout_help,Critical Account Lockout Help,Emergency Support,emergency_type,Emergency type,select,True,Email/account compromise;Ransomware/malware;Website down;Network down;Computer down;Other,
critical_account_lockout_help,Critical Account Lockout Help,Emergency Support,business_impact,Business impact,textarea,True,,
small_business_it_starter_pack,Small Business IT Starter Pack,Business Starter Packs,business_name,Business name,text,True,,Legal or public-facing business name.
small_business_it_starter_pack,Small Business IT Starter Pack,Business Starter Packs,contact_name,Primary contact name,text,True,,Main person Maine Cyber Tech should coordinate with.
small_business_it_starter_pack,Small Business IT Starter Pack,Business Starter Packs,contact_email,Primary contact email,email,True,,"Used for scheduling, service updates, and deliverables."
small_business_it_starter_pack,Small Business IT Starter Pack,Business Starter Packs,contact_phone,Best phone number,tel,False,,"Useful for urgent, onsite, or access-sensitive work."
small_business_it_starter_pack,Small Business IT Starter Pack,Business Starter Packs,business_address,Business address or service location,textarea,False,,"Required for onsite, Wi-Fi, network, camera, hardware, or location-specific services."
small_business_it_starter_pack,Small Business IT Starter Pack,Business Starter Packs,urgency,How urgent is this request?,select,True,Not urgent;This week;ASAP;Emergency,Emergency work may require separate emergency support terms.
small_business_it_starter_pack,Small Business IT Starter Pack,Business Starter Packs,users_count,Approximate number of users,number,False,,Estimate is acceptable.
small_business_it_starter_pack,Small Business IT Starter Pack,Business Starter Packs,devices_count,Approximate number of devices,number,False,,"Include computers, phones, tablets, printers, network gear, and cameras if relevant."
small_business_it_starter_pack,Small Business IT Starter Pack,Business Starter Packs,current_provider,"Current provider/platform, if known",text,False,,"Examples: Microsoft 365, Google Workspace, Cloudflare, GoDaddy, UniFi, Comcast, Spectrum, WordPress."
small_business_it_starter_pack,Small Business IT Starter Pack,Business Starter Packs,admin_access_available,Do you have authorized admin access?,select,True,Yes;No;Not sure,Do not paste credentials into this form. Maine Cyber Tech will coordinate safe access separately.
small_business_it_starter_pack,Small Business IT Starter Pack,Business Starter Packs,primary_goal,What are you trying to accomplish?,textarea,True,,"Describe the business goal, pain point, risk, outage, or improvement you want."
small_business_it_starter_pack,Small Business IT Starter Pack,Business Starter Packs,business_stage,Business stage,select,False,New business;Growing business;Changing vendors;New location;Seasonal preparation;Nonprofit/church;Other,
small_business_it_starter_pack,Small Business IT Starter Pack,Business Starter Packs,desired_bundle_outcome,Desired bundle outcome,textarea,False,,
new_business_technology_setup,New Business Technology Setup,Business Starter Packs,business_name,Business name,text,True,,Legal or public-facing business name.
new_business_technology_setup,New Business Technology Setup,Business Starter Packs,contact_name,Primary contact name,text,True,,Main person Maine Cyber Tech should coordinate with.
new_business_technology_setup,New Business Technology Setup,Business Starter Packs,contact_email,Primary contact email,email,True,,"Used for scheduling, service updates, and deliverables."
new_business_technology_setup,New Business Technology Setup,Business Starter Packs,contact_phone,Best phone number,tel,False,,"Useful for urgent, onsite, or access-sensitive work."
new_business_technology_setup,New Business Technology Setup,Business Starter Packs,business_address,Business address or service location,textarea,False,,"Required for onsite, Wi-Fi, network, camera, hardware, or location-specific services."
new_business_technology_setup,New Business Technology Setup,Business Starter Packs,urgency,How urgent is this request?,select,True,Not urgent;This week;ASAP;Emergency,Emergency work may require separate emergency support terms.
new_business_technology_setup,New Business Technology Setup,Business Starter Packs,users_count,Approximate number of users,number,False,,Estimate is acceptable.
new_business_technology_setup,New Business Technology Setup,Business Starter Packs,devices_count,Approximate number of devices,number,False,,"Include computers, phones, tablets, printers, network gear, and cameras if relevant."
new_business_technology_setup,New Business Technology Setup,Business Starter Packs,current_provider,"Current provider/platform, if known",text,False,,"Examples: Microsoft 365, Google Workspace, Cloudflare, GoDaddy, UniFi, Comcast, Spectrum, WordPress."
new_business_technology_setup,New Business Technology Setup,Business Starter Packs,admin_access_available,Do you have authorized admin access?,select,True,Yes;No;Not sure,Do not paste credentials into this form. Maine Cyber Tech will coordinate safe access separately.
new_business_technology_setup,New Business Technology Setup,Business Starter Packs,primary_goal,What are you trying to accomplish?,textarea,True,,"Describe the business goal, pain point, risk, outage, or improvement you want."
new_business_technology_setup,New Business Technology Setup,Business Starter Packs,business_stage,Business stage,select,False,New business;Growing business;Changing vendors;New location;Seasonal preparation;Nonprofit/church;Other,
new_business_technology_setup,New Business Technology Setup,Business Starter Packs,desired_bundle_outcome,Desired bundle outcome,textarea,False,,
business_owner_peace_of_mind_pack,Business Owner Peace of Mind Pack,Business Starter Packs,business_name,Business name,text,True,,Legal or public-facing business name.
business_owner_peace_of_mind_pack,Business Owner Peace of Mind Pack,Business Starter Packs,contact_name,Primary contact name,text,True,,Main person Maine Cyber Tech should coordinate with.
business_owner_peace_of_mind_pack,Business Owner Peace of Mind Pack,Business Starter Packs,contact_email,Primary contact email,email,True,,"Used for scheduling, service updates, and deliverables."
business_owner_peace_of_mind_pack,Business Owner Peace of Mind Pack,Business Starter Packs,contact_phone,Best phone number,tel,False,,"Useful for urgent, onsite, or access-sensitive work."
business_owner_peace_of_mind_pack,Business Owner Peace of Mind Pack,Business Starter Packs,business_address,Business address or service location,textarea,False,,"Required for onsite, Wi-Fi, network, camera, hardware, or location-specific services."
business_owner_peace_of_mind_pack,Business Owner Peace of Mind Pack,Business Starter Packs,urgency,How urgent is this request?,select,True,Not urgent;This week;ASAP;Emergency,Emergency work may require separate emergency support terms.
business_owner_peace_of_mind_pack,Business Owner Peace of Mind Pack,Business Starter Packs,users_count,Approximate number of users,number,False,,Estimate is acceptable.
business_owner_peace_of_mind_pack,Business Owner Peace of Mind Pack,Business Starter Packs,devices_count,Approximate number of devices,number,False,,"Include computers, phones, tablets, printers, network gear, and cameras if relevant."
business_owner_peace_of_mind_pack,Business Owner Peace of Mind Pack,Business Starter Packs,current_provider,"Current provider/platform, if known",text,False,,"Examples: Microsoft 365, Google Workspace, Cloudflare, GoDaddy, UniFi, Comcast, Spectrum, WordPress."
business_owner_peace_of_mind_pack,Business Owner Peace of Mind Pack,Business Starter Packs,admin_access_available,Do you have authorized admin access?,select,True,Yes;No;Not sure,Do not paste credentials into this form. Maine Cyber Tech will coordinate safe access separately.
business_owner_peace_of_mind_pack,Business Owner Peace of Mind Pack,Business Starter Packs,primary_goal,What are you trying to accomplish?,textarea,True,,"Describe the business goal, pain point, risk, outage, or improvement you want."
business_owner_peace_of_mind_pack,Business Owner Peace of Mind Pack,Business Starter Packs,business_stage,Business stage,select,False,New business;Growing business;Changing vendors;New location;Seasonal preparation;Nonprofit/church;Other,
business_owner_peace_of_mind_pack,Business Owner Peace of Mind Pack,Business Starter Packs,desired_bundle_outcome,Desired bundle outcome,textarea,False,,
local_business_online_presence_pack,Local Business Online Presence Pack,Business Starter Packs,business_name,Business name,text,True,,Legal or public-facing business name.
local_business_online_presence_pack,Local Business Online Presence Pack,Business Starter Packs,contact_name,Primary contact name,text,True,,Main person Maine Cyber Tech should coordinate with.
local_business_online_presence_pack,Local Business Online Presence Pack,Business Starter Packs,contact_email,Primary contact email,email,True,,"Used for scheduling, service updates, and deliverables."
local_business_online_presence_pack,Local Business Online Presence Pack,Business Starter Packs,contact_phone,Best phone number,tel,False,,"Useful for urgent, onsite, or access-sensitive work."
local_business_online_presence_pack,Local Business Online Presence Pack,Business Starter Packs,business_address,Business address or service location,textarea,False,,"Required for onsite, Wi-Fi, network, camera, hardware, or location-specific services."
local_business_online_presence_pack,Local Business Online Presence Pack,Business Starter Packs,urgency,How urgent is this request?,select,True,Not urgent;This week;ASAP;Emergency,Emergency work may require separate emergency support terms.
local_business_online_presence_pack,Local Business Online Presence Pack,Business Starter Packs,users_count,Approximate number of users,number,False,,Estimate is acceptable.
local_business_online_presence_pack,Local Business Online Presence Pack,Business Starter Packs,devices_count,Approximate number of devices,number,False,,"Include computers, phones, tablets, printers, network gear, and cameras if relevant."
local_business_online_presence_pack,Local Business Online Presence Pack,Business Starter Packs,current_provider,"Current provider/platform, if known",text,False,,"Examples: Microsoft 365, Google Workspace, Cloudflare, GoDaddy, UniFi, Comcast, Spectrum, WordPress."
local_business_online_presence_pack,Local Business Online Presence Pack,Business Starter Packs,admin_access_available,Do you have authorized admin access?,select,True,Yes;No;Not sure,Do not paste credentials into this form. Maine Cyber Tech will coordinate safe access separately.
local_business_online_presence_pack,Local Business Online Presence Pack,Business Starter Packs,primary_goal,What are you trying to accomplish?,textarea,True,,"Describe the business goal, pain point, risk, outage, or improvement you want."
local_business_online_presence_pack,Local Business Online Presence Pack,Business Starter Packs,business_stage,Business stage,select,False,New business;Growing business;Changing vendors;New location;Seasonal preparation;Nonprofit/church;Other,
local_business_online_presence_pack,Local Business Online Presence Pack,Business Starter Packs,desired_bundle_outcome,Desired bundle outcome,textarea,False,,
new_client_foundation,New Client Foundation,Business Starter Packs,business_name,Business name,text,True,,Legal or public-facing business name.
new_client_foundation,New Client Foundation,Business Starter Packs,contact_name,Primary contact name,text,True,,Main person Maine Cyber Tech should coordinate with.
new_client_foundation,New Client Foundation,Business Starter Packs,contact_email,Primary contact email,email,True,,"Used for scheduling, service updates, and deliverables."
new_client_foundation,New Client Foundation,Business Starter Packs,contact_phone,Best phone number,tel,False,,"Useful for urgent, onsite, or access-sensitive work."
new_client_foundation,New Client Foundation,Business Starter Packs,business_address,Business address or service location,textarea,False,,"Required for onsite, Wi-Fi, network, camera, hardware, or location-specific services."
new_client_foundation,New Client Foundation,Business Starter Packs,urgency,How urgent is this request?,select,True,Not urgent;This week;ASAP;Emergency,Emergency work may require separate emergency support terms.
new_client_foundation,New Client Foundation,Business Starter Packs,users_count,Approximate number of users,number,False,,Estimate is acceptable.
new_client_foundation,New Client Foundation,Business Starter Packs,devices_count,Approximate number of devices,number,False,,"Include computers, phones, tablets, printers, network gear, and cameras if relevant."
new_client_foundation,New Client Foundation,Business Starter Packs,current_provider,"Current provider/platform, if known",text,False,,"Examples: Microsoft 365, Google Workspace, Cloudflare, GoDaddy, UniFi, Comcast, Spectrum, WordPress."
new_client_foundation,New Client Foundation,Business Starter Packs,admin_access_available,Do you have authorized admin access?,select,True,Yes;No;Not sure,Do not paste credentials into this form. Maine Cyber Tech will coordinate safe access separately.
new_client_foundation,New Client Foundation,Business Starter Packs,primary_goal,What are you trying to accomplish?,textarea,True,,"Describe the business goal, pain point, risk, outage, or improvement you want."
new_client_foundation,New Client Foundation,Business Starter Packs,business_stage,Business stage,select,False,New business;Growing business;Changing vendors;New location;Seasonal preparation;Nonprofit/church;Other,
new_client_foundation,New Client Foundation,Business Starter Packs,desired_bundle_outcome,Desired bundle outcome,textarea,False,,
new_business_it_setup,New Business IT Setup,Business Starter Packs,business_name,Business name,text,True,,Legal or public-facing business name.
new_business_it_setup,New Business IT Setup,Business Starter Packs,contact_name,Primary contact name,text,True,,Main person Maine Cyber Tech should coordinate with.
new_business_it_setup,New Business IT Setup,Business Starter Packs,contact_email,Primary contact email,email,True,,"Used for scheduling, service updates, and deliverables."
new_business_it_setup,New Business IT Setup,Business Starter Packs,contact_phone,Best phone number,tel,False,,"Useful for urgent, onsite, or access-sensitive work."
new_business_it_setup,New Business IT Setup,Business Starter Packs,business_address,Business address or service location,textarea,False,,"Required for onsite, Wi-Fi, network, camera, hardware, or location-specific services."
new_business_it_setup,New Business IT Setup,Business Starter Packs,urgency,How urgent is this request?,select,True,Not urgent;This week;ASAP;Emergency,Emergency work may require separate emergency support terms.
new_business_it_setup,New Business IT Setup,Business Starter Packs,users_count,Approximate number of users,number,False,,Estimate is acceptable.
new_business_it_setup,New Business IT Setup,Business Starter Packs,devices_count,Approximate number of devices,number,False,,"Include computers, phones, tablets, printers, network gear, and cameras if relevant."
new_business_it_setup,New Business IT Setup,Business Starter Packs,current_provider,"Current provider/platform, if known",text,False,,"Examples: Microsoft 365, Google Workspace, Cloudflare, GoDaddy, UniFi, Comcast, Spectrum, WordPress."
new_business_it_setup,New Business IT Setup,Business Starter Packs,admin_access_available,Do you have authorized admin access?,select,True,Yes;No;Not sure,Do not paste credentials into this form. Maine Cyber Tech will coordinate safe access separately.
new_business_it_setup,New Business IT Setup,Business Starter Packs,primary_goal,What are you trying to accomplish?,textarea,True,,"Describe the business goal, pain point, risk, outage, or improvement you want."
new_business_it_setup,New Business IT Setup,Business Starter Packs,business_stage,Business stage,select,False,New business;Growing business;Changing vendors;New location;Seasonal preparation;Nonprofit/church;Other,
new_business_it_setup,New Business IT Setup,Business Starter Packs,desired_bundle_outcome,Desired bundle outcome,textarea,False,,
new_employee_setup_bundle,New Employee Setup Bundle,Business Starter Packs,business_name,Business name,text,True,,Legal or public-facing business name.
new_employee_setup_bundle,New Employee Setup Bundle,Business Starter Packs,contact_name,Primary contact name,text,True,,Main person Maine Cyber Tech should coordinate with.
new_employee_setup_bundle,New Employee Setup Bundle,Business Starter Packs,contact_email,Primary contact email,email,True,,"Used for scheduling, service updates, and deliverables."
new_employee_setup_bundle,New Employee Setup Bundle,Business Starter Packs,contact_phone,Best phone number,tel,False,,"Useful for urgent, onsite, or access-sensitive work."
new_employee_setup_bundle,New Employee Setup Bundle,Business Starter Packs,business_address,Business address or service location,textarea,False,,"Required for onsite, Wi-Fi, network, camera, hardware, or location-specific services."
new_employee_setup_bundle,New Employee Setup Bundle,Business Starter Packs,urgency,How urgent is this request?,select,True,Not urgent;This week;ASAP;Emergency,Emergency work may require separate emergency support terms.
new_employee_setup_bundle,New Employee Setup Bundle,Business Starter Packs,users_count,Approximate number of users,number,False,,Estimate is acceptable.
new_employee_setup_bundle,New Employee Setup Bundle,Business Starter Packs,devices_count,Approximate number of devices,number,False,,"Include computers, phones, tablets, printers, network gear, and cameras if relevant."
new_employee_setup_bundle,New Employee Setup Bundle,Business Starter Packs,current_provider,"Current provider/platform, if known",text,False,,"Examples: Microsoft 365, Google Workspace, Cloudflare, GoDaddy, UniFi, Comcast, Spectrum, WordPress."
new_employee_setup_bundle,New Employee Setup Bundle,Business Starter Packs,admin_access_available,Do you have authorized admin access?,select,True,Yes;No;Not sure,Do not paste credentials into this form. Maine Cyber Tech will coordinate safe access separately.
new_employee_setup_bundle,New Employee Setup Bundle,Business Starter Packs,primary_goal,What are you trying to accomplish?,textarea,True,,"Describe the business goal, pain point, risk, outage, or improvement you want."
new_employee_setup_bundle,New Employee Setup Bundle,Business Starter Packs,business_stage,Business stage,select,False,New business;Growing business;Changing vendors;New location;Seasonal preparation;Nonprofit/church;Other,
new_employee_setup_bundle,New Employee Setup Bundle,Business Starter Packs,desired_bundle_outcome,Desired bundle outcome,textarea,False,,
employee_exit_lockdown_bundle,Employee Exit Lockdown Bundle,Business Starter Packs,business_name,Business name,text,True,,Legal or public-facing business name.
employee_exit_lockdown_bundle,Employee Exit Lockdown Bundle,Business Starter Packs,contact_name,Primary contact name,text,True,,Main person Maine Cyber Tech should coordinate with.
employee_exit_lockdown_bundle,Employee Exit Lockdown Bundle,Business Starter Packs,contact_email,Primary contact email,email,True,,"Used for scheduling, service updates, and deliverables."
employee_exit_lockdown_bundle,Employee Exit Lockdown Bundle,Business Starter Packs,contact_phone,Best phone number,tel,False,,"Useful for urgent, onsite, or access-sensitive work."
employee_exit_lockdown_bundle,Employee Exit Lockdown Bundle,Business Starter Packs,business_address,Business address or service location,textarea,False,,"Required for onsite, Wi-Fi, network, camera, hardware, or location-specific services."
employee_exit_lockdown_bundle,Employee Exit Lockdown Bundle,Business Starter Packs,urgency,How urgent is this request?,select,True,Not urgent;This week;ASAP;Emergency,Emergency work may require separate emergency support terms.
employee_exit_lockdown_bundle,Employee Exit Lockdown Bundle,Business Starter Packs,users_count,Approximate number of users,number,False,,Estimate is acceptable.
employee_exit_lockdown_bundle,Employee Exit Lockdown Bundle,Business Starter Packs,devices_count,Approximate number of devices,number,False,,"Include computers, phones, tablets, printers, network gear, and cameras if relevant."
employee_exit_lockdown_bundle,Employee Exit Lockdown Bundle,Business Starter Packs,current_provider,"Current provider/platform, if known",text,False,,"Examples: Microsoft 365, Google Workspace, Cloudflare, GoDaddy, UniFi, Comcast, Spectrum, WordPress."
employee_exit_lockdown_bundle,Employee Exit Lockdown Bundle,Business Starter Packs,admin_access_available,Do you have authorized admin access?,select,True,Yes;No;Not sure,Do not paste credentials into this form. Maine Cyber Tech will coordinate safe access separately.
employee_exit_lockdown_bundle,Employee Exit Lockdown Bundle,Business Starter Packs,primary_goal,What are you trying to accomplish?,textarea,True,,"Describe the business goal, pain point, risk, outage, or improvement you want."
employee_exit_lockdown_bundle,Employee Exit Lockdown Bundle,Business Starter Packs,business_stage,Business stage,select,False,New business;Growing business;Changing vendors;New location;Seasonal preparation;Nonprofit/church;Other,
employee_exit_lockdown_bundle,Employee Exit Lockdown Bundle,Business Starter Packs,desired_bundle_outcome,Desired bundle outcome,textarea,False,,
office_move_it_planning,Office Move IT Planning,Business Starter Packs,business_name,Business name,text,True,,Legal or public-facing business name.
office_move_it_planning,Office Move IT Planning,Business Starter Packs,contact_name,Primary contact name,text,True,,Main person Maine Cyber Tech should coordinate with.
office_move_it_planning,Office Move IT Planning,Business Starter Packs,contact_email,Primary contact email,email,True,,"Used for scheduling, service updates, and deliverables."
office_move_it_planning,Office Move IT Planning,Business Starter Packs,contact_phone,Best phone number,tel,False,,"Useful for urgent, onsite, or access-sensitive work."
office_move_it_planning,Office Move IT Planning,Business Starter Packs,business_address,Business address or service location,textarea,False,,"Required for onsite, Wi-Fi, network, camera, hardware, or location-specific services."
office_move_it_planning,Office Move IT Planning,Business Starter Packs,urgency,How urgent is this request?,select,True,Not urgent;This week;ASAP;Emergency,Emergency work may require separate emergency support terms.
office_move_it_planning,Office Move IT Planning,Business Starter Packs,users_count,Approximate number of users,number,False,,Estimate is acceptable.
office_move_it_planning,Office Move IT Planning,Business Starter Packs,devices_count,Approximate number of devices,number,False,,"Include computers, phones, tablets, printers, network gear, and cameras if relevant."
office_move_it_planning,Office Move IT Planning,Business Starter Packs,current_provider,"Current provider/platform, if known",text,False,,"Examples: Microsoft 365, Google Workspace, Cloudflare, GoDaddy, UniFi, Comcast, Spectrum, WordPress."
office_move_it_planning,Office Move IT Planning,Business Starter Packs,admin_access_available,Do you have authorized admin access?,select,True,Yes;No;Not sure,Do not paste credentials into this form. Maine Cyber Tech will coordinate safe access separately.
office_move_it_planning,Office Move IT Planning,Business Starter Packs,primary_goal,What are you trying to accomplish?,textarea,True,,"Describe the business goal, pain point, risk, outage, or improvement you want."
office_move_it_planning,Office Move IT Planning,Business Starter Packs,business_stage,Business stage,select,False,New business;Growing business;Changing vendors;New location;Seasonal preparation;Nonprofit/church;Other,
office_move_it_planning,Office Move IT Planning,Business Starter Packs,desired_bundle_outcome,Desired bundle outcome,textarea,False,,
vendor_transition_package,Vendor Transition Package,Business Starter Packs,business_name,Business name,text,True,,Legal or public-facing business name.
vendor_transition_package,Vendor Transition Package,Business Starter Packs,contact_name,Primary contact name,text,True,,Main person Maine Cyber Tech should coordinate with.
vendor_transition_package,Vendor Transition Package,Business Starter Packs,contact_email,Primary contact email,email,True,,"Used for scheduling, service updates, and deliverables."
vendor_transition_package,Vendor Transition Package,Business Starter Packs,contact_phone,Best phone number,tel,False,,"Useful for urgent, onsite, or access-sensitive work."
vendor_transition_package,Vendor Transition Package,Business Starter Packs,business_address,Business address or service location,textarea,False,,"Required for onsite, Wi-Fi, network, camera, hardware, or location-specific services."
vendor_transition_package,Vendor Transition Package,Business Starter Packs,urgency,How urgent is this request?,select,True,Not urgent;This week;ASAP;Emergency,Emergency work may require separate emergency support terms.
vendor_transition_package,Vendor Transition Package,Business Starter Packs,users_count,Approximate number of users,number,False,,Estimate is acceptable.
vendor_transition_package,Vendor Transition Package,Business Starter Packs,devices_count,Approximate number of devices,number,False,,"Include computers, phones, tablets, printers, network gear, and cameras if relevant."
vendor_transition_package,Vendor Transition Package,Business Starter Packs,current_provider,"Current provider/platform, if known",text,False,,"Examples: Microsoft 365, Google Workspace, Cloudflare, GoDaddy, UniFi, Comcast, Spectrum, WordPress."
vendor_transition_package,Vendor Transition Package,Business Starter Packs,admin_access_available,Do you have authorized admin access?,select,True,Yes;No;Not sure,Do not paste credentials into this form. Maine Cyber Tech will coordinate safe access separately.
vendor_transition_package,Vendor Transition Package,Business Starter Packs,primary_goal,What are you trying to accomplish?,textarea,True,,"Describe the business goal, pain point, risk, outage, or improvement you want."
vendor_transition_package,Vendor Transition Package,Business Starter Packs,business_stage,Business stage,select,False,New business;Growing business;Changing vendors;New location;Seasonal preparation;Nonprofit/church;Other,
vendor_transition_package,Vendor Transition Package,Business Starter Packs,desired_bundle_outcome,Desired bundle outcome,textarea,False,,
it_documentation_rebuild,IT Documentation Rebuild,Business Starter Packs,business_name,Business name,text,True,,Legal or public-facing business name.
it_documentation_rebuild,IT Documentation Rebuild,Business Starter Packs,contact_name,Primary contact name,text,True,,Main person Maine Cyber Tech should coordinate with.
it_documentation_rebuild,IT Documentation Rebuild,Business Starter Packs,contact_email,Primary contact email,email,True,,"Used for scheduling, service updates, and deliverables."
it_documentation_rebuild,IT Documentation Rebuild,Business Starter Packs,contact_phone,Best phone number,tel,False,,"Useful for urgent, onsite, or access-sensitive work."
it_documentation_rebuild,IT Documentation Rebuild,Business Starter Packs,business_address,Business address or service location,textarea,False,,"Required for onsite, Wi-Fi, network, camera, hardware, or location-specific services."
it_documentation_rebuild,IT Documentation Rebuild,Business Starter Packs,urgency,How urgent is this request?,select,True,Not urgent;This week;ASAP;Emergency,Emergency work may require separate emergency support terms.
it_documentation_rebuild,IT Documentation Rebuild,Business Starter Packs,users_count,Approximate number of users,number,False,,Estimate is acceptable.
it_documentation_rebuild,IT Documentation Rebuild,Business Starter Packs,devices_count,Approximate number of devices,number,False,,"Include computers, phones, tablets, printers, network gear, and cameras if relevant."
it_documentation_rebuild,IT Documentation Rebuild,Business Starter Packs,current_provider,"Current provider/platform, if known",text,False,,"Examples: Microsoft 365, Google Workspace, Cloudflare, GoDaddy, UniFi, Comcast, Spectrum, WordPress."
it_documentation_rebuild,IT Documentation Rebuild,Business Starter Packs,admin_access_available,Do you have authorized admin access?,select,True,Yes;No;Not sure,Do not paste credentials into this form. Maine Cyber Tech will coordinate safe access separately.
it_documentation_rebuild,IT Documentation Rebuild,Business Starter Packs,primary_goal,What are you trying to accomplish?,textarea,True,,"Describe the business goal, pain point, risk, outage, or improvement you want."
it_documentation_rebuild,IT Documentation Rebuild,Business Starter Packs,business_stage,Business stage,select,False,New business;Growing business;Changing vendors;New location;Seasonal preparation;Nonprofit/church;Other,
it_documentation_rebuild,IT Documentation Rebuild,Business Starter Packs,desired_bundle_outcome,Desired bundle outcome,textarea,False,,
asset_inventory_buildout,Asset Inventory Buildout,Business Starter Packs,business_name,Business name,text,True,,Legal or public-facing business name.
asset_inventory_buildout,Asset Inventory Buildout,Business Starter Packs,contact_name,Primary contact name,text,True,,Main person Maine Cyber Tech should coordinate with.
asset_inventory_buildout,Asset Inventory Buildout,Business Starter Packs,contact_email,Primary contact email,email,True,,"Used for scheduling, service updates, and deliverables."
asset_inventory_buildout,Asset Inventory Buildout,Business Starter Packs,contact_phone,Best phone number,tel,False,,"Useful for urgent, onsite, or access-sensitive work."
asset_inventory_buildout,Asset Inventory Buildout,Business Starter Packs,business_address,Business address or service location,textarea,False,,"Required for onsite, Wi-Fi, network, camera, hardware, or location-specific services."
asset_inventory_buildout,Asset Inventory Buildout,Business Starter Packs,urgency,How urgent is this request?,select,True,Not urgent;This week;ASAP;Emergency,Emergency work may require separate emergency support terms.
asset_inventory_buildout,Asset Inventory Buildout,Business Starter Packs,users_count,Approximate number of users,number,False,,Estimate is acceptable.
asset_inventory_buildout,Asset Inventory Buildout,Business Starter Packs,devices_count,Approximate number of devices,number,False,,"Include computers, phones, tablets, printers, network gear, and cameras if relevant."
asset_inventory_buildout,Asset Inventory Buildout,Business Starter Packs,current_provider,"Current provider/platform, if known",text,False,,"Examples: Microsoft 365, Google Workspace, Cloudflare, GoDaddy, UniFi, Comcast, Spectrum, WordPress."
asset_inventory_buildout,Asset Inventory Buildout,Business Starter Packs,admin_access_available,Do you have authorized admin access?,select,True,Yes;No;Not sure,Do not paste credentials into this form. Maine Cyber Tech will coordinate safe access separately.
asset_inventory_buildout,Asset Inventory Buildout,Business Starter Packs,primary_goal,What are you trying to accomplish?,textarea,True,,"Describe the business goal, pain point, risk, outage, or improvement you want."
asset_inventory_buildout,Asset Inventory Buildout,Business Starter Packs,business_stage,Business stage,select,False,New business;Growing business;Changing vendors;New location;Seasonal preparation;Nonprofit/church;Other,
asset_inventory_buildout,Asset Inventory Buildout,Business Starter Packs,desired_bundle_outcome,Desired bundle outcome,textarea,False,,
it_roadmap_session,IT Roadmap Session,Business Starter Packs,business_name,Business name,text,True,,Legal or public-facing business name.
it_roadmap_session,IT Roadmap Session,Business Starter Packs,contact_name,Primary contact name,text,True,,Main person Maine Cyber Tech should coordinate with.
it_roadmap_session,IT Roadmap Session,Business Starter Packs,contact_email,Primary contact email,email,True,,"Used for scheduling, service updates, and deliverables."
it_roadmap_session,IT Roadmap Session,Business Starter Packs,contact_phone,Best phone number,tel,False,,"Useful for urgent, onsite, or access-sensitive work."
it_roadmap_session,IT Roadmap Session,Business Starter Packs,business_address,Business address or service location,textarea,False,,"Required for onsite, Wi-Fi, network, camera, hardware, or location-specific services."
it_roadmap_session,IT Roadmap Session,Business Starter Packs,urgency,How urgent is this request?,select,True,Not urgent;This week;ASAP;Emergency,Emergency work may require separate emergency support terms.
it_roadmap_session,IT Roadmap Session,Business Starter Packs,users_count,Approximate number of users,number,False,,Estimate is acceptable.
it_roadmap_session,IT Roadmap Session,Business Starter Packs,devices_count,Approximate number of devices,number,False,,"Include computers, phones, tablets, printers, network gear, and cameras if relevant."
it_roadmap_session,IT Roadmap Session,Business Starter Packs,current_provider,"Current provider/platform, if known",text,False,,"Examples: Microsoft 365, Google Workspace, Cloudflare, GoDaddy, UniFi, Comcast, Spectrum, WordPress."
it_roadmap_session,IT Roadmap Session,Business Starter Packs,admin_access_available,Do you have authorized admin access?,select,True,Yes;No;Not sure,Do not paste credentials into this form. Maine Cyber Tech will coordinate safe access separately.
it_roadmap_session,IT Roadmap Session,Business Starter Packs,primary_goal,What are you trying to accomplish?,textarea,True,,"Describe the business goal, pain point, risk, outage, or improvement you want."
it_roadmap_session,IT Roadmap Session,Business Starter Packs,business_stage,Business stage,select,False,New business;Growing business;Changing vendors;New location;Seasonal preparation;Nonprofit/church;Other,
it_roadmap_session,IT Roadmap Session,Business Starter Packs,desired_bundle_outcome,Desired bundle outcome,textarea,False,,
quarterly_business_review,Quarterly Business Review,Business Starter Packs,business_name,Business name,text,True,,Legal or public-facing business name.
quarterly_business_review,Quarterly Business Review,Business Starter Packs,contact_name,Primary contact name,text,True,,Main person Maine Cyber Tech should coordinate with.
quarterly_business_review,Quarterly Business Review,Business Starter Packs,contact_email,Primary contact email,email,True,,"Used for scheduling, service updates, and deliverables."
quarterly_business_review,Quarterly Business Review,Business Starter Packs,contact_phone,Best phone number,tel,False,,"Useful for urgent, onsite, or access-sensitive work."
quarterly_business_review,Quarterly Business Review,Business Starter Packs,business_address,Business address or service location,textarea,False,,"Required for onsite, Wi-Fi, network, camera, hardware, or location-specific services."
quarterly_business_review,Quarterly Business Review,Business Starter Packs,urgency,How urgent is this request?,select,True,Not urgent;This week;ASAP;Emergency,Emergency work may require separate emergency support terms.
quarterly_business_review,Quarterly Business Review,Business Starter Packs,users_count,Approximate number of users,number,False,,Estimate is acceptable.
quarterly_business_review,Quarterly Business Review,Business Starter Packs,devices_count,Approximate number of devices,number,False,,"Include computers, phones, tablets, printers, network gear, and cameras if relevant."
quarterly_business_review,Quarterly Business Review,Business Starter Packs,current_provider,"Current provider/platform, if known",text,False,,"Examples: Microsoft 365, Google Workspace, Cloudflare, GoDaddy, UniFi, Comcast, Spectrum, WordPress."
quarterly_business_review,Quarterly Business Review,Business Starter Packs,admin_access_available,Do you have authorized admin access?,select,True,Yes;No;Not sure,Do not paste credentials into this form. Maine Cyber Tech will coordinate safe access separately.
quarterly_business_review,Quarterly Business Review,Business Starter Packs,primary_goal,What are you trying to accomplish?,textarea,True,,"Describe the business goal, pain point, risk, outage, or improvement you want."
quarterly_business_review,Quarterly Business Review,Business Starter Packs,business_stage,Business stage,select,False,New business;Growing business;Changing vendors;New location;Seasonal preparation;Nonprofit/church;Other,
quarterly_business_review,Quarterly Business Review,Business Starter Packs,desired_bundle_outcome,Desired bundle outcome,textarea,False,,
phone_system_readiness_review,Phone System Readiness Review,Business Starter Packs,business_name,Business name,text,True,,Legal or public-facing business name.
phone_system_readiness_review,Phone System Readiness Review,Business Starter Packs,contact_name,Primary contact name,text,True,,Main person Maine Cyber Tech should coordinate with.
phone_system_readiness_review,Phone System Readiness Review,Business Starter Packs,contact_email,Primary contact email,email,True,,"Used for scheduling, service updates, and deliverables."
phone_system_readiness_review,Phone System Readiness Review,Business Starter Packs,contact_phone,Best phone number,tel,False,,"Useful for urgent, onsite, or access-sensitive work."
phone_system_readiness_review,Phone System Readiness Review,Business Starter Packs,business_address,Business address or service location,textarea,False,,"Required for onsite, Wi-Fi, network, camera, hardware, or location-specific services."
phone_system_readiness_review,Phone System Readiness Review,Business Starter Packs,urgency,How urgent is this request?,select,True,Not urgent;This week;ASAP;Emergency,Emergency work may require separate emergency support terms.
phone_system_readiness_review,Phone System Readiness Review,Business Starter Packs,users_count,Approximate number of users,number,False,,Estimate is acceptable.
phone_system_readiness_review,Phone System Readiness Review,Business Starter Packs,devices_count,Approximate number of devices,number,False,,"Include computers, phones, tablets, printers, network gear, and cameras if relevant."
phone_system_readiness_review,Phone System Readiness Review,Business Starter Packs,current_provider,"Current provider/platform, if known",text,False,,"Examples: Microsoft 365, Google Workspace, Cloudflare, GoDaddy, UniFi, Comcast, Spectrum, WordPress."
phone_system_readiness_review,Phone System Readiness Review,Business Starter Packs,admin_access_available,Do you have authorized admin access?,select,True,Yes;No;Not sure,Do not paste credentials into this form. Maine Cyber Tech will coordinate safe access separately.
phone_system_readiness_review,Phone System Readiness Review,Business Starter Packs,primary_goal,What are you trying to accomplish?,textarea,True,,"Describe the business goal, pain point, risk, outage, or improvement you want."
phone_system_readiness_review,Phone System Readiness Review,Business Starter Packs,business_stage,Business stage,select,False,New business;Growing business;Changing vendors;New location;Seasonal preparation;Nonprofit/church;Other,
phone_system_readiness_review,Phone System Readiness Review,Business Starter Packs,desired_bundle_outcome,Desired bundle outcome,textarea,False,,
voip_vendor_selection_help,VoIP Vendor Selection Help,Business Starter Packs,business_name,Business name,text,True,,Legal or public-facing business name.
voip_vendor_selection_help,VoIP Vendor Selection Help,Business Starter Packs,contact_name,Primary contact name,text,True,,Main person Maine Cyber Tech should coordinate with.
voip_vendor_selection_help,VoIP Vendor Selection Help,Business Starter Packs,contact_email,Primary contact email,email,True,,"Used for scheduling, service updates, and deliverables."
voip_vendor_selection_help,VoIP Vendor Selection Help,Business Starter Packs,contact_phone,Best phone number,tel,False,,"Useful for urgent, onsite, or access-sensitive work."
voip_vendor_selection_help,VoIP Vendor Selection Help,Business Starter Packs,business_address,Business address or service location,textarea,False,,"Required for onsite, Wi-Fi, network, camera, hardware, or location-specific services."
voip_vendor_selection_help,VoIP Vendor Selection Help,Business Starter Packs,urgency,How urgent is this request?,select,True,Not urgent;This week;ASAP;Emergency,Emergency work may require separate emergency support terms.
voip_vendor_selection_help,VoIP Vendor Selection Help,Business Starter Packs,users_count,Approximate number of users,number,False,,Estimate is acceptable.
voip_vendor_selection_help,VoIP Vendor Selection Help,Business Starter Packs,devices_count,Approximate number of devices,number,False,,"Include computers, phones, tablets, printers, network gear, and cameras if relevant."
voip_vendor_selection_help,VoIP Vendor Selection Help,Business Starter Packs,current_provider,"Current provider/platform, if known",text,False,,"Examples: Microsoft 365, Google Workspace, Cloudflare, GoDaddy, UniFi, Comcast, Spectrum, WordPress."
voip_vendor_selection_help,VoIP Vendor Selection Help,Business Starter Packs,admin_access_available,Do you have authorized admin access?,select,True,Yes;No;Not sure,Do not paste credentials into this form. Maine Cyber Tech will coordinate safe access separately.
voip_vendor_selection_help,VoIP Vendor Selection Help,Business Starter Packs,primary_goal,What are you trying to accomplish?,textarea,True,,"Describe the business goal, pain point, risk, outage, or improvement you want."
voip_vendor_selection_help,VoIP Vendor Selection Help,Business Starter Packs,business_stage,Business stage,select,False,New business;Growing business;Changing vendors;New location;Seasonal preparation;Nonprofit/church;Other,
voip_vendor_selection_help,VoIP Vendor Selection Help,Business Starter Packs,desired_bundle_outcome,Desired bundle outcome,textarea,False,,
voip_cutover_support,VoIP Cutover Support,Business Starter Packs,business_name,Business name,text,True,,Legal or public-facing business name.
voip_cutover_support,VoIP Cutover Support,Business Starter Packs,contact_name,Primary contact name,text,True,,Main person Maine Cyber Tech should coordinate with.
voip_cutover_support,VoIP Cutover Support,Business Starter Packs,contact_email,Primary contact email,email,True,,"Used for scheduling, service updates, and deliverables."
voip_cutover_support,VoIP Cutover Support,Business Starter Packs,contact_phone,Best phone number,tel,False,,"Useful for urgent, onsite, or access-sensitive work."
voip_cutover_support,VoIP Cutover Support,Business Starter Packs,business_address,Business address or service location,textarea,False,,"Required for onsite, Wi-Fi, network, camera, hardware, or location-specific services."
voip_cutover_support,VoIP Cutover Support,Business Starter Packs,urgency,How urgent is this request?,select,True,Not urgent;This week;ASAP;Emergency,Emergency work may require separate emergency support terms.
voip_cutover_support,VoIP Cutover Support,Business Starter Packs,users_count,Approximate number of users,number,False,,Estimate is acceptable.
voip_cutover_support,VoIP Cutover Support,Business Starter Packs,devices_count,Approximate number of devices,number,False,,"Include computers, phones, tablets, printers, network gear, and cameras if relevant."
voip_cutover_support,VoIP Cutover Support,Business Starter Packs,current_provider,"Current provider/platform, if known",text,False,,"Examples: Microsoft 365, Google Workspace, Cloudflare, GoDaddy, UniFi, Comcast, Spectrum, WordPress."
voip_cutover_support,VoIP Cutover Support,Business Starter Packs,admin_access_available,Do you have authorized admin access?,select,True,Yes;No;Not sure,Do not paste credentials into this form. Maine Cyber Tech will coordinate safe access separately.
voip_cutover_support,VoIP Cutover Support,Business Starter Packs,primary_goal,What are you trying to accomplish?,textarea,True,,"Describe the business goal, pain point, risk, outage, or improvement you want."
voip_cutover_support,VoIP Cutover Support,Business Starter Packs,business_stage,Business stage,select,False,New business;Growing business;Changing vendors;New location;Seasonal preparation;Nonprofit/church;Other,
voip_cutover_support,VoIP Cutover Support,Business Starter Packs,desired_bundle_outcome,Desired bundle outcome,textarea,False,,
auto_attendant_setup,Auto Attendant Setup,Business Starter Packs,business_name,Business name,text,True,,Legal or public-facing business name.
auto_attendant_setup,Auto Attendant Setup,Business Starter Packs,contact_name,Primary contact name,text,True,,Main person Maine Cyber Tech should coordinate with.
auto_attendant_setup,Auto Attendant Setup,Business Starter Packs,contact_email,Primary contact email,email,True,,"Used for scheduling, service updates, and deliverables."
auto_attendant_setup,Auto Attendant Setup,Business Starter Packs,contact_phone,Best phone number,tel,False,,"Useful for urgent, onsite, or access-sensitive work."
auto_attendant_setup,Auto Attendant Setup,Business Starter Packs,business_address,Business address or service location,textarea,False,,"Required for onsite, Wi-Fi, network, camera, hardware, or location-specific services."
auto_attendant_setup,Auto Attendant Setup,Business Starter Packs,urgency,How urgent is this request?,select,True,Not urgent;This week;ASAP;Emergency,Emergency work may require separate emergency support terms.
auto_attendant_setup,Auto Attendant Setup,Business Starter Packs,users_count,Approximate number of users,number,False,,Estimate is acceptable.
auto_attendant_setup,Auto Attendant Setup,Business Starter Packs,devices_count,Approximate number of devices,number,False,,"Include computers, phones, tablets, printers, network gear, and cameras if relevant."
auto_attendant_setup,Auto Attendant Setup,Business Starter Packs,current_provider,"Current provider/platform, if known",text,False,,"Examples: Microsoft 365, Google Workspace, Cloudflare, GoDaddy, UniFi, Comcast, Spectrum, WordPress."
auto_attendant_setup,Auto Attendant Setup,Business Starter Packs,admin_access_available,Do you have authorized admin access?,select,True,Yes;No;Not sure,Do not paste credentials into this form. Maine Cyber Tech will coordinate safe access separately.
auto_attendant_setup,Auto Attendant Setup,Business Starter Packs,primary_goal,What are you trying to accomplish?,textarea,True,,"Describe the business goal, pain point, risk, outage, or improvement you want."
auto_attendant_setup,Auto Attendant Setup,Business Starter Packs,business_stage,Business stage,select,False,New business;Growing business;Changing vendors;New location;Seasonal preparation;Nonprofit/church;Other,
auto_attendant_setup,Auto Attendant Setup,Business Starter Packs,desired_bundle_outcome,Desired bundle outcome,textarea,False,,
business_voicemail_setup,Business Voicemail Setup,Business Starter Packs,business_name,Business name,text,True,,Legal or public-facing business name.
business_voicemail_setup,Business Voicemail Setup,Business Starter Packs,contact_name,Primary contact name,text,True,,Main person Maine Cyber Tech should coordinate with.
business_voicemail_setup,Business Voicemail Setup,Business Starter Packs,contact_email,Primary contact email,email,True,,"Used for scheduling, service updates, and deliverables."
business_voicemail_setup,Business Voicemail Setup,Business Starter Packs,contact_phone,Best phone number,tel,False,,"Useful for urgent, onsite, or access-sensitive work."
business_voicemail_setup,Business Voicemail Setup,Business Starter Packs,business_address,Business address or service location,textarea,False,,"Required for onsite, Wi-Fi, network, camera, hardware, or location-specific services."
business_voicemail_setup,Business Voicemail Setup,Business Starter Packs,urgency,How urgent is this request?,select,True,Not urgent;This week;ASAP;Emergency,Emergency work may require separate emergency support terms.
business_voicemail_setup,Business Voicemail Setup,Business Starter Packs,users_count,Approximate number of users,number,False,,Estimate is acceptable.
business_voicemail_setup,Business Voicemail Setup,Business Starter Packs,devices_count,Approximate number of devices,number,False,,"Include computers, phones, tablets, printers, network gear, and cameras if relevant."
business_voicemail_setup,Business Voicemail Setup,Business Starter Packs,current_provider,"Current provider/platform, if known",text,False,,"Examples: Microsoft 365, Google Workspace, Cloudflare, GoDaddy, UniFi, Comcast, Spectrum, WordPress."
business_voicemail_setup,Business Voicemail Setup,Business Starter Packs,admin_access_available,Do you have authorized admin access?,select,True,Yes;No;Not sure,Do not paste credentials into this form. Maine Cyber Tech will coordinate safe access separately.
business_voicemail_setup,Business Voicemail Setup,Business Starter Packs,primary_goal,What are you trying to accomplish?,textarea,True,,"Describe the business goal, pain point, risk, outage, or improvement you want."
business_voicemail_setup,Business Voicemail Setup,Business Starter Packs,business_stage,Business stage,select,False,New business;Growing business;Changing vendors;New location;Seasonal preparation;Nonprofit/church;Other,
business_voicemail_setup,Business Voicemail Setup,Business Starter Packs,desired_bundle_outcome,Desired bundle outcome,textarea,False,,
phone_number_port_coordination,Phone Number Port Coordination,Business Starter Packs,business_name,Business name,text,True,,Legal or public-facing business name.
phone_number_port_coordination,Phone Number Port Coordination,Business Starter Packs,contact_name,Primary contact name,text,True,,Main person Maine Cyber Tech should coordinate with.
phone_number_port_coordination,Phone Number Port Coordination,Business Starter Packs,contact_email,Primary contact email,email,True,,"Used for scheduling, service updates, and deliverables."
phone_number_port_coordination,Phone Number Port Coordination,Business Starter Packs,contact_phone,Best phone number,tel,False,,"Useful for urgent, onsite, or access-sensitive work."
phone_number_port_coordination,Phone Number Port Coordination,Business Starter Packs,business_address,Business address or service location,textarea,False,,"Required for onsite, Wi-Fi, network, camera, hardware, or location-specific services."
phone_number_port_coordination,Phone Number Port Coordination,Business Starter Packs,urgency,How urgent is this request?,select,True,Not urgent;This week;ASAP;Emergency,Emergency work may require separate emergency support terms.
phone_number_port_coordination,Phone Number Port Coordination,Business Starter Packs,users_count,Approximate number of users,number,False,,Estimate is acceptable.
phone_number_port_coordination,Phone Number Port Coordination,Business Starter Packs,devices_count,Approximate number of devices,number,False,,"Include computers, phones, tablets, printers, network gear, and cameras if relevant."
phone_number_port_coordination,Phone Number Port Coordination,Business Starter Packs,current_provider,"Current provider/platform, if known",text,False,,"Examples: Microsoft 365, Google Workspace, Cloudflare, GoDaddy, UniFi, Comcast, Spectrum, WordPress."
phone_number_port_coordination,Phone Number Port Coordination,Business Starter Packs,admin_access_available,Do you have authorized admin access?,select,True,Yes;No;Not sure,Do not paste credentials into this form. Maine Cyber Tech will coordinate safe access separately.
phone_number_port_coordination,Phone Number Port Coordination,Business Starter Packs,primary_goal,What are you trying to accomplish?,textarea,True,,"Describe the business goal, pain point, risk, outage, or improvement you want."
phone_number_port_coordination,Phone Number Port Coordination,Business Starter Packs,business_stage,Business stage,select,False,New business;Growing business;Changing vendors;New location;Seasonal preparation;Nonprofit/church;Other,
phone_number_port_coordination,Phone Number Port Coordination,Business Starter Packs,desired_bundle_outcome,Desired bundle outcome,textarea,False,,
teams_phone_readiness_check,Teams Phone Readiness Check,Business Starter Packs,business_name,Business name,text,True,,Legal or public-facing business name.
teams_phone_readiness_check,Teams Phone Readiness Check,Business Starter Packs,contact_name,Primary contact name,text,True,,Main person Maine Cyber Tech should coordinate with.
teams_phone_readiness_check,Teams Phone Readiness Check,Business Starter Packs,contact_email,Primary contact email,email,True,,"Used for scheduling, service updates, and deliverables."
teams_phone_readiness_check,Teams Phone Readiness Check,Business Starter Packs,contact_phone,Best phone number,tel,False,,"Useful for urgent, onsite, or access-sensitive work."
teams_phone_readiness_check,Teams Phone Readiness Check,Business Starter Packs,business_address,Business address or service location,textarea,False,,"Required for onsite, Wi-Fi, network, camera, hardware, or location-specific services."
teams_phone_readiness_check,Teams Phone Readiness Check,Business Starter Packs,urgency,How urgent is this request?,select,True,Not urgent;This week;ASAP;Emergency,Emergency work may require separate emergency support terms.
teams_phone_readiness_check,Teams Phone Readiness Check,Business Starter Packs,users_count,Approximate number of users,number,False,,Estimate is acceptable.
teams_phone_readiness_check,Teams Phone Readiness Check,Business Starter Packs,devices_count,Approximate number of devices,number,False,,"Include computers, phones, tablets, printers, network gear, and cameras if relevant."
teams_phone_readiness_check,Teams Phone Readiness Check,Business Starter Packs,current_provider,"Current provider/platform, if known",text,False,,"Examples: Microsoft 365, Google Workspace, Cloudflare, GoDaddy, UniFi, Comcast, Spectrum, WordPress."
teams_phone_readiness_check,Teams Phone Readiness Check,Business Starter Packs,admin_access_available,Do you have authorized admin access?,select,True,Yes;No;Not sure,Do not paste credentials into this form. Maine Cyber Tech will coordinate safe access separately.
teams_phone_readiness_check,Teams Phone Readiness Check,Business Starter Packs,primary_goal,What are you trying to accomplish?,textarea,True,,"Describe the business goal, pain point, risk, outage, or improvement you want."
teams_phone_readiness_check,Teams Phone Readiness Check,Business Starter Packs,business_stage,Business stage,select,False,New business;Growing business;Changing vendors;New location;Seasonal preparation;Nonprofit/church;Other,
teams_phone_readiness_check,Teams Phone Readiness Check,Business Starter Packs,desired_bundle_outcome,Desired bundle outcome,textarea,False,,
small_business_phone_refresh,Small Business Phone Refresh,Business Starter Packs,business_name,Business name,text,True,,Legal or public-facing business name.
small_business_phone_refresh,Small Business Phone Refresh,Business Starter Packs,contact_name,Primary contact name,text,True,,Main person Maine Cyber Tech should coordinate with.
small_business_phone_refresh,Small Business Phone Refresh,Business Starter Packs,contact_email,Primary contact email,email,True,,"Used for scheduling, service updates, and deliverables."
small_business_phone_refresh,Small Business Phone Refresh,Business Starter Packs,contact_phone,Best phone number,tel,False,,"Useful for urgent, onsite, or access-sensitive work."
small_business_phone_refresh,Small Business Phone Refresh,Business Starter Packs,business_address,Business address or service location,textarea,False,,"Required for onsite, Wi-Fi, network, camera, hardware, or location-specific services."
small_business_phone_refresh,Small Business Phone Refresh,Business Starter Packs,urgency,How urgent is this request?,select,True,Not urgent;This week;ASAP;Emergency,Emergency work may require separate emergency support terms.
small_business_phone_refresh,Small Business Phone Refresh,Business Starter Packs,users_count,Approximate number of users,number,False,,Estimate is acceptable.
small_business_phone_refresh,Small Business Phone Refresh,Business Starter Packs,devices_count,Approximate number of devices,number,False,,"Include computers, phones, tablets, printers, network gear, and cameras if relevant."
small_business_phone_refresh,Small Business Phone Refresh,Business Starter Packs,current_provider,"Current provider/platform, if known",text,False,,"Examples: Microsoft 365, Google Workspace, Cloudflare, GoDaddy, UniFi, Comcast, Spectrum, WordPress."
small_business_phone_refresh,Small Business Phone Refresh,Business Starter Packs,admin_access_available,Do you have authorized admin access?,select,True,Yes;No;Not sure,Do not paste credentials into this form. Maine Cyber Tech will coordinate safe access separately.
small_business_phone_refresh,Small Business Phone Refresh,Business Starter Packs,primary_goal,What are you trying to accomplish?,textarea,True,,"Describe the business goal, pain point, risk, outage, or improvement you want."
small_business_phone_refresh,Small Business Phone Refresh,Business Starter Packs,business_stage,Business stage,select,False,New business;Growing business;Changing vendors;New location;Seasonal preparation;Nonprofit/church;Other,
small_business_phone_refresh,Small Business Phone Refresh,Business Starter Packs,desired_bundle_outcome,Desired bundle outcome,textarea,False,,
church_technology_health_check,Church Technology Health Check,Business Starter Packs,business_name,Business name,text,True,,Legal or public-facing business name.
church_technology_health_check,Church Technology Health Check,Business Starter Packs,contact_name,Primary contact name,text,True,,Main person Maine Cyber Tech should coordinate with.
church_technology_health_check,Church Technology Health Check,Business Starter Packs,contact_email,Primary contact email,email,True,,"Used for scheduling, service updates, and deliverables."
church_technology_health_check,Church Technology Health Check,Business Starter Packs,contact_phone,Best phone number,tel,False,,"Useful for urgent, onsite, or access-sensitive work."
church_technology_health_check,Church Technology Health Check,Business Starter Packs,business_address,Business address or service location,textarea,False,,"Required for onsite, Wi-Fi, network, camera, hardware, or location-specific services."
church_technology_health_check,Church Technology Health Check,Business Starter Packs,urgency,How urgent is this request?,select,True,Not urgent;This week;ASAP;Emergency,Emergency work may require separate emergency support terms.
church_technology_health_check,Church Technology Health Check,Business Starter Packs,users_count,Approximate number of users,number,False,,Estimate is acceptable.
church_technology_health_check,Church Technology Health Check,Business Starter Packs,devices_count,Approximate number of devices,number,False,,"Include computers, phones, tablets, printers, network gear, and cameras if relevant."
church_technology_health_check,Church Technology Health Check,Business Starter Packs,current_provider,"Current provider/platform, if known",text,False,,"Examples: Microsoft 365, Google Workspace, Cloudflare, GoDaddy, UniFi, Comcast, Spectrum, WordPress."
church_technology_health_check,Church Technology Health Check,Business Starter Packs,admin_access_available,Do you have authorized admin access?,select,True,Yes;No;Not sure,Do not paste credentials into this form. Maine Cyber Tech will coordinate safe access separately.
church_technology_health_check,Church Technology Health Check,Business Starter Packs,primary_goal,What are you trying to accomplish?,textarea,True,,"Describe the business goal, pain point, risk, outage, or improvement you want."
church_technology_health_check,Church Technology Health Check,Business Starter Packs,business_stage,Business stage,select,False,New business;Growing business;Changing vendors;New location;Seasonal preparation;Nonprofit/church;Other,
church_technology_health_check,Church Technology Health Check,Business Starter Packs,desired_bundle_outcome,Desired bundle outcome,textarea,False,,
livestream_setup_support,Livestream Setup Support,Business Starter Packs,business_name,Business name,text,True,,Legal or public-facing business name.
livestream_setup_support,Livestream Setup Support,Business Starter Packs,contact_name,Primary contact name,text,True,,Main person Maine Cyber Tech should coordinate with.
livestream_setup_support,Livestream Setup Support,Business Starter Packs,contact_email,Primary contact email,email,True,,"Used for scheduling, service updates, and deliverables."
livestream_setup_support,Livestream Setup Support,Business Starter Packs,contact_phone,Best phone number,tel,False,,"Useful for urgent, onsite, or access-sensitive work."
livestream_setup_support,Livestream Setup Support,Business Starter Packs,business_address,Business address or service location,textarea,False,,"Required for onsite, Wi-Fi, network, camera, hardware, or location-specific services."
livestream_setup_support,Livestream Setup Support,Business Starter Packs,urgency,How urgent is this request?,select,True,Not urgent;This week;ASAP;Emergency,Emergency work may require separate emergency support terms.
livestream_setup_support,Livestream Setup Support,Business Starter Packs,users_count,Approximate number of users,number,False,,Estimate is acceptable.
livestream_setup_support,Livestream Setup Support,Business Starter Packs,devices_count,Approximate number of devices,number,False,,"Include computers, phones, tablets, printers, network gear, and cameras if relevant."
livestream_setup_support,Livestream Setup Support,Business Starter Packs,current_provider,"Current provider/platform, if known",text,False,,"Examples: Microsoft 365, Google Workspace, Cloudflare, GoDaddy, UniFi, Comcast, Spectrum, WordPress."
livestream_setup_support,Livestream Setup Support,Business Starter Packs,admin_access_available,Do you have authorized admin access?,select,True,Yes;No;Not sure,Do not paste credentials into this form. Maine Cyber Tech will coordinate safe access separately.
livestream_setup_support,Livestream Setup Support,Business Starter Packs,primary_goal,What are you trying to accomplish?,textarea,True,,"Describe the business goal, pain point, risk, outage, or improvement you want."
livestream_setup_support,Livestream Setup Support,Business Starter Packs,business_stage,Business stage,select,False,New business;Growing business;Changing vendors;New location;Seasonal preparation;Nonprofit/church;Other,
livestream_setup_support,Livestream Setup Support,Business Starter Packs,desired_bundle_outcome,Desired bundle outcome,textarea,False,,
guest_wi_fi_for_churches,Guest Wi-Fi for Churches,Business Starter Packs,business_name,Business name,text,True,,Legal or public-facing business name.
guest_wi_fi_for_churches,Guest Wi-Fi for Churches,Business Starter Packs,contact_name,Primary contact name,text,True,,Main person Maine Cyber Tech should coordinate with.
guest_wi_fi_for_churches,Guest Wi-Fi for Churches,Business Starter Packs,contact_email,Primary contact email,email,True,,"Used for scheduling, service updates, and deliverables."
guest_wi_fi_for_churches,Guest Wi-Fi for Churches,Business Starter Packs,contact_phone,Best phone number,tel,False,,"Useful for urgent, onsite, or access-sensitive work."
guest_wi_fi_for_churches,Guest Wi-Fi for Churches,Business Starter Packs,business_address,Business address or service location,textarea,False,,"Required for onsite, Wi-Fi, network, camera, hardware, or location-specific services."
guest_wi_fi_for_churches,Guest Wi-Fi for Churches,Business Starter Packs,urgency,How urgent is this request?,select,True,Not urgent;This week;ASAP;Emergency,Emergency work may require separate emergency support terms.
guest_wi_fi_for_churches,Guest Wi-Fi for Churches,Business Starter Packs,users_count,Approximate number of users,number,False,,Estimate is acceptable.
guest_wi_fi_for_churches,Guest Wi-Fi for Churches,Business Starter Packs,devices_count,Approximate number of devices,number,False,,"Include computers, phones, tablets, printers, network gear, and cameras if relevant."
guest_wi_fi_for_churches,Guest Wi-Fi for Churches,Business Starter Packs,current_provider,"Current provider/platform, if known",text,False,,"Examples: Microsoft 365, Google Workspace, Cloudflare, GoDaddy, UniFi, Comcast, Spectrum, WordPress."
guest_wi_fi_for_churches,Guest Wi-Fi for Churches,Business Starter Packs,admin_access_available,Do you have authorized admin access?,select,True,Yes;No;Not sure,Do not paste credentials into this form. Maine Cyber Tech will coordinate safe access separately.
guest_wi_fi_for_churches,Guest Wi-Fi for Churches,Business Starter Packs,primary_goal,What are you trying to accomplish?,textarea,True,,"Describe the business goal, pain point, risk, outage, or improvement you want."
guest_wi_fi_for_churches,Guest Wi-Fi for Churches,Business Starter Packs,business_stage,Business stage,select,False,New business;Growing business;Changing vendors;New location;Seasonal preparation;Nonprofit/church;Other,
guest_wi_fi_for_churches,Guest Wi-Fi for Churches,Business Starter Packs,desired_bundle_outcome,Desired bundle outcome,textarea,False,,
volunteer_account_cleanup,Volunteer Account Cleanup,Business Starter Packs,business_name,Business name,text,True,,Legal or public-facing business name.
volunteer_account_cleanup,Volunteer Account Cleanup,Business Starter Packs,contact_name,Primary contact name,text,True,,Main person Maine Cyber Tech should coordinate with.
volunteer_account_cleanup,Volunteer Account Cleanup,Business Starter Packs,contact_email,Primary contact email,email,True,,"Used for scheduling, service updates, and deliverables."
volunteer_account_cleanup,Volunteer Account Cleanup,Business Starter Packs,contact_phone,Best phone number,tel,False,,"Useful for urgent, onsite, or access-sensitive work."
volunteer_account_cleanup,Volunteer Account Cleanup,Business Starter Packs,business_address,Business address or service location,textarea,False,,"Required for onsite, Wi-Fi, network, camera, hardware, or location-specific services."
volunteer_account_cleanup,Volunteer Account Cleanup,Business Starter Packs,urgency,How urgent is this request?,select,True,Not urgent;This week;ASAP;Emergency,Emergency work may require separate emergency support terms.
volunteer_account_cleanup,Volunteer Account Cleanup,Business Starter Packs,users_count,Approximate number of users,number,False,,Estimate is acceptable.
volunteer_account_cleanup,Volunteer Account Cleanup,Business Starter Packs,devices_count,Approximate number of devices,number,False,,"Include computers, phones, tablets, printers, network gear, and cameras if relevant."
volunteer_account_cleanup,Volunteer Account Cleanup,Business Starter Packs,current_provider,"Current provider/platform, if known",text,False,,"Examples: Microsoft 365, Google Workspace, Cloudflare, GoDaddy, UniFi, Comcast, Spectrum, WordPress."
volunteer_account_cleanup,Volunteer Account Cleanup,Business Starter Packs,admin_access_available,Do you have authorized admin access?,select,True,Yes;No;Not sure,Do not paste credentials into this form. Maine Cyber Tech will coordinate safe access separately.
volunteer_account_cleanup,Volunteer Account Cleanup,Business Starter Packs,primary_goal,What are you trying to accomplish?,textarea,True,,"Describe the business goal, pain point, risk, outage, or improvement you want."
volunteer_account_cleanup,Volunteer Account Cleanup,Business Starter Packs,business_stage,Business stage,select,False,New business;Growing business;Changing vendors;New location;Seasonal preparation;Nonprofit/church;Other,
volunteer_account_cleanup,Volunteer Account Cleanup,Business Starter Packs,desired_bundle_outcome,Desired bundle outcome,textarea,False,,
church_it_foundation,Church IT Foundation,Business Starter Packs,business_name,Business name,text,True,,Legal or public-facing business name.
church_it_foundation,Church IT Foundation,Business Starter Packs,contact_name,Primary contact name,text,True,,Main person Maine Cyber Tech should coordinate with.
church_it_foundation,Church IT Foundation,Business Starter Packs,contact_email,Primary contact email,email,True,,"Used for scheduling, service updates, and deliverables."
church_it_foundation,Church IT Foundation,Business Starter Packs,contact_phone,Best phone number,tel,False,,"Useful for urgent, onsite, or access-sensitive work."
church_it_foundation,Church IT Foundation,Business Starter Packs,business_address,Business address or service location,textarea,False,,"Required for onsite, Wi-Fi, network, camera, hardware, or location-specific services."
church_it_foundation,Church IT Foundation,Business Starter Packs,urgency,How urgent is this request?,select,True,Not urgent;This week;ASAP;Emergency,Emergency work may require separate emergency support terms.
church_it_foundation,Church IT Foundation,Business Starter Packs,users_count,Approximate number of users,number,False,,Estimate is acceptable.
church_it_foundation,Church IT Foundation,Business Starter Packs,devices_count,Approximate number of devices,number,False,,"Include computers, phones, tablets, printers, network gear, and cameras if relevant."
church_it_foundation,Church IT Foundation,Business Starter Packs,current_provider,"Current provider/platform, if known",text,False,,"Examples: Microsoft 365, Google Workspace, Cloudflare, GoDaddy, UniFi, Comcast, Spectrum, WordPress."
church_it_foundation,Church IT Foundation,Business Starter Packs,admin_access_available,Do you have authorized admin access?,select,True,Yes;No;Not sure,Do not paste credentials into this form. Maine Cyber Tech will coordinate safe access separately.
church_it_foundation,Church IT Foundation,Business Starter Packs,primary_goal,What are you trying to accomplish?,textarea,True,,"Describe the business goal, pain point, risk, outage, or improvement you want."
church_it_foundation,Church IT Foundation,Business Starter Packs,business_stage,Business stage,select,False,New business;Growing business;Changing vendors;New location;Seasonal preparation;Nonprofit/church;Other,
church_it_foundation,Church IT Foundation,Business Starter Packs,desired_bundle_outcome,Desired bundle outcome,textarea,False,,
marina_connectivity_pack,Marina Connectivity Pack,Business Starter Packs,business_name,Business name,text,True,,Legal or public-facing business name.
marina_connectivity_pack,Marina Connectivity Pack,Business Starter Packs,contact_name,Primary contact name,text,True,,Main person Maine Cyber Tech should coordinate with.
marina_connectivity_pack,Marina Connectivity Pack,Business Starter Packs,contact_email,Primary contact email,email,True,,"Used for scheduling, service updates, and deliverables."
marina_connectivity_pack,Marina Connectivity Pack,Business Starter Packs,contact_phone,Best phone number,tel,False,,"Useful for urgent, onsite, or access-sensitive work."
marina_connectivity_pack,Marina Connectivity Pack,Business Starter Packs,business_address,Business address or service location,textarea,False,,"Required for onsite, Wi-Fi, network, camera, hardware, or location-specific services."
marina_connectivity_pack,Marina Connectivity Pack,Business Starter Packs,urgency,How urgent is this request?,select,True,Not urgent;This week;ASAP;Emergency,Emergency work may require separate emergency support terms.
marina_connectivity_pack,Marina Connectivity Pack,Business Starter Packs,users_count,Approximate number of users,number,False,,Estimate is acceptable.
marina_connectivity_pack,Marina Connectivity Pack,Business Starter Packs,devices_count,Approximate number of devices,number,False,,"Include computers, phones, tablets, printers, network gear, and cameras if relevant."
marina_connectivity_pack,Marina Connectivity Pack,Business Starter Packs,current_provider,"Current provider/platform, if known",text,False,,"Examples: Microsoft 365, Google Workspace, Cloudflare, GoDaddy, UniFi, Comcast, Spectrum, WordPress."
marina_connectivity_pack,Marina Connectivity Pack,Business Starter Packs,admin_access_available,Do you have authorized admin access?,select,True,Yes;No;Not sure,Do not paste credentials into this form. Maine Cyber Tech will coordinate safe access separately.
marina_connectivity_pack,Marina Connectivity Pack,Business Starter Packs,primary_goal,What are you trying to accomplish?,textarea,True,,"Describe the business goal, pain point, risk, outage, or improvement you want."
marina_connectivity_pack,Marina Connectivity Pack,Business Starter Packs,business_stage,Business stage,select,False,New business;Growing business;Changing vendors;New location;Seasonal preparation;Nonprofit/church;Other,
marina_connectivity_pack,Marina Connectivity Pack,Business Starter Packs,desired_bundle_outcome,Desired bundle outcome,textarea,False,,
outdoor_wi_fi_planning_for_marinas,Outdoor Wi-Fi Planning for Marinas,Business Starter Packs,business_name,Business name,text,True,,Legal or public-facing business name.
outdoor_wi_fi_planning_for_marinas,Outdoor Wi-Fi Planning for Marinas,Business Starter Packs,contact_name,Primary contact name,text,True,,Main person Maine Cyber Tech should coordinate with.
outdoor_wi_fi_planning_for_marinas,Outdoor Wi-Fi Planning for Marinas,Business Starter Packs,contact_email,Primary contact email,email,True,,"Used for scheduling, service updates, and deliverables."
outdoor_wi_fi_planning_for_marinas,Outdoor Wi-Fi Planning for Marinas,Business Starter Packs,contact_phone,Best phone number,tel,False,,"Useful for urgent, onsite, or access-sensitive work."
outdoor_wi_fi_planning_for_marinas,Outdoor Wi-Fi Planning for Marinas,Business Starter Packs,business_address,Business address or service location,textarea,False,,"Required for onsite, Wi-Fi, network, camera, hardware, or location-specific services."
outdoor_wi_fi_planning_for_marinas,Outdoor Wi-Fi Planning for Marinas,Business Starter Packs,urgency,How urgent is this request?,select,True,Not urgent;This week;ASAP;Emergency,Emergency work may require separate emergency support terms.
outdoor_wi_fi_planning_for_marinas,Outdoor Wi-Fi Planning for Marinas,Business Starter Packs,users_count,Approximate number of users,number,False,,Estimate is acceptable.
outdoor_wi_fi_planning_for_marinas,Outdoor Wi-Fi Planning for Marinas,Business Starter Packs,devices_count,Approximate number of devices,number,False,,"Include computers, phones, tablets, printers, network gear, and cameras if relevant."
outdoor_wi_fi_planning_for_marinas,Outdoor Wi-Fi Planning for Marinas,Business Starter Packs,current_provider,"Current provider/platform, if known",text,False,,"Examples: Microsoft 365, Google Workspace, Cloudflare, GoDaddy, UniFi, Comcast, Spectrum, WordPress."
outdoor_wi_fi_planning_for_marinas,Outdoor Wi-Fi Planning for Marinas,Business Starter Packs,admin_access_available,Do you have authorized admin access?,select,True,Yes;No;Not sure,Do not paste credentials into this form. Maine Cyber Tech will coordinate safe access separately.
outdoor_wi_fi_planning_for_marinas,Outdoor Wi-Fi Planning for Marinas,Business Starter Packs,primary_goal,What are you trying to accomplish?,textarea,True,,"Describe the business goal, pain point, risk, outage, or improvement you want."
outdoor_wi_fi_planning_for_marinas,Outdoor Wi-Fi Planning for Marinas,Business Starter Packs,business_stage,Business stage,select,False,New business;Growing business;Changing vendors;New location;Seasonal preparation;Nonprofit/church;Other,
outdoor_wi_fi_planning_for_marinas,Outdoor Wi-Fi Planning for Marinas,Business Starter Packs,desired_bundle_outcome,Desired bundle outcome,textarea,False,,
security_camera_planning_for_marinas,Security Camera Planning for Marinas,Business Starter Packs,business_name,Business name,text,True,,Legal or public-facing business name.
security_camera_planning_for_marinas,Security Camera Planning for Marinas,Business Starter Packs,contact_name,Primary contact name,text,True,,Main person Maine Cyber Tech should coordinate with.
security_camera_planning_for_marinas,Security Camera Planning for Marinas,Business Starter Packs,contact_email,Primary contact email,email,True,,"Used for scheduling, service updates, and deliverables."
security_camera_planning_for_marinas,Security Camera Planning for Marinas,Business Starter Packs,contact_phone,Best phone number,tel,False,,"Useful for urgent, onsite, or access-sensitive work."
security_camera_planning_for_marinas,Security Camera Planning for Marinas,Business Starter Packs,business_address,Business address or service location,textarea,False,,"Required for onsite, Wi-Fi, network, camera, hardware, or location-specific services."
security_camera_planning_for_marinas,Security Camera Planning for Marinas,Business Starter Packs,urgency,How urgent is this request?,select,True,Not urgent;This week;ASAP;Emergency,Emergency work may require separate emergency support terms.
security_camera_planning_for_marinas,Security Camera Planning for Marinas,Business Starter Packs,users_count,Approximate number of users,number,False,,Estimate is acceptable.
security_camera_planning_for_marinas,Security Camera Planning for Marinas,Business Starter Packs,devices_count,Approximate number of devices,number,False,,"Include computers, phones, tablets, printers, network gear, and cameras if relevant."
security_camera_planning_for_marinas,Security Camera Planning for Marinas,Business Starter Packs,current_provider,"Current provider/platform, if known",text,False,,"Examples: Microsoft 365, Google Workspace, Cloudflare, GoDaddy, UniFi, Comcast, Spectrum, WordPress."
security_camera_planning_for_marinas,Security Camera Planning for Marinas,Business Starter Packs,admin_access_available,Do you have authorized admin access?,select,True,Yes;No;Not sure,Do not paste credentials into this form. Maine Cyber Tech will coordinate safe access separately.
security_camera_planning_for_marinas,Security Camera Planning for Marinas,Business Starter Packs,primary_goal,What are you trying to accomplish?,textarea,True,,"Describe the business goal, pain point, risk, outage, or improvement you want."
security_camera_planning_for_marinas,Security Camera Planning for Marinas,Business Starter Packs,business_stage,Business stage,select,False,New business;Growing business;Changing vendors;New location;Seasonal preparation;Nonprofit/church;Other,
security_camera_planning_for_marinas,Security Camera Planning for Marinas,Business Starter Packs,desired_bundle_outcome,Desired bundle outcome,textarea,False,,
gate_and_sign_connectivity_review,Gate and Sign Connectivity Review,Business Starter Packs,business_name,Business name,text,True,,Legal or public-facing business name.
gate_and_sign_connectivity_review,Gate and Sign Connectivity Review,Business Starter Packs,contact_name,Primary contact name,text,True,,Main person Maine Cyber Tech should coordinate with.
gate_and_sign_connectivity_review,Gate and Sign Connectivity Review,Business Starter Packs,contact_email,Primary contact email,email,True,,"Used for scheduling, service updates, and deliverables."
gate_and_sign_connectivity_review,Gate and Sign Connectivity Review,Business Starter Packs,contact_phone,Best phone number,tel,False,,"Useful for urgent, onsite, or access-sensitive work."
gate_and_sign_connectivity_review,Gate and Sign Connectivity Review,Business Starter Packs,business_address,Business address or service location,textarea,False,,"Required for onsite, Wi-Fi, network, camera, hardware, or location-specific services."
gate_and_sign_connectivity_review,Gate and Sign Connectivity Review,Business Starter Packs,urgency,How urgent is this request?,select,True,Not urgent;This week;ASAP;Emergency,Emergency work may require separate emergency support terms.
gate_and_sign_connectivity_review,Gate and Sign Connectivity Review,Business Starter Packs,users_count,Approximate number of users,number,False,,Estimate is acceptable.
gate_and_sign_connectivity_review,Gate and Sign Connectivity Review,Business Starter Packs,devices_count,Approximate number of devices,number,False,,"Include computers, phones, tablets, printers, network gear, and cameras if relevant."
gate_and_sign_connectivity_review,Gate and Sign Connectivity Review,Business Starter Packs,current_provider,"Current provider/platform, if known",text,False,,"Examples: Microsoft 365, Google Workspace, Cloudflare, GoDaddy, UniFi, Comcast, Spectrum, WordPress."
gate_and_sign_connectivity_review,Gate and Sign Connectivity Review,Business Starter Packs,admin_access_available,Do you have authorized admin access?,select,True,Yes;No;Not sure,Do not paste credentials into this form. Maine Cyber Tech will coordinate safe access separately.
gate_and_sign_connectivity_review,Gate and Sign Connectivity Review,Business Starter Packs,primary_goal,What are you trying to accomplish?,textarea,True,,"Describe the business goal, pain point, risk, outage, or improvement you want."
gate_and_sign_connectivity_review,Gate and Sign Connectivity Review,Business Starter Packs,business_stage,Business stage,select,False,New business;Growing business;Changing vendors;New location;Seasonal preparation;Nonprofit/church;Other,
gate_and_sign_connectivity_review,Gate and Sign Connectivity Review,Business Starter Packs,desired_bundle_outcome,Desired bundle outcome,textarea,False,,
seasonal_business_it_readiness,Seasonal Business IT Readiness,Business Starter Packs,business_name,Business name,text,True,,Legal or public-facing business name.
seasonal_business_it_readiness,Seasonal Business IT Readiness,Business Starter Packs,contact_name,Primary contact name,text,True,,Main person Maine Cyber Tech should coordinate with.
seasonal_business_it_readiness,Seasonal Business IT Readiness,Business Starter Packs,contact_email,Primary contact email,email,True,,"Used for scheduling, service updates, and deliverables."
seasonal_business_it_readiness,Seasonal Business IT Readiness,Business Starter Packs,contact_phone,Best phone number,tel,False,,"Useful for urgent, onsite, or access-sensitive work."
seasonal_business_it_readiness,Seasonal Business IT Readiness,Business Starter Packs,business_address,Business address or service location,textarea,False,,"Required for onsite, Wi-Fi, network, camera, hardware, or location-specific services."
seasonal_business_it_readiness,Seasonal Business IT Readiness,Business Starter Packs,urgency,How urgent is this request?,select,True,Not urgent;This week;ASAP;Emergency,Emergency work may require separate emergency support terms.
seasonal_business_it_readiness,Seasonal Business IT Readiness,Business Starter Packs,users_count,Approximate number of users,number,False,,Estimate is acceptable.
seasonal_business_it_readiness,Seasonal Business IT Readiness,Business Starter Packs,devices_count,Approximate number of devices,number,False,,"Include computers, phones, tablets, printers, network gear, and cameras if relevant."
seasonal_business_it_readiness,Seasonal Business IT Readiness,Business Starter Packs,current_provider,"Current provider/platform, if known",text,False,,"Examples: Microsoft 365, Google Workspace, Cloudflare, GoDaddy, UniFi, Comcast, Spectrum, WordPress."
seasonal_business_it_readiness,Seasonal Business IT Readiness,Business Starter Packs,admin_access_available,Do you have authorized admin access?,select,True,Yes;No;Not sure,Do not paste credentials into this form. Maine Cyber Tech will coordinate safe access separately.
seasonal_business_it_readiness,Seasonal Business IT Readiness,Business Starter Packs,primary_goal,What are you trying to accomplish?,textarea,True,,"Describe the business goal, pain point, risk, outage, or improvement you want."
seasonal_business_it_readiness,Seasonal Business IT Readiness,Business Starter Packs,business_stage,Business stage,select,False,New business;Growing business;Changing vendors;New location;Seasonal preparation;Nonprofit/church;Other,
seasonal_business_it_readiness,Seasonal Business IT Readiness,Business Starter Packs,desired_bundle_outcome,Desired bundle outcome,textarea,False,,
wellness_office_security_pack,Wellness Office Security Pack,Business Starter Packs,business_name,Business name,text,True,,Legal or public-facing business name.
wellness_office_security_pack,Wellness Office Security Pack,Business Starter Packs,contact_name,Primary contact name,text,True,,Main person Maine Cyber Tech should coordinate with.
wellness_office_security_pack,Wellness Office Security Pack,Business Starter Packs,contact_email,Primary contact email,email,True,,"Used for scheduling, service updates, and deliverables."
wellness_office_security_pack,Wellness Office Security Pack,Business Starter Packs,contact_phone,Best phone number,tel,False,,"Useful for urgent, onsite, or access-sensitive work."
wellness_office_security_pack,Wellness Office Security Pack,Business Starter Packs,business_address,Business address or service location,textarea,False,,"Required for onsite, Wi-Fi, network, camera, hardware, or location-specific services."
wellness_office_security_pack,Wellness Office Security Pack,Business Starter Packs,urgency,How urgent is this request?,select,True,Not urgent;This week;ASAP;Emergency,Emergency work may require separate emergency support terms.
wellness_office_security_pack,Wellness Office Security Pack,Business Starter Packs,users_count,Approximate number of users,number,False,,Estimate is acceptable.
wellness_office_security_pack,Wellness Office Security Pack,Business Starter Packs,devices_count,Approximate number of devices,number,False,,"Include computers, phones, tablets, printers, network gear, and cameras if relevant."
wellness_office_security_pack,Wellness Office Security Pack,Business Starter Packs,current_provider,"Current provider/platform, if known",text,False,,"Examples: Microsoft 365, Google Workspace, Cloudflare, GoDaddy, UniFi, Comcast, Spectrum, WordPress."
wellness_office_security_pack,Wellness Office Security Pack,Business Starter Packs,admin_access_available,Do you have authorized admin access?,select,True,Yes;No;Not sure,Do not paste credentials into this form. Maine Cyber Tech will coordinate safe access separately.
wellness_office_security_pack,Wellness Office Security Pack,Business Starter Packs,primary_goal,What are you trying to accomplish?,textarea,True,,"Describe the business goal, pain point, risk, outage, or improvement you want."
wellness_office_security_pack,Wellness Office Security Pack,Business Starter Packs,business_stage,Business stage,select,False,New business;Growing business;Changing vendors;New location;Seasonal preparation;Nonprofit/church;Other,
wellness_office_security_pack,Wellness Office Security Pack,Business Starter Packs,desired_bundle_outcome,Desired bundle outcome,textarea,False,,
patient_wi_fi_separation,Patient Wi-Fi Separation,Business Starter Packs,business_name,Business name,text,True,,Legal or public-facing business name.
patient_wi_fi_separation,Patient Wi-Fi Separation,Business Starter Packs,contact_name,Primary contact name,text,True,,Main person Maine Cyber Tech should coordinate with.
patient_wi_fi_separation,Patient Wi-Fi Separation,Business Starter Packs,contact_email,Primary contact email,email,True,,"Used for scheduling, service updates, and deliverables."
patient_wi_fi_separation,Patient Wi-Fi Separation,Business Starter Packs,contact_phone,Best phone number,tel,False,,"Useful for urgent, onsite, or access-sensitive work."
patient_wi_fi_separation,Patient Wi-Fi Separation,Business Starter Packs,business_address,Business address or service location,textarea,False,,"Required for onsite, Wi-Fi, network, camera, hardware, or location-specific services."
patient_wi_fi_separation,Patient Wi-Fi Separation,Business Starter Packs,urgency,How urgent is this request?,select,True,Not urgent;This week;ASAP;Emergency,Emergency work may require separate emergency support terms.
patient_wi_fi_separation,Patient Wi-Fi Separation,Business Starter Packs,users_count,Approximate number of users,number,False,,Estimate is acceptable.
patient_wi_fi_separation,Patient Wi-Fi Separation,Business Starter Packs,devices_count,Approximate number of devices,number,False,,"Include computers, phones, tablets, printers, network gear, and cameras if relevant."
patient_wi_fi_separation,Patient Wi-Fi Separation,Business Starter Packs,current_provider,"Current provider/platform, if known",text,False,,"Examples: Microsoft 365, Google Workspace, Cloudflare, GoDaddy, UniFi, Comcast, Spectrum, WordPress."
patient_wi_fi_separation,Patient Wi-Fi Separation,Business Starter Packs,admin_access_available,Do you have authorized admin access?,select,True,Yes;No;Not sure,Do not paste credentials into this form. Maine Cyber Tech will coordinate safe access separately.
patient_wi_fi_separation,Patient Wi-Fi Separation,Business Starter Packs,primary_goal,What are you trying to accomplish?,textarea,True,,"Describe the business goal, pain point, risk, outage, or improvement you want."
patient_wi_fi_separation,Patient Wi-Fi Separation,Business Starter Packs,business_stage,Business stage,select,False,New business;Growing business;Changing vendors;New location;Seasonal preparation;Nonprofit/church;Other,
patient_wi_fi_separation,Patient Wi-Fi Separation,Business Starter Packs,desired_bundle_outcome,Desired bundle outcome,textarea,False,,
contractor_digital_office,Contractor Digital Office,Business Starter Packs,business_name,Business name,text,True,,Legal or public-facing business name.
contractor_digital_office,Contractor Digital Office,Business Starter Packs,contact_name,Primary contact name,text,True,,Main person Maine Cyber Tech should coordinate with.
contractor_digital_office,Contractor Digital Office,Business Starter Packs,contact_email,Primary contact email,email,True,,"Used for scheduling, service updates, and deliverables."
contractor_digital_office,Contractor Digital Office,Business Starter Packs,contact_phone,Best phone number,tel,False,,"Useful for urgent, onsite, or access-sensitive work."
contractor_digital_office,Contractor Digital Office,Business Starter Packs,business_address,Business address or service location,textarea,False,,"Required for onsite, Wi-Fi, network, camera, hardware, or location-specific services."
contractor_digital_office,Contractor Digital Office,Business Starter Packs,urgency,How urgent is this request?,select,True,Not urgent;This week;ASAP;Emergency,Emergency work may require separate emergency support terms.
contractor_digital_office,Contractor Digital Office,Business Starter Packs,users_count,Approximate number of users,number,False,,Estimate is acceptable.
contractor_digital_office,Contractor Digital Office,Business Starter Packs,devices_count,Approximate number of devices,number,False,,"Include computers, phones, tablets, printers, network gear, and cameras if relevant."
contractor_digital_office,Contractor Digital Office,Business Starter Packs,current_provider,"Current provider/platform, if known",text,False,,"Examples: Microsoft 365, Google Workspace, Cloudflare, GoDaddy, UniFi, Comcast, Spectrum, WordPress."
contractor_digital_office,Contractor Digital Office,Business Starter Packs,admin_access_available,Do you have authorized admin access?,select,True,Yes;No;Not sure,Do not paste credentials into this form. Maine Cyber Tech will coordinate safe access separately.
contractor_digital_office,Contractor Digital Office,Business Starter Packs,primary_goal,What are you trying to accomplish?,textarea,True,,"Describe the business goal, pain point, risk, outage, or improvement you want."
contractor_digital_office,Contractor Digital Office,Business Starter Packs,business_stage,Business stage,select,False,New business;Growing business;Changing vendors;New location;Seasonal preparation;Nonprofit/church;Other,
contractor_digital_office,Contractor Digital Office,Business Starter Packs,desired_bundle_outcome,Desired bundle outcome,textarea,False,,
field_laptop_setup,Field Laptop Setup,Business Starter Packs,business_name,Business name,text,True,,Legal or public-facing business name.
field_laptop_setup,Field Laptop Setup,Business Starter Packs,contact_name,Primary contact name,text,True,,Main person Maine Cyber Tech should coordinate with.
field_laptop_setup,Field Laptop Setup,Business Starter Packs,contact_email,Primary contact email,email,True,,"Used for scheduling, service updates, and deliverables."
field_laptop_setup,Field Laptop Setup,Business Starter Packs,contact_phone,Best phone number,tel,False,,"Useful for urgent, onsite, or access-sensitive work."
field_laptop_setup,Field Laptop Setup,Business Starter Packs,business_address,Business address or service location,textarea,False,,"Required for onsite, Wi-Fi, network, camera, hardware, or location-specific services."
field_laptop_setup,Field Laptop Setup,Business Starter Packs,urgency,How urgent is this request?,select,True,Not urgent;This week;ASAP;Emergency,Emergency work may require separate emergency support terms.
field_laptop_setup,Field Laptop Setup,Business Starter Packs,users_count,Approximate number of users,number,False,,Estimate is acceptable.
field_laptop_setup,Field Laptop Setup,Business Starter Packs,devices_count,Approximate number of devices,number,False,,"Include computers, phones, tablets, printers, network gear, and cameras if relevant."
field_laptop_setup,Field Laptop Setup,Business Starter Packs,current_provider,"Current provider/platform, if known",text,False,,"Examples: Microsoft 365, Google Workspace, Cloudflare, GoDaddy, UniFi, Comcast, Spectrum, WordPress."
field_laptop_setup,Field Laptop Setup,Business Starter Packs,admin_access_available,Do you have authorized admin access?,select,True,Yes;No;Not sure,Do not paste credentials into this form. Maine Cyber Tech will coordinate safe access separately.
field_laptop_setup,Field Laptop Setup,Business Starter Packs,primary_goal,What are you trying to accomplish?,textarea,True,,"Describe the business goal, pain point, risk, outage, or improvement you want."
field_laptop_setup,Field Laptop Setup,Business Starter Packs,business_stage,Business stage,select,False,New business;Growing business;Changing vendors;New location;Seasonal preparation;Nonprofit/church;Other,
field_laptop_setup,Field Laptop Setup,Business Starter Packs,desired_bundle_outcome,Desired bundle outcome,textarea,False,,
cloud_file_setup_for_job_photos,Cloud File Setup for Job Photos,Business Starter Packs,business_name,Business name,text,True,,Legal or public-facing business name.
cloud_file_setup_for_job_photos,Cloud File Setup for Job Photos,Business Starter Packs,contact_name,Primary contact name,text,True,,Main person Maine Cyber Tech should coordinate with.
cloud_file_setup_for_job_photos,Cloud File Setup for Job Photos,Business Starter Packs,contact_email,Primary contact email,email,True,,"Used for scheduling, service updates, and deliverables."
cloud_file_setup_for_job_photos,Cloud File Setup for Job Photos,Business Starter Packs,contact_phone,Best phone number,tel,False,,"Useful for urgent, onsite, or access-sensitive work."
cloud_file_setup_for_job_photos,Cloud File Setup for Job Photos,Business Starter Packs,business_address,Business address or service location,textarea,False,,"Required for onsite, Wi-Fi, network, camera, hardware, or location-specific services."
cloud_file_setup_for_job_photos,Cloud File Setup for Job Photos,Business Starter Packs,urgency,How urgent is this request?,select,True,Not urgent;This week;ASAP;Emergency,Emergency work may require separate emergency support terms.
cloud_file_setup_for_job_photos,Cloud File Setup for Job Photos,Business Starter Packs,users_count,Approximate number of users,number,False,,Estimate is acceptable.
cloud_file_setup_for_job_photos,Cloud File Setup for Job Photos,Business Starter Packs,devices_count,Approximate number of devices,number,False,,"Include computers, phones, tablets, printers, network gear, and cameras if relevant."
cloud_file_setup_for_job_photos,Cloud File Setup for Job Photos,Business Starter Packs,current_provider,"Current provider/platform, if known",text,False,,"Examples: Microsoft 365, Google Workspace, Cloudflare, GoDaddy, UniFi, Comcast, Spectrum, WordPress."
cloud_file_setup_for_job_photos,Cloud File Setup for Job Photos,Business Starter Packs,admin_access_available,Do you have authorized admin access?,select,True,Yes;No;Not sure,Do not paste credentials into this form. Maine Cyber Tech will coordinate safe access separately.
cloud_file_setup_for_job_photos,Cloud File Setup for Job Photos,Business Starter Packs,primary_goal,What are you trying to accomplish?,textarea,True,,"Describe the business goal, pain point, risk, outage, or improvement you want."
cloud_file_setup_for_job_photos,Cloud File Setup for Job Photos,Business Starter Packs,business_stage,Business stage,select,False,New business;Growing business;Changing vendors;New location;Seasonal preparation;Nonprofit/church;Other,
cloud_file_setup_for_job_photos,Cloud File Setup for Job Photos,Business Starter Packs,desired_bundle_outcome,Desired bundle outcome,textarea,False,,
mobile_device_security_setup,Mobile Device Security Setup,Business Starter Packs,business_name,Business name,text,True,,Legal or public-facing business name.
mobile_device_security_setup,Mobile Device Security Setup,Business Starter Packs,contact_name,Primary contact name,text,True,,Main person Maine Cyber Tech should coordinate with.
mobile_device_security_setup,Mobile Device Security Setup,Business Starter Packs,contact_email,Primary contact email,email,True,,"Used for scheduling, service updates, and deliverables."
mobile_device_security_setup,Mobile Device Security Setup,Business Starter Packs,contact_phone,Best phone number,tel,False,,"Useful for urgent, onsite, or access-sensitive work."
mobile_device_security_setup,Mobile Device Security Setup,Business Starter Packs,business_address,Business address or service location,textarea,False,,"Required for onsite, Wi-Fi, network, camera, hardware, or location-specific services."
mobile_device_security_setup,Mobile Device Security Setup,Business Starter Packs,urgency,How urgent is this request?,select,True,Not urgent;This week;ASAP;Emergency,Emergency work may require separate emergency support terms.
mobile_device_security_setup,Mobile Device Security Setup,Business Starter Packs,users_count,Approximate number of users,number,False,,Estimate is acceptable.
mobile_device_security_setup,Mobile Device Security Setup,Business Starter Packs,devices_count,Approximate number of devices,number,False,,"Include computers, phones, tablets, printers, network gear, and cameras if relevant."
mobile_device_security_setup,Mobile Device Security Setup,Business Starter Packs,current_provider,"Current provider/platform, if known",text,False,,"Examples: Microsoft 365, Google Workspace, Cloudflare, GoDaddy, UniFi, Comcast, Spectrum, WordPress."
mobile_device_security_setup,Mobile Device Security Setup,Business Starter Packs,admin_access_available,Do you have authorized admin access?,select,True,Yes;No;Not sure,Do not paste credentials into this form. Maine Cyber Tech will coordinate safe access separately.
mobile_device_security_setup,Mobile Device Security Setup,Business Starter Packs,primary_goal,What are you trying to accomplish?,textarea,True,,"Describe the business goal, pain point, risk, outage, or improvement you want."
mobile_device_security_setup,Mobile Device Security Setup,Business Starter Packs,business_stage,Business stage,select,False,New business;Growing business;Changing vendors;New location;Seasonal preparation;Nonprofit/church;Other,
mobile_device_security_setup,Mobile Device Security Setup,Business Starter Packs,desired_bundle_outcome,Desired bundle outcome,textarea,False,,
blueberry_business_starter,Blueberry Business Starter,Business Starter Packs,business_name,Business name,text,True,,Legal or public-facing business name.
blueberry_business_starter,Blueberry Business Starter,Business Starter Packs,contact_name,Primary contact name,text,True,,Main person Maine Cyber Tech should coordinate with.
blueberry_business_starter,Blueberry Business Starter,Business Starter Packs,contact_email,Primary contact email,email,True,,"Used for scheduling, service updates, and deliverables."
blueberry_business_starter,Blueberry Business Starter,Business Starter Packs,contact_phone,Best phone number,tel,False,,"Useful for urgent, onsite, or access-sensitive work."
blueberry_business_starter,Blueberry Business Starter,Business Starter Packs,business_address,Business address or service location,textarea,False,,"Required for onsite, Wi-Fi, network, camera, hardware, or location-specific services."
blueberry_business_starter,Blueberry Business Starter,Business Starter Packs,urgency,How urgent is this request?,select,True,Not urgent;This week;ASAP;Emergency,Emergency work may require separate emergency support terms.
blueberry_business_starter,Blueberry Business Starter,Business Starter Packs,users_count,Approximate number of users,number,False,,Estimate is acceptable.
blueberry_business_starter,Blueberry Business Starter,Business Starter Packs,devices_count,Approximate number of devices,number,False,,"Include computers, phones, tablets, printers, network gear, and cameras if relevant."
blueberry_business_starter,Blueberry Business Starter,Business Starter Packs,current_provider,"Current provider/platform, if known",text,False,,"Examples: Microsoft 365, Google Workspace, Cloudflare, GoDaddy, UniFi, Comcast, Spectrum, WordPress."
blueberry_business_starter,Blueberry Business Starter,Business Starter Packs,admin_access_available,Do you have authorized admin access?,select,True,Yes;No;Not sure,Do not paste credentials into this form. Maine Cyber Tech will coordinate safe access separately.
blueberry_business_starter,Blueberry Business Starter,Business Starter Packs,primary_goal,What are you trying to accomplish?,textarea,True,,"Describe the business goal, pain point, risk, outage, or improvement you want."
blueberry_business_starter,Blueberry Business Starter,Business Starter Packs,business_stage,Business stage,select,False,New business;Growing business;Changing vendors;New location;Seasonal preparation;Nonprofit/church;Other,
blueberry_business_starter,Blueberry Business Starter,Business Starter Packs,desired_bundle_outcome,Desired bundle outcome,textarea,False,,
pine_tree_protection_pack,Pine Tree Protection Pack,Business Starter Packs,business_name,Business name,text,True,,Legal or public-facing business name.
pine_tree_protection_pack,Pine Tree Protection Pack,Business Starter Packs,contact_name,Primary contact name,text,True,,Main person Maine Cyber Tech should coordinate with.
pine_tree_protection_pack,Pine Tree Protection Pack,Business Starter Packs,contact_email,Primary contact email,email,True,,"Used for scheduling, service updates, and deliverables."
pine_tree_protection_pack,Pine Tree Protection Pack,Business Starter Packs,contact_phone,Best phone number,tel,False,,"Useful for urgent, onsite, or access-sensitive work."
pine_tree_protection_pack,Pine Tree Protection Pack,Business Starter Packs,business_address,Business address or service location,textarea,False,,"Required for onsite, Wi-Fi, network, camera, hardware, or location-specific services."
pine_tree_protection_pack,Pine Tree Protection Pack,Business Starter Packs,urgency,How urgent is this request?,select,True,Not urgent;This week;ASAP;Emergency,Emergency work may require separate emergency support terms.
pine_tree_protection_pack,Pine Tree Protection Pack,Business Starter Packs,users_count,Approximate number of users,number,False,,Estimate is acceptable.
pine_tree_protection_pack,Pine Tree Protection Pack,Business Starter Packs,devices_count,Approximate number of devices,number,False,,"Include computers, phones, tablets, printers, network gear, and cameras if relevant."
pine_tree_protection_pack,Pine Tree Protection Pack,Business Starter Packs,current_provider,"Current provider/platform, if known",text,False,,"Examples: Microsoft 365, Google Workspace, Cloudflare, GoDaddy, UniFi, Comcast, Spectrum, WordPress."
pine_tree_protection_pack,Pine Tree Protection Pack,Business Starter Packs,admin_access_available,Do you have authorized admin access?,select,True,Yes;No;Not sure,Do not paste credentials into this form. Maine Cyber Tech will coordinate safe access separately.
pine_tree_protection_pack,Pine Tree Protection Pack,Business Starter Packs,primary_goal,What are you trying to accomplish?,textarea,True,,"Describe the business goal, pain point, risk, outage, or improvement you want."
pine_tree_protection_pack,Pine Tree Protection Pack,Business Starter Packs,business_stage,Business stage,select,False,New business;Growing business;Changing vendors;New location;Seasonal preparation;Nonprofit/church;Other,
pine_tree_protection_pack,Pine Tree Protection Pack,Business Starter Packs,desired_bundle_outcome,Desired bundle outcome,textarea,False,,
harbor_wi_fi_bundle,Harbor Wi-Fi Bundle,Business Starter Packs,business_name,Business name,text,True,,Legal or public-facing business name.
harbor_wi_fi_bundle,Harbor Wi-Fi Bundle,Business Starter Packs,contact_name,Primary contact name,text,True,,Main person Maine Cyber Tech should coordinate with.
harbor_wi_fi_bundle,Harbor Wi-Fi Bundle,Business Starter Packs,contact_email,Primary contact email,email,True,,"Used for scheduling, service updates, and deliverables."
harbor_wi_fi_bundle,Harbor Wi-Fi Bundle,Business Starter Packs,contact_phone,Best phone number,tel,False,,"Useful for urgent, onsite, or access-sensitive work."
harbor_wi_fi_bundle,Harbor Wi-Fi Bundle,Business Starter Packs,business_address,Business address or service location,textarea,False,,"Required for onsite, Wi-Fi, network, camera, hardware, or location-specific services."
harbor_wi_fi_bundle,Harbor Wi-Fi Bundle,Business Starter Packs,urgency,How urgent is this request?,select,True,Not urgent;This week;ASAP;Emergency,Emergency work may require separate emergency support terms.
harbor_wi_fi_bundle,Harbor Wi-Fi Bundle,Business Starter Packs,users_count,Approximate number of users,number,False,,Estimate is acceptable.
harbor_wi_fi_bundle,Harbor Wi-Fi Bundle,Business Starter Packs,devices_count,Approximate number of devices,number,False,,"Include computers, phones, tablets, printers, network gear, and cameras if relevant."
harbor_wi_fi_bundle,Harbor Wi-Fi Bundle,Business Starter Packs,current_provider,"Current provider/platform, if known",text,False,,"Examples: Microsoft 365, Google Workspace, Cloudflare, GoDaddy, UniFi, Comcast, Spectrum, WordPress."
harbor_wi_fi_bundle,Harbor Wi-Fi Bundle,Business Starter Packs,admin_access_available,Do you have authorized admin access?,select,True,Yes;No;Not sure,Do not paste credentials into this form. Maine Cyber Tech will coordinate safe access separately.
harbor_wi_fi_bundle,Harbor Wi-Fi Bundle,Business Starter Packs,primary_goal,What are you trying to accomplish?,textarea,True,,"Describe the business goal, pain point, risk, outage, or improvement you want."
harbor_wi_fi_bundle,Harbor Wi-Fi Bundle,Business Starter Packs,business_stage,Business stage,select,False,New business;Growing business;Changing vendors;New location;Seasonal preparation;Nonprofit/church;Other,
harbor_wi_fi_bundle,Harbor Wi-Fi Bundle,Business Starter Packs,desired_bundle_outcome,Desired bundle outcome,textarea,False,,
anchor_backup_plan,Anchor Backup Plan,Business Starter Packs,business_name,Business name,text,True,,Legal or public-facing business name.
anchor_backup_plan,Anchor Backup Plan,Business Starter Packs,contact_name,Primary contact name,text,True,,Main person Maine Cyber Tech should coordinate with.
anchor_backup_plan,Anchor Backup Plan,Business Starter Packs,contact_email,Primary contact email,email,True,,"Used for scheduling, service updates, and deliverables."
anchor_backup_plan,Anchor Backup Plan,Business Starter Packs,contact_phone,Best phone number,tel,False,,"Useful for urgent, onsite, or access-sensitive work."
anchor_backup_plan,Anchor Backup Plan,Business Starter Packs,business_address,Business address or service location,textarea,False,,"Required for onsite, Wi-Fi, network, camera, hardware, or location-specific services."
anchor_backup_plan,Anchor Backup Plan,Business Starter Packs,urgency,How urgent is this request?,select,True,Not urgent;This week;ASAP;Emergency,Emergency work may require separate emergency support terms.
anchor_backup_plan,Anchor Backup Plan,Business Starter Packs,users_count,Approximate number of users,number,False,,Estimate is acceptable.
anchor_backup_plan,Anchor Backup Plan,Business Starter Packs,devices_count,Approximate number of devices,number,False,,"Include computers, phones, tablets, printers, network gear, and cameras if relevant."
anchor_backup_plan,Anchor Backup Plan,Business Starter Packs,current_provider,"Current provider/platform, if known",text,False,,"Examples: Microsoft 365, Google Workspace, Cloudflare, GoDaddy, UniFi, Comcast, Spectrum, WordPress."
anchor_backup_plan,Anchor Backup Plan,Business Starter Packs,admin_access_available,Do you have authorized admin access?,select,True,Yes;No;Not sure,Do not paste credentials into this form. Maine Cyber Tech will coordinate safe access separately.
anchor_backup_plan,Anchor Backup Plan,Business Starter Packs,primary_goal,What are you trying to accomplish?,textarea,True,,"Describe the business goal, pain point, risk, outage, or improvement you want."
anchor_backup_plan,Anchor Backup Plan,Business Starter Packs,business_stage,Business stage,select,False,New business;Growing business;Changing vendors;New location;Seasonal preparation;Nonprofit/church;Other,
anchor_backup_plan,Anchor Backup Plan,Business Starter Packs,desired_bundle_outcome,Desired bundle outcome,textarea,False,,
north_star_cyber_plan,North Star Cyber Plan,Business Starter Packs,business_name,Business name,text,True,,Legal or public-facing business name.
north_star_cyber_plan,North Star Cyber Plan,Business Starter Packs,contact_name,Primary contact name,text,True,,Main person Maine Cyber Tech should coordinate with.
north_star_cyber_plan,North Star Cyber Plan,Business Starter Packs,contact_email,Primary contact email,email,True,,"Used for scheduling, service updates, and deliverables."
north_star_cyber_plan,North Star Cyber Plan,Business Starter Packs,contact_phone,Best phone number,tel,False,,"Useful for urgent, onsite, or access-sensitive work."
north_star_cyber_plan,North Star Cyber Plan,Business Starter Packs,business_address,Business address or service location,textarea,False,,"Required for onsite, Wi-Fi, network, camera, hardware, or location-specific services."
north_star_cyber_plan,North Star Cyber Plan,Business Starter Packs,urgency,How urgent is this request?,select,True,Not urgent;This week;ASAP;Emergency,Emergency work may require separate emergency support terms.
north_star_cyber_plan,North Star Cyber Plan,Business Starter Packs,users_count,Approximate number of users,number,False,,Estimate is acceptable.
north_star_cyber_plan,North Star Cyber Plan,Business Starter Packs,devices_count,Approximate number of devices,number,False,,"Include computers, phones, tablets, printers, network gear, and cameras if relevant."
north_star_cyber_plan,North Star Cyber Plan,Business Starter Packs,current_provider,"Current provider/platform, if known",text,False,,"Examples: Microsoft 365, Google Workspace, Cloudflare, GoDaddy, UniFi, Comcast, Spectrum, WordPress."
north_star_cyber_plan,North Star Cyber Plan,Business Starter Packs,admin_access_available,Do you have authorized admin access?,select,True,Yes;No;Not sure,Do not paste credentials into this form. Maine Cyber Tech will coordinate safe access separately.
north_star_cyber_plan,North Star Cyber Plan,Business Starter Packs,primary_goal,What are you trying to accomplish?,textarea,True,,"Describe the business goal, pain point, risk, outage, or improvement you want."
north_star_cyber_plan,North Star Cyber Plan,Business Starter Packs,business_stage,Business stage,select,False,New business;Growing business;Changing vendors;New location;Seasonal preparation;Nonprofit/church;Other,
north_star_cyber_plan,North Star Cyber Plan,Business Starter Packs,desired_bundle_outcome,Desired bundle outcome,textarea,False,,
