id,slug,name,category,categoryId,type,priceRange,pricingModel,purchaseMode,summary,marketingHeadline,tags,recommendedUpsells,riskLevel,deliveryEffort
password_security_checkup,password-security-checkup,Password Security Checkup,Quick Fixes,quick-fixes,service,$49-$99,one_time_or_project,consultation_or_checkout,"Review password habits, shared account risks, and password manager readiness.",Password Security Checkup from Maine Cyber Tech,quick-win,m365_secure_bundle;cyber_insurance_readiness_package;mct_secure_care;security_awareness_lunch_learn;password_manager_rollout,normal,standard
mfa_setup_session,mfa-setup-session,MFA Setup Session,Quick Fixes,quick-fixes,service,$75-$150,one_time_or_project,consultation_or_checkout,Configure or guide multi-factor authentication for critical business accounts.,MFA Setup Session from Maine Cyber Tech,quick-win,m365_secure_bundle;cyber_insurance_readiness_package;mct_secure_care;security_awareness_lunch_learn;password_manager_rollout,normal,standard
phishing_readiness_mini_audit,phishing-readiness-mini-audit,Phishing Readiness Mini Audit,Quick Fixes,quick-fixes,service,$99-$199,one_time_or_project,consultation_or_checkout,Review basic email scam readiness and staff handling practices.,Phishing Readiness Mini Audit from Maine Cyber Tech,quick-win,m365_secure_bundle;cyber_insurance_readiness_package;mct_secure_care;security_awareness_lunch_learn;password_manager_rollout,normal,standard
security_score_snapshot,security-score-snapshot,Security Score Snapshot,Quick Fixes,quick-fixes,service,$99-$249,one_time_or_project,consultation_or_checkout,"Create a lightweight cyber posture snapshot covering identity, endpoint, backup, email, and admin risk.",Security Score Snapshot from Maine Cyber Tech,quick-win,m365_secure_bundle;cyber_insurance_readiness_package;mct_secure_care;security_awareness_lunch_learn;password_manager_rollout,normal,standard
admin_account_cleanup,admin-account-cleanup,Admin Account Cleanup,Quick Fixes,quick-fixes,service,$99-$299,one_time_or_project,consultation_or_checkout,"Identify unnecessary admin rights, stale admin accounts, and shared privileged logins.",Admin Account Cleanup from Maine Cyber Tech,quick-win,m365_secure_bundle;cyber_insurance_readiness_package;mct_secure_care;security_awareness_lunch_learn;password_manager_rollout,normal,standard
business_email_safety_check,business-email-safety-check,Business Email Safety Check,Quick Fixes,quick-fixes,service,$99-$249,one_time_or_project,consultation_or_checkout,"Review email authentication, MFA, mailbox forwarding, and obvious mailbox risk.",Business Email Safety Check from Maine Cyber Tech,quick-win,m365_secure_bundle;cyber_insurance_readiness_package;mct_secure_care;security_awareness_lunch_learn;password_manager_rollout,normal,standard
remote_work_safety_check,remote-work-safety-check,Remote Work Safety Check,Quick Fixes,quick-fixes,service,$99-$249,one_time_or_project,consultation_or_checkout,"Review remote access, MFA, device posture, and unsafe remote desktop exposure.",Remote Work Safety Check from Maine Cyber Tech,quick-win,m365_secure_bundle;cyber_insurance_readiness_package;mct_secure_care;security_awareness_lunch_learn;password_manager_rollout,normal,standard
basic_incident_readiness_checklist,basic-incident-readiness-checklist,Basic Incident Readiness Checklist,Quick Fixes,quick-fixes,service,$99-$199,one_time_or_project,consultation_or_checkout,Create a lightweight incident contact sheet and first-response checklist.,Basic Incident Readiness Checklist from Maine Cyber Tech,quick-win,m365_secure_bundle;cyber_insurance_readiness_package;mct_secure_care;security_awareness_lunch_learn;password_manager_rollout,normal,standard
website_uptime_monitor_setup,website-uptime-monitor-setup,Website Uptime Monitor Setup,Quick Fixes,quick-fixes,service,$49-$149,one_time_or_project,consultation_or_checkout,Set up basic website availability monitoring and alert routing.,Website Uptime Monitor Setup from Maine Cyber Tech,quick-win,m365_secure_bundle;cyber_insurance_readiness_package;mct_secure_care;security_awareness_lunch_learn;password_manager_rollout,normal,standard
printer_scanner_setup,printer-scanner-setup,Printer / Scanner Setup,Quick Fixes,quick-fixes,service,$75-$175,one_time_or_project,consultation_or_checkout,Install or troubleshoot a business printer or scanner workflow.,Printer / Scanner Setup from Maine Cyber Tech,quick-win,m365_secure_bundle;cyber_insurance_readiness_package;mct_secure_care;security_awareness_lunch_learn;password_manager_rollout,normal,standard
pc_tune_up_cleanup,pc-tune-up-cleanup,PC Tune-Up / Cleanup,Quick Fixes,quick-fixes,service,$75-$150,one_time_or_project,consultation_or_checkout,"Clean up startup items, updates, junk apps, and basic performance issues.",PC Tune-Up / Cleanup from Maine Cyber Tech,quick-win,m365_secure_bundle;cyber_insurance_readiness_package;mct_secure_care;security_awareness_lunch_learn;password_manager_rollout,normal,standard
computer_replacement_readiness_review,computer-replacement-readiness-review,Computer Replacement Readiness Review,Quick Fixes,quick-fixes,service,$99-$199,one_time_or_project,consultation_or_checkout,Review aging devices and identify practical replacement priorities.,Computer Replacement Readiness Review from Maine Cyber Tech,quick-win,m365_secure_bundle;cyber_insurance_readiness_package;mct_secure_care;security_awareness_lunch_learn;password_manager_rollout,normal,standard
cyber_risk_snapshot,cyber-risk-snapshot,Cyber Risk Snapshot,Cybersecurity,cybersecurity,service,$149-$399,one_time_or_project,consultation_or_checkout,Lightweight cyber risk review for small organizations.,Cyber Risk Snapshot from Maine Cyber Tech,security,m365_secure_bundle;cyber_insurance_readiness_package;mct_secure_care;security_awareness_lunch_learn;password_manager_rollout,normal,standard
full_cybersecurity_assessment,full-cybersecurity-assessment,Full Cybersecurity Assessment,Cybersecurity,cybersecurity,service,"$750-$2,500",one_time_or_project,consultation_or_checkout,"Deeper review of identity, endpoints, email, backup, network, policies, and risk.",Full Cybersecurity Assessment from Maine Cyber Tech,security,m365_secure_bundle;cyber_insurance_readiness_package;mct_secure_care;security_awareness_lunch_learn;password_manager_rollout,normal,standard
m365_security_assessment,m365-security-assessment,M365 Security Assessment,Cybersecurity,cybersecurity,service,"$399-$1,500",one_time_or_project,consultation_or_checkout,Microsoft 365-focused security configuration and risk review.,M365 Security Assessment from Maine Cyber Tech,security,m365_secure_bundle;cyber_insurance_readiness_package;mct_secure_care;security_awareness_lunch_learn;password_manager_rollout,normal,standard
small_business_ransomware_readiness_review,small-business-ransomware-readiness-review,Small Business Ransomware Readiness Review,Cybersecurity,cybersecurity,service,"$399-$1,500",one_time_or_project,consultation_or_checkout,"Review ransomware-relevant controls such as backups, MFA, endpoint security, admin rights, and recovery.",Small Business Ransomware Readiness Review from Maine Cyber Tech,security,m365_secure_bundle;cyber_insurance_readiness_package;mct_secure_care;security_awareness_lunch_learn;password_manager_rollout,normal,standard
nonprofit_cyber_readiness_review,nonprofit-cyber-readiness-review,Nonprofit Cyber Readiness Review,Cybersecurity,cybersecurity,service,"$250-$1,000",one_time_or_project,consultation_or_checkout,"Budget-aware cybersecurity review for churches, nonprofits, and community organizations.",Nonprofit Cyber Readiness Review from Maine Cyber Tech,security,m365_secure_bundle;cyber_insurance_readiness_package;mct_secure_care;security_awareness_lunch_learn;password_manager_rollout,normal,standard
vendor_access_review,vendor-access-review,Vendor Access Review,Cybersecurity,cybersecurity,service,$250-$750,one_time_or_project,consultation_or_checkout,"Review vendor accounts, shared access, remote access, and access removal process.",Vendor Access Review from Maine Cyber Tech,security,m365_secure_bundle;cyber_insurance_readiness_package;mct_secure_care;security_awareness_lunch_learn;password_manager_rollout,normal,standard
admin_privilege_review,admin-privilege-review,Admin Privilege Review,Cybersecurity,cybersecurity,service,$250-$750,one_time_or_project,consultation_or_checkout,"Review high-privilege accounts, role assignments, and excessive access.",Admin Privilege Review from Maine Cyber Tech,security,m365_secure_bundle;cyber_insurance_readiness_package;mct_secure_care;security_awareness_lunch_learn;password_manager_rollout,elevated,standard
mfa_enforcement_project,mfa-enforcement-project,MFA Enforcement Project,Cybersecurity,cybersecurity,service,"$399-$1,500",one_time_or_project,consultation_or_checkout,Plan and implement broader MFA rollout for selected systems.,MFA Enforcement Project from Maine Cyber Tech,security,m365_secure_bundle;cyber_insurance_readiness_package;mct_secure_care;security_awareness_lunch_learn;password_manager_rollout,elevated,standard
password_manager_rollout,password-manager-rollout,Password Manager Rollout,Cybersecurity,cybersecurity,service,"$399-$1,500",one_time_or_project,consultation_or_checkout,Deploy a business password manager and train users on safer credential practices.,Password Manager Rollout from Maine Cyber Tech,security,m365_secure_bundle;cyber_insurance_readiness_package;mct_secure_care;security_awareness_lunch_learn,elevated,standard
email_security_hardening,email-security-hardening,Email Security Hardening,Cybersecurity,cybersecurity,service,"$399-$1,500",one_time_or_project,consultation_or_checkout,"Configure practical anti-spoofing, anti-phishing, and email safety improvements.",Email Security Hardening from Maine Cyber Tech,security,m365_secure_bundle;cyber_insurance_readiness_package;mct_secure_care;security_awareness_lunch_learn;password_manager_rollout,normal,standard
endpoint_protection_rollout,endpoint-protection-rollout,Endpoint Protection Rollout,Cybersecurity,cybersecurity,service,"$499-$2,500",one_time_or_project,consultation_or_checkout,Deploy or improve endpoint protection tooling and monitoring process.,Endpoint Protection Rollout from Maine Cyber Tech,security,m365_secure_bundle;cyber_insurance_readiness_package;mct_secure_care;security_awareness_lunch_learn;password_manager_rollout,elevated,standard
local_admin_removal_project,local-admin-removal-project,Local Admin Removal Project,Cybersecurity,cybersecurity,service,"$499-$2,500",one_time_or_project,consultation_or_checkout,Reduce unnecessary local admin privileges across selected workstations.,Local Admin Removal Project from Maine Cyber Tech,security,m365_secure_bundle;cyber_insurance_readiness_package;mct_secure_care;security_awareness_lunch_learn;password_manager_rollout,elevated,standard
bitlocker_encryption_rollout,bitlocker-encryption-rollout,BitLocker Encryption Rollout,Cybersecurity,cybersecurity,service,"$399-$1,500",one_time_or_project,consultation_or_checkout,Enable or verify disk encryption on supported business devices.,BitLocker Encryption Rollout from Maine Cyber Tech,security,m365_secure_bundle;cyber_insurance_readiness_package;mct_secure_care;security_awareness_lunch_learn;password_manager_rollout,elevated,standard
dns_filtering_setup,dns-filtering-setup,DNS Filtering Setup,Cybersecurity,cybersecurity,service,"$299-$1,200",one_time_or_project,consultation_or_checkout,Configure protective DNS filtering where appropriate.,DNS Filtering Setup from Maine Cyber Tech,security,m365_secure_bundle;cyber_insurance_readiness_package;mct_secure_care;security_awareness_lunch_learn;password_manager_rollout,normal,standard
security_awareness_training_setup,security-awareness-training-setup,Security Awareness Training Setup,Cybersecurity,cybersecurity,service,"$299-$1,500",one_time_or_project,consultation_or_checkout,"Set up security awareness training workflow, content, or platform guidance.",Security Awareness Training Setup from Maine Cyber Tech,security,m365_secure_bundle;cyber_insurance_readiness_package;mct_secure_care;security_awareness_lunch_learn;password_manager_rollout,normal,standard
incident_response_plan_starter,incident-response-plan-starter,Incident Response Plan Starter,Cybersecurity,cybersecurity,service,"$399-$1,500",one_time_or_project,consultation_or_checkout,Create a practical first-response plan for common security incidents.,Incident Response Plan Starter from Maine Cyber Tech,security,m365_secure_bundle;cyber_insurance_readiness_package;mct_secure_care;security_awareness_lunch_learn;password_manager_rollout,elevated,standard
cyber_insurance_readiness_package,cyber-insurance-readiness-package,Cyber Insurance Readiness Package,Cybersecurity,cybersecurity,service,"$750-$2,500",one_time_or_project,consultation_or_checkout,"Review common cyber insurance controls, evidence gaps, and remediation priorities.",Cyber Insurance Readiness Package from Maine Cyber Tech,security,m365_secure_bundle;mct_secure_care;security_awareness_lunch_learn;password_manager_rollout,normal,standard
security_awareness_lunch_learn,security-awareness-lunch-learn,Security Awareness Lunch & Learn,Cybersecurity,cybersecurity,service,$199-$499,one_time_or_project,consultation_or_checkout,"Short training session for phishing, passwords, MFA, and safe employee habits.",Security Awareness Lunch & Learn from Maine Cyber Tech,security,m365_secure_bundle;cyber_insurance_readiness_package;mct_secure_care;password_manager_rollout,normal,standard
owner_admin_security_training,owner-admin-security-training,Owner/Admin Security Training,Cybersecurity,cybersecurity,service,$199-$499,one_time_or_project,consultation_or_checkout,"Focused security training for owners, admins, and managers.",Owner/Admin Security Training from Maine Cyber Tech,security,m365_secure_bundle;cyber_insurance_readiness_package;mct_secure_care;security_awareness_lunch_learn;password_manager_rollout,elevated,standard
staff_security_starter,staff-security-starter,Staff Security Starter,Cybersecurity,cybersecurity,service,"$399-$1,200",one_time_or_project,consultation_or_checkout,"Packaged security training, cheat sheets, and staff starter materials.",Staff Security Starter from Maine Cyber Tech,security,m365_secure_bundle;cyber_insurance_readiness_package;mct_secure_care;security_awareness_lunch_learn;password_manager_rollout,normal,standard
microsoft_365_tenant_setup,microsoft-365-tenant-setup,Microsoft 365 Tenant Setup,Microsoft 365,microsoft-365,service,"$399-$1,500",one_time_or_project,consultation_or_checkout,Provision or cleanly configure a new Microsoft 365 tenant foundation.,Microsoft 365 Tenant Setup from Maine Cyber Tech,m365,microsoft_365_security_baseline;microsoft_365_monthly_admin;mct_business_care;cyber_insurance_readiness_bundle,elevated,standard
microsoft_365_tenant_cleanup,microsoft-365-tenant-cleanup,Microsoft 365 Tenant Cleanup,Microsoft 365,microsoft-365,service,"$399-$1,500",one_time_or_project,consultation_or_checkout,"Clean up stale users, licenses, groups, mailbox delegation, and insecure collaboration settings.",Microsoft 365 Tenant Cleanup from Maine Cyber Tech,m365,microsoft_365_security_baseline;microsoft_365_monthly_admin;mct_business_care;cyber_insurance_readiness_bundle,elevated,standard
microsoft_365_monthly_admin,microsoft-365-monthly-admin,Microsoft 365 Monthly Admin,Microsoft 365,microsoft-365,service,$199-$999/month,monthly,consultation_or_checkout,"Ongoing Microsoft 365 user, license, mailbox, Teams, and admin support.",Microsoft 365 Monthly Admin from Maine Cyber Tech,m365,microsoft_365_security_baseline;mct_business_care;cyber_insurance_readiness_bundle,normal,standard
microsoft_365_security_baseline,microsoft-365-security-baseline,Microsoft 365 Security Baseline,Microsoft 365,microsoft-365,service,"$399-$1,500",one_time_or_project,consultation_or_checkout,"Establish practical baseline controls including MFA, admin role review, and email protection.",Microsoft 365 Security Baseline from Maine Cyber Tech,m365,microsoft_365_monthly_admin;mct_business_care;cyber_insurance_readiness_bundle,elevated,standard
microsoft_365_backup_setup,microsoft-365-backup-setup,Microsoft 365 Backup Setup,Microsoft 365,microsoft-365,service,"$399-$1,500",one_time_or_project,consultation_or_checkout,"Configure or guide Microsoft 365 backup strategy for mail, OneDrive, and SharePoint.",Microsoft 365 Backup Setup from Maine Cyber Tech,m365,microsoft_365_security_baseline;microsoft_365_monthly_admin;mct_business_care;cyber_insurance_readiness_bundle,normal,standard
microsoft_365_migration_lite,microsoft-365-migration-lite,Microsoft 365 Migration Lite,Microsoft 365,microsoft-365,service,"$750-$2,500",one_time_or_project,consultation_or_checkout,"Small mailbox/domain migration with planning, cutover, and validation.",Microsoft 365 Migration Lite from Maine Cyber Tech,m365,microsoft_365_security_baseline;microsoft_365_monthly_admin;mct_business_care;cyber_insurance_readiness_bundle,elevated,standard
microsoft_365_migration_full,microsoft-365-migration-full,Microsoft 365 Migration Full,Microsoft 365,microsoft-365,service,"$2,500+",one_time_or_project,consultation_or_checkout,"Full migration project with discovery, communication, cutover, and post-migration validation.",Microsoft 365 Migration Full from Maine Cyber Tech,m365,microsoft_365_security_baseline;microsoft_365_monthly_admin;mct_business_care;cyber_insurance_readiness_bundle,elevated,standard
microsoft_365_license_optimization,microsoft-365-license-optimization,Microsoft 365 License Optimization,Microsoft 365,microsoft-365,service,$99-$399,one_time_or_project,consultation_or_checkout,Review license assignments and find cost or fit improvements.,Microsoft 365 License Optimization from Maine Cyber Tech,m365,microsoft_365_security_baseline;microsoft_365_monthly_admin;mct_business_care;cyber_insurance_readiness_bundle,normal,standard
shared_mailbox_cleanup,shared-mailbox-cleanup,Shared Mailbox Cleanup,Microsoft 365,microsoft-365,service,$99-$299,one_time_or_project,consultation_or_checkout,"Review shared mailbox permissions, delegation, stale access, and mailbox usage.",Shared Mailbox Cleanup from Maine Cyber Tech,m365,microsoft_365_security_baseline;microsoft_365_monthly_admin;mct_business_care;cyber_insurance_readiness_bundle,normal,standard
onedrive_and_sharepoint_permissions_review,onedrive-and-sharepoint-permissions-review,OneDrive and SharePoint Permissions Review,Microsoft 365,microsoft-365,service,$199-$499,one_time_or_project,consultation_or_checkout,"Review external sharing, public links, guest access, and excessive permissions.",OneDrive and SharePoint Permissions Review from Maine Cyber Tech,m365,microsoft_365_security_baseline;microsoft_365_monthly_admin;mct_business_care;cyber_insurance_readiness_bundle,elevated,standard
new_employee_m365_setup,new-employee-m365-setup,New Employee M365 Setup,Microsoft 365,microsoft-365,service,$75-$150/user,one_time_or_project,consultation_or_checkout,"Create or guide clean user onboarding with mailbox, license, MFA, and initial access.",New Employee M365 Setup from Maine Cyber Tech,m365,microsoft_365_security_baseline;microsoft_365_monthly_admin;mct_business_care;cyber_insurance_readiness_bundle,normal,standard
departing_employee_lockdown,departing-employee-lockdown,Departing Employee Lockdown,Microsoft 365,microsoft-365,service,$99-$199/user,one_time_or_project,consultation_or_checkout,Disable or secure a departing worker account and preserve needed business data.,Departing Employee Lockdown from Maine Cyber Tech,m365,microsoft_365_security_baseline;microsoft_365_monthly_admin;mct_business_care;cyber_insurance_readiness_bundle,elevated,standard
teams_cleanup_mini_project,teams-cleanup-mini-project,Teams Cleanup Mini Project,Microsoft 365,microsoft-365,service,$199-$599,one_time_or_project,consultation_or_checkout,"Review inactive Teams/channels, guest access, naming, and collaboration clutter.",Teams Cleanup Mini Project from Maine Cyber Tech,m365,microsoft_365_security_baseline;microsoft_365_monthly_admin;mct_business_care;cyber_insurance_readiness_bundle,normal,standard
microsoft_secure_score_review,microsoft-secure-score-review,Microsoft Secure Score Review,Microsoft 365,microsoft-365,service,$149-$399,one_time_or_project,consultation_or_checkout,Review major Microsoft security recommendations and prioritize safe improvements.,Microsoft Secure Score Review from Maine Cyber Tech,m365,microsoft_365_security_baseline;microsoft_365_monthly_admin;mct_business_care;cyber_insurance_readiness_bundle,normal,standard
m365_launch_bundle,m365-launch-bundle,M365 Launch Bundle,Microsoft 365,microsoft-365,service,"$499-$1,500",one_time_or_project,consultation_or_checkout,"New-business Microsoft 365 setup bundle for domains, users, email, MFA, and onboarding.",M365 Launch Bundle from Maine Cyber Tech,m365,microsoft_365_security_baseline;microsoft_365_monthly_admin;mct_business_care;cyber_insurance_readiness_bundle,normal,standard
m365_secure_bundle,m365-secure-bundle,M365 Secure Bundle,Microsoft 365,microsoft-365,service,"$599-$1,800",one_time_or_project,consultation_or_checkout,Security-focused Microsoft 365 hardening bundle.,M365 Secure Bundle from Maine Cyber Tech,m365,microsoft_365_security_baseline;microsoft_365_monthly_admin;mct_business_care;cyber_insurance_readiness_bundle,normal,standard
m365_cleanup_bundle,m365-cleanup-bundle,M365 Cleanup Bundle,Microsoft 365,microsoft-365,service,"$599-$1,800",one_time_or_project,consultation_or_checkout,"Tenant cleanup package for users, licenses, groups, mailboxes, and collaboration settings.",M365 Cleanup Bundle from Maine Cyber Tech,m365,microsoft_365_security_baseline;microsoft_365_monthly_admin;mct_business_care;cyber_insurance_readiness_bundle,normal,standard
m365_managed_bundle,m365-managed-bundle,M365 Managed Bundle,Microsoft 365,microsoft-365,service,"$499-$2,000/month",monthly,consultation_or_checkout,Recurring Microsoft 365 administration and improvement plan.,M365 Managed Bundle from Maine Cyber Tech,m365,microsoft_365_security_baseline;microsoft_365_monthly_admin;mct_business_care;cyber_insurance_readiness_bundle,normal,standard
new_computer_setup,new-computer-setup,New Computer Setup,Computer Setup & Support,computer-setup-support,service,$125-$250,one_time_or_project,consultation_or_checkout,Prepare a new Windows or Mac business computer for productive use.,New Computer Setup from Maine Cyber Tech,endpoint,managed_workstation_protect;mct_business_care;workstation_refresh_pack;endpoint_protection_rollout,normal,standard
business_laptop_security_setup,business-laptop-security-setup,Business Laptop Security Setup,Computer Setup & Support,computer-setup-support,service,$149-$299,one_time_or_project,consultation_or_checkout,"Secure a laptop with updates, encryption review, account hygiene, and practical settings.",Business Laptop Security Setup from Maine Cyber Tech,endpoint,managed_workstation_protect;mct_business_care;workstation_refresh_pack;endpoint_protection_rollout,normal,standard
patch_status_snapshot,patch-status-snapshot,Patch Status Snapshot,Computer Setup & Support,computer-setup-support,service,$99-$249,one_time_or_project,consultation_or_checkout,Check patch/update status across a small set of devices.,Patch Status Snapshot from Maine Cyber Tech,endpoint,managed_workstation_protect;mct_business_care;workstation_refresh_pack;endpoint_protection_rollout,normal,standard
managed_workstation_essentials,managed-workstation-essentials,Managed Workstation Essentials,Computer Setup & Support,computer-setup-support,service,$25-$45/device/month,monthly,consultation_or_checkout,Entry recurring workstation care with inventory and basic health review.,Managed Workstation Essentials from Maine Cyber Tech,endpoint,managed_workstation_protect;mct_business_care;workstation_refresh_pack;endpoint_protection_rollout,normal,standard
managed_workstation_protect,managed-workstation-protect,Managed Workstation Protect,Computer Setup & Support,computer-setup-support,service,$45-$75/device/month,monthly,consultation_or_checkout,"Managed patching, endpoint protection status, and monthly health summary.",Managed Workstation Protect from Maine Cyber Tech,endpoint,mct_business_care;workstation_refresh_pack;endpoint_protection_rollout,normal,standard
managed_workstation_complete,managed-workstation-complete,Managed Workstation Complete,Computer Setup & Support,computer-setup-support,service,$75-$125/device/month,monthly,consultation_or_checkout,"Priority workstation support, lifecycle tracking, device standards, and quarterly review.",Managed Workstation Complete from Maine Cyber Tech,endpoint,managed_workstation_protect;mct_business_care;workstation_refresh_pack;endpoint_protection_rollout,normal,standard
laptop_procurement,laptop-procurement,Laptop Procurement,Computer Setup & Support,computer-setup-support,service,$75-$250 + hardware,one_time_or_project,consultation_or_checkout,Recommend and coordinate purchase of a business laptop.,Laptop Procurement from Maine Cyber Tech,endpoint,managed_workstation_protect;mct_business_care;workstation_refresh_pack;endpoint_protection_rollout,normal,standard
desktop_procurement,desktop-procurement,Desktop Procurement,Computer Setup & Support,computer-setup-support,service,$75-$250 + hardware,one_time_or_project,consultation_or_checkout,Recommend and coordinate purchase of a business desktop.,Desktop Procurement from Maine Cyber Tech,endpoint,managed_workstation_protect;mct_business_care;workstation_refresh_pack;endpoint_protection_rollout,normal,standard
printer_procurement_help,printer-procurement-help,Printer Procurement Help,Computer Setup & Support,computer-setup-support,service,$75-$250 + hardware,one_time_or_project,consultation_or_checkout,Recommend printer/scanner options based on office needs.,Printer Procurement Help from Maine Cyber Tech,endpoint,managed_workstation_protect;mct_business_care;workstation_refresh_pack;endpoint_protection_rollout,normal,standard
warranty_tracking,warranty-tracking,Warranty Tracking,Computer Setup & Support,computer-setup-support,service,$99-$399,one_time_or_project,consultation_or_checkout,Document hardware warranties and replacement dates.,Warranty Tracking from Maine Cyber Tech,endpoint,managed_workstation_protect;mct_business_care;workstation_refresh_pack;endpoint_protection_rollout,normal,standard
lifecycle_replacement_plan,lifecycle-replacement-plan,Lifecycle Replacement Plan,Computer Setup & Support,computer-setup-support,service,$199-$799,one_time_or_project,consultation_or_checkout,Create a staged replacement plan for aging computers and devices.,Lifecycle Replacement Plan from Maine Cyber Tech,endpoint,managed_workstation_protect;mct_business_care;workstation_refresh_pack;endpoint_protection_rollout,normal,standard
workstation_refresh_pack,workstation-refresh-pack,Workstation Refresh Pack,Computer Setup & Support,computer-setup-support,service,"$399-$1,500 + hardware",one_time_or_project,consultation_or_checkout,"Procurement, setup, data transfer, security baseline, and old device wipe coordination.",Workstation Refresh Pack from Maine Cyber Tech,endpoint,managed_workstation_protect;mct_business_care;endpoint_protection_rollout,normal,standard
data_transfer_service,data-transfer-service,Data Transfer Service,Computer Setup & Support,computer-setup-support,service,$99-$299,one_time_or_project,consultation_or_checkout,Move selected user data from old computer to new computer.,Data Transfer Service from Maine Cyber Tech,endpoint,managed_workstation_protect;mct_business_care;workstation_refresh_pack;endpoint_protection_rollout,normal,standard
old_device_wipe_coordination,old-device-wipe-coordination,Old Device Wipe Coordination,Computer Setup & Support,computer-setup-support,service,$99-$299,one_time_or_project,consultation_or_checkout,"Coordinate secure wipe, reuse, or recycle path for old devices.",Old Device Wipe Coordination from Maine Cyber Tech,endpoint,managed_workstation_protect;mct_business_care;workstation_refresh_pack;endpoint_protection_rollout,normal,standard
conference_room_audio_setup,conference-room-audio-setup,Conference Room Audio Setup,Computer Setup & Support,computer-setup-support,service,"$299-$1,500",one_time_or_project,consultation_or_checkout,"Set up basic speaker, microphone, camera, and meeting workflow.",Conference Room Audio Setup from Maine Cyber Tech,endpoint,managed_workstation_protect;mct_business_care;workstation_refresh_pack;endpoint_protection_rollout,normal,standard
microsoft_365_basics_training,microsoft-365-basics-training,Microsoft 365 Basics Training,Computer Setup & Support,computer-setup-support,service,$199-$599,one_time_or_project,consultation_or_checkout,"Basic Outlook, Teams, OneDrive, and SharePoint training.",Microsoft 365 Basics Training from Maine Cyber Tech,endpoint,managed_workstation_protect;mct_business_care;workstation_refresh_pack;endpoint_protection_rollout,normal,standard
teams_and_sharepoint_training,teams-and-sharepoint-training,Teams and SharePoint Training,Computer Setup & Support,computer-setup-support,service,$299-$799,one_time_or_project,consultation_or_checkout,"Collaboration training focused on files, channels, sharing, and permissions basics.",Teams and SharePoint Training from Maine Cyber Tech,endpoint,managed_workstation_protect;mct_business_care;workstation_refresh_pack;endpoint_protection_rollout,normal,standard
wi_fi_coverage_check,wi-fi-coverage-check,Wi-Fi Coverage Check,Wi-Fi & Networking,wifi-networking,service,$99-$249,one_time_or_project,consultation_or_checkout,"Onsite or guided review of Wi-Fi coverage, dead zones, and upgrade path.",Wi-Fi Coverage Check from Maine Cyber Tech,network;wifi,business_network_foundation;unifi_monthly_management;camera_and_wi_fi_bundle;mct_complete_care,normal,standard
network_health_check,network-health-check,Network Health Check,Wi-Fi & Networking,wifi-networking,service,$199-$599,one_time_or_project,consultation_or_checkout,"Review router, switches, Wi-Fi, cabling, IP scheme, and basic risks.",Network Health Check from Maine Cyber Tech,network;wifi,business_network_foundation;unifi_monthly_management;camera_and_wi_fi_bundle;mct_complete_care,normal,standard
small_office_network_audit,small-office-network-audit,Small Office Network Audit,Wi-Fi & Networking,wifi-networking,service,$299-$999,one_time_or_project,consultation_or_checkout,"Document small-office network layout, risks, and improvement recommendations.",Small Office Network Audit from Maine Cyber Tech,network;wifi,business_network_foundation;unifi_monthly_management;camera_and_wi_fi_bundle;mct_complete_care,normal,standard
guest_wi_fi_review,guest-wi-fi-review,Guest Wi-Fi Review,Wi-Fi & Networking,wifi-networking,service,$99-$299,one_time_or_project,consultation_or_checkout,"Review guest network separation, password practices, and business/guest isolation.",Guest Wi-Fi Review from Maine Cyber Tech,network;wifi,business_network_foundation;unifi_monthly_management;camera_and_wi_fi_bundle;mct_complete_care,normal,standard
camera_network_readiness_check,camera-network-readiness-check,Camera Network Readiness Check,Wi-Fi & Networking,wifi-networking,service,$199-$599,one_time_or_project,consultation_or_checkout,Determine whether the current network can support cameras and recording needs.,Camera Network Readiness Check from Maine Cyber Tech,network;wifi,business_network_foundation;unifi_monthly_management;camera_and_wi_fi_bundle;mct_complete_care,normal,standard
outdoor_wi_fi_planning_visit,outdoor-wi-fi-planning-visit,Outdoor Wi-Fi Planning Visit,Wi-Fi & Networking,wifi-networking,service,$299-$999,one_time_or_project,consultation_or_checkout,"Plan outdoor AP placement, power, wiring, weatherproofing, and coverage validation.",Outdoor Wi-Fi Planning Visit from Maine Cyber Tech,network;wifi,business_network_foundation;unifi_monthly_management;camera_and_wi_fi_bundle;mct_complete_care,normal,standard
firewall_configuration_review,firewall-configuration-review,Firewall Configuration Review,Wi-Fi & Networking,wifi-networking,service,$249-$999,one_time_or_project,consultation_or_checkout,"Review firewall rules, remote access, segmentation, and management access.",Firewall Configuration Review from Maine Cyber Tech,network;wifi,business_network_foundation;unifi_monthly_management;camera_and_wi_fi_bundle;mct_complete_care,elevated,standard
isp_failover_readiness_review,isp-failover-readiness-review,ISP Failover Readiness Review,Wi-Fi & Networking,wifi-networking,service,$199-$599,one_time_or_project,consultation_or_checkout,"Review options for backup internet, failover, and continuity.",ISP Failover Readiness Review from Maine Cyber Tech,network;wifi,business_network_foundation;unifi_monthly_management;camera_and_wi_fi_bundle;mct_complete_care,normal,standard
basic_router_replacement,basic-router-replacement,Basic Router Replacement,Wi-Fi & Networking,wifi-networking,service,$299-$999 + hardware,one_time_or_project,consultation_or_checkout,Replace a consumer router with a more appropriate business-grade configuration.,Basic Router Replacement from Maine Cyber Tech,network;wifi,business_network_foundation;unifi_monthly_management;camera_and_wi_fi_bundle;mct_complete_care,normal,standard
business_wi_fi_setup,business-wi-fi-setup,Business Wi-Fi Setup,Wi-Fi & Networking,wifi-networking,service,"$399-$1,500 + hardware",one_time_or_project,consultation_or_checkout,Install and configure business access points and secure SSIDs.,Business Wi-Fi Setup from Maine Cyber Tech,network;wifi,business_network_foundation;unifi_monthly_management;camera_and_wi_fi_bundle;mct_complete_care,normal,standard
guest_wi_fi_setup,guest-wi-fi-setup,Guest Wi-Fi Setup,Wi-Fi & Networking,wifi-networking,service,$199-$799,one_time_or_project,consultation_or_checkout,Create a separated guest Wi-Fi network.,Guest Wi-Fi Setup from Maine Cyber Tech,network;wifi,business_network_foundation;unifi_monthly_management;camera_and_wi_fi_bundle;mct_complete_care,normal,standard
vlan_setup,vlan-setup,VLAN Setup,Wi-Fi & Networking,wifi-networking,service,"$499-$2,500",one_time_or_project,consultation_or_checkout,"Segment staff, guest, IoT, camera, or other device networks.",VLAN Setup from Maine Cyber Tech,network;wifi,business_network_foundation;unifi_monthly_management;camera_and_wi_fi_bundle;mct_complete_care,elevated,standard
firewall_setup,firewall-setup,Firewall Setup,Wi-Fi & Networking,wifi-networking,service,"$599-$2,500 + hardware",one_time_or_project,consultation_or_checkout,Deploy and configure a business firewall.,Firewall Setup from Maine Cyber Tech,network;wifi,business_network_foundation;unifi_monthly_management;camera_and_wi_fi_bundle;mct_complete_care,elevated,standard
switch_installation,switch-installation,Switch Installation,Wi-Fi & Networking,wifi-networking,service,"$299-$1,500 + hardware",one_time_or_project,consultation_or_checkout,Install or configure a managed network switch.,Switch Installation from Maine Cyber Tech,network;wifi,business_network_foundation;unifi_monthly_management;camera_and_wi_fi_bundle;mct_complete_care,normal,standard
patch_panel_cleanup,patch-panel-cleanup,Patch Panel Cleanup,Wi-Fi & Networking,wifi-networking,service,"$299-$1,500",one_time_or_project,consultation_or_checkout,"Label, organize, and document network rack and cabling.",Patch Panel Cleanup from Maine Cyber Tech,network;wifi,business_network_foundation;unifi_monthly_management;camera_and_wi_fi_bundle;mct_complete_care,normal,standard
network_documentation_package,network-documentation-package,Network Documentation Package,Wi-Fi & Networking,wifi-networking,service,$299-$999,one_time_or_project,consultation_or_checkout,"Create network diagrams, IP list, device map, management notes, and vendor summary.",Network Documentation Package from Maine Cyber Tech,network;wifi,business_network_foundation;unifi_monthly_management;camera_and_wi_fi_bundle;mct_complete_care,normal,standard
isp_cutover_support,isp-cutover-support,ISP Cutover Support,Wi-Fi & Networking,wifi-networking,service,"$299-$1,500",one_time_or_project,consultation_or_checkout,Coordinate and support new internet activation or provider cutover.,ISP Cutover Support from Maine Cyber Tech,network;wifi,business_network_foundation;unifi_monthly_management;camera_and_wi_fi_bundle;mct_complete_care,elevated,standard
lte_5g_backup_internet_setup,lte-5g-backup-internet-setup,LTE/5G Backup Internet Setup,Wi-Fi & Networking,wifi-networking,service,"$399-$1,500 + hardware/service",one_time_or_project,consultation_or_checkout,Configure backup internet where available.,LTE/5G Backup Internet Setup from Maine Cyber Tech,network;wifi,business_network_foundation;unifi_monthly_management;camera_and_wi_fi_bundle;mct_complete_care,normal,standard
unifi_controller_setup,unifi-controller-setup,UniFi Controller Setup,Wi-Fi & Networking,wifi-networking,service,$199-$799,one_time_or_project,consultation_or_checkout,Set up or cleanly configure UniFi Network controller and device adoption.,UniFi Controller Setup from Maine Cyber Tech,network;wifi,business_network_foundation;unifi_monthly_management;camera_and_wi_fi_bundle;mct_complete_care,normal,standard
unifi_wi_fi_install,unifi-wi-fi-install,UniFi Wi-Fi Install,Wi-Fi & Networking,wifi-networking,service,"$499-$2,500 + hardware",one_time_or_project,consultation_or_checkout,"Install UniFi access points, SSIDs, guest network, and basic settings.",UniFi Wi-Fi Install from Maine Cyber Tech,network;wifi,business_network_foundation;unifi_monthly_management;camera_and_wi_fi_bundle;mct_complete_care,normal,standard
unifi_network_cleanup,unifi-network-cleanup,UniFi Network Cleanup,Wi-Fi & Networking,wifi-networking,service,"$299-$1,200",one_time_or_project,consultation_or_checkout,"Fix UniFi naming, firmware review, topology, alerts, and configuration documentation.",UniFi Network Cleanup from Maine Cyber Tech,network;wifi,business_network_foundation;unifi_monthly_management;camera_and_wi_fi_bundle;mct_complete_care,normal,standard
unifi_monthly_management,unifi-monthly-management,UniFi Monthly Management,Wi-Fi & Networking,wifi-networking,service,$99-$499/month,monthly,consultation_or_checkout,"Ongoing UniFi firmware, alerts, health review, backups, and documentation.",UniFi Monthly Management from Maine Cyber Tech,network;wifi,business_network_foundation;camera_and_wi_fi_bundle;mct_complete_care,normal,standard
unifi_site_documentation,unifi-site-documentation,UniFi Site Documentation,Wi-Fi & Networking,wifi-networking,service,$199-$799,one_time_or_project,consultation_or_checkout,"Document UniFi devices, ports, photos, IPs, controller notes, and topology.",UniFi Site Documentation from Maine Cyber Tech,network;wifi,business_network_foundation;unifi_monthly_management;camera_and_wi_fi_bundle;mct_complete_care,normal,standard
small_office_wi_fi_bundle,small-office-wi-fi-bundle,Small Office Wi-Fi Bundle,Wi-Fi & Networking,wifi-networking,service,"$699-$2,500",one_time_or_project,consultation_or_checkout,"Router/firewall review, access points, staff SSID, guest SSID, and documentation.",Small Office Wi-Fi Bundle from Maine Cyber Tech,network;wifi,business_network_foundation;unifi_monthly_management;camera_and_wi_fi_bundle;mct_complete_care,normal,standard
business_network_foundation,business-network-foundation,Business Network Foundation,Wi-Fi & Networking,wifi-networking,service,"$1,500-$5,000",one_time_or_project,consultation_or_checkout,"Firewall, managed switch, Wi-Fi, VLAN basics, labeling, and documentation.",Business Network Foundation from Maine Cyber Tech,network;wifi,unifi_monthly_management;camera_and_wi_fi_bundle;mct_complete_care,normal,standard
outdoor_coverage_bundle,outdoor-coverage-bundle,Outdoor Coverage Bundle,Wi-Fi & Networking,wifi-networking,service,"$1,500-$6,000",one_time_or_project,consultation_or_checkout,"Outdoor Wi-Fi planning and deployment support for yards, marinas, warehouses, or public areas.",Outdoor Coverage Bundle from Maine Cyber Tech,network;wifi,business_network_foundation;unifi_monthly_management;camera_and_wi_fi_bundle;mct_complete_care,normal,standard
camera_and_wi_fi_bundle,camera-and-wi-fi-bundle,Camera and Wi-Fi Bundle,Wi-Fi & Networking,wifi-networking,service,"$2,500-$8,000",one_time_or_project,consultation_or_checkout,"Combined network readiness, camera VLAN, Wi-Fi, NVR, and documentation bundle.",Camera and Wi-Fi Bundle from Maine Cyber Tech,network;wifi,business_network_foundation;unifi_monthly_management;mct_complete_care,normal,standard
camera_site_survey,camera-site-survey,Camera Site Survey,Security Cameras,security-cameras,service,$199-$599,one_time_or_project,consultation_or_checkout,Walkthrough and camera placement recommendation service.,Camera Site Survey from Maine Cyber Tech,camera;physical-security,camera_maintenance_plan;camera_and_wi_fi_bundle;business_network_foundation;unifi_monthly_management,normal,standard
single_camera_add_on,single-camera-add-on,Single Camera Add-On,Security Cameras,security-cameras,service,$199-$799 + hardware,one_time_or_project,consultation_or_checkout,Add one camera to an appropriate existing camera system.,Single Camera Add-On from Maine Cyber Tech,camera;physical-security,camera_maintenance_plan;camera_and_wi_fi_bundle;business_network_foundation;unifi_monthly_management,normal,standard
small_camera_system_setup,small-camera-system-setup,Small Camera System Setup,Security Cameras,security-cameras,service,"$1,000-$3,500 + hardware",one_time_or_project,consultation_or_checkout,Set up a small 2-4 camera system with recording and basic viewing.,Small Camera System Setup from Maine Cyber Tech,camera;physical-security,camera_maintenance_plan;camera_and_wi_fi_bundle;business_network_foundation;unifi_monthly_management,normal,standard
camera_health_check,camera-health-check,Camera Health Check,Security Cameras,security-cameras,service,$149-$499,one_time_or_project,consultation_or_checkout,"Review recording, blind spots, storage, account access, and camera health.",Camera Health Check from Maine Cyber Tech,camera;physical-security,camera_maintenance_plan;camera_and_wi_fi_bundle;business_network_foundation;unifi_monthly_management,normal,standard
nvr_cleanup,nvr-cleanup,NVR Cleanup,Security Cameras,security-cameras,service,$199-$799,one_time_or_project,consultation_or_checkout,"Clean up recording schedules, channels, naming, permissions, and storage settings.",NVR Cleanup from Maine Cyber Tech,camera;physical-security,camera_maintenance_plan;camera_and_wi_fi_bundle;business_network_foundation;unifi_monthly_management,normal,standard
remote_camera_access_setup,remote-camera-access-setup,Remote Camera Access Setup,Security Cameras,security-cameras,service,$199-$799,one_time_or_project,consultation_or_checkout,Set up secure remote viewing for owners or managers.,Remote Camera Access Setup from Maine Cyber Tech,camera;physical-security,camera_maintenance_plan;camera_and_wi_fi_bundle;business_network_foundation;unifi_monthly_management,elevated,standard
camera_signage_package,camera-signage-package,Camera Signage Package,Security Cameras,security-cameras,service,$99-$299,one_time_or_project,consultation_or_checkout,Recommend basic camera signage placement and wording for business awareness.,Camera Signage Package from Maine Cyber Tech,camera;physical-security,camera_maintenance_plan;camera_and_wi_fi_bundle;business_network_foundation;unifi_monthly_management,normal,standard
camera_maintenance_plan,camera-maintenance-plan,Camera Maintenance Plan,Security Cameras,security-cameras,service,$99-$499/month,monthly,consultation_or_checkout,"Recurring camera lens, firmware, recording, storage, and access review.",Camera Maintenance Plan from Maine Cyber Tech,camera;physical-security,camera_and_wi_fi_bundle;business_network_foundation;unifi_monthly_management,normal,standard
camera_starter_bundle,camera-starter-bundle,Camera Starter Bundle,Security Cameras,security-cameras,service,"$1,500-$4,000 + hardware",one_time_or_project,consultation_or_checkout,"Two-camera starter package with recording, mobile app, and documentation.",Camera Starter Bundle from Maine Cyber Tech,camera;physical-security,camera_maintenance_plan;camera_and_wi_fi_bundle;business_network_foundation;unifi_monthly_management,normal,standard
camera_business_bundle,camera-business-bundle,Camera Business Bundle,Security Cameras,security-cameras,service,"$3,500-$10,000 + hardware",one_time_or_project,consultation_or_checkout,"Four to eight cameras, NVR, remote access, user permissions, and validation.",Camera Business Bundle from Maine Cyber Tech,camera;physical-security,camera_maintenance_plan;camera_and_wi_fi_bundle;business_network_foundation;unifi_monthly_management,normal,standard
camera_complete_bundle,camera-complete-bundle,Camera Complete Bundle,Security Cameras,security-cameras,service,"$8,000+ + hardware",one_time_or_project,consultation_or_checkout,"Larger camera deployment with segmentation, UPS consideration, retention planning, and maintenance.",Camera Complete Bundle from Maine Cyber Tech,camera;physical-security,camera_maintenance_plan;camera_and_wi_fi_bundle;business_network_foundation;unifi_monthly_management,normal,standard
unifi_camera_install,unifi-camera-install,UniFi Camera Install,Security Cameras,security-cameras,service,"$1,500-$8,000 + hardware",one_time_or_project,consultation_or_checkout,Deploy UniFi cameras and NVR with basic recording schedule and access setup.,UniFi Camera Install from Maine Cyber Tech,camera;physical-security,camera_maintenance_plan;camera_and_wi_fi_bundle;business_network_foundation;unifi_monthly_management,normal,standard
unifi_door_access_consultation,unifi-door-access-consultation,UniFi Door Access Consultation,Security Cameras,security-cameras,service,$199-$799,one_time_or_project,consultation_or_checkout,Evaluate UniFi Access or door-control readiness and project scope.,UniFi Door Access Consultation from Maine Cyber Tech,camera;physical-security,camera_maintenance_plan;camera_and_wi_fi_bundle;business_network_foundation;unifi_monthly_management,normal,standard
backup_readiness_check,backup-readiness-check,Backup Readiness Check,Backup & Recovery,backup-recovery,service,$99-$249,one_time_or_project,consultation_or_checkout,Determine whether critical business data is backed up and recoverable.,Backup Readiness Check from Maine Cyber Tech,backup;recovery,backup_monitoring_plan;disaster_recovery_plan_starter;small_business_resilience_pack;mct_secure_care,normal,standard
computer_backup_setup,computer-backup-setup,Computer Backup Setup,Backup & Recovery,backup-recovery,service,$149-$499,one_time_or_project,consultation_or_checkout,Configure or guide backup for one workstation.,Computer Backup Setup from Maine Cyber Tech,backup;recovery,backup_monitoring_plan;disaster_recovery_plan_starter;small_business_resilience_pack;mct_secure_care,normal,standard
microsoft_365_backup_setup,microsoft-365-backup-setup,Microsoft 365 Backup Setup,Backup & Recovery,backup-recovery,service,"$399-$1,500",one_time_or_project,consultation_or_checkout,Configure backup or retention strategy for Microsoft 365 data.,Microsoft 365 Backup Setup from Maine Cyber Tech,backup;recovery,backup_monitoring_plan;disaster_recovery_plan_starter;small_business_resilience_pack;mct_secure_care,normal,standard
nas_backup_setup,nas-backup-setup,NAS Backup Setup,Backup & Recovery,backup-recovery,service,"$399-$1,500",one_time_or_project,consultation_or_checkout,Configure backup for a local NAS or file storage target.,NAS Backup Setup from Maine Cyber Tech,backup;recovery,backup_monitoring_plan;disaster_recovery_plan_starter;small_business_resilience_pack;mct_secure_care,normal,standard
cloud_backup_setup,cloud-backup-setup,Cloud Backup Setup,Backup & Recovery,backup-recovery,service,"$299-$1,500",one_time_or_project,consultation_or_checkout,Configure cloud backup destination and basic retention guidance.,Cloud Backup Setup from Maine Cyber Tech,backup;recovery,backup_monitoring_plan;disaster_recovery_plan_starter;small_business_resilience_pack;mct_secure_care,normal,standard
backup_restore_test,backup-restore-test,Backup Restore Test,Backup & Recovery,backup-recovery,service,$149-$399,one_time_or_project,consultation_or_checkout,Perform or guide a controlled restore test and document results.,Backup Restore Test from Maine Cyber Tech,backup;recovery,backup_monitoring_plan;disaster_recovery_plan_starter;small_business_resilience_pack;mct_secure_care,elevated,standard
backup_monitoring_plan,backup-monitoring-plan,Backup Monitoring Plan,Backup & Recovery,backup-recovery,service,$99-$499/month,monthly,consultation_or_checkout,Recurring backup status review and restore-test reminders.,Backup Monitoring Plan from Maine Cyber Tech,backup;recovery,disaster_recovery_plan_starter;small_business_resilience_pack;mct_secure_care,normal,standard
disaster_recovery_plan_starter,disaster-recovery-plan-starter,Disaster Recovery Plan Starter,Backup & Recovery,backup-recovery,service,"$399-$1,500",one_time_or_project,consultation_or_checkout,"Plain-English recovery plan for systems, data, contacts, and priorities.",Disaster Recovery Plan Starter from Maine Cyber Tech,backup;recovery,backup_monitoring_plan;small_business_resilience_pack;mct_secure_care,elevated,standard
backup_starter_bundle,backup-starter-bundle,Backup Starter Bundle,Backup & Recovery,backup-recovery,service,"$399-$1,200",one_time_or_project,consultation_or_checkout,"Critical data discovery, one backup destination, basic restore test, and instructions.",Backup Starter Bundle from Maine Cyber Tech,backup;recovery,backup_monitoring_plan;disaster_recovery_plan_starter;small_business_resilience_pack;mct_secure_care,normal,standard
backup_business_bundle,backup-business-bundle,Backup Business Bundle,Backup & Recovery,backup-recovery,service,"$750-$2,500",one_time_or_project,consultation_or_checkout,"Multiple devices/cloud accounts, scheduled monitoring plan, and quarterly restore-test option.",Backup Business Bundle from Maine Cyber Tech,backup;recovery,backup_monitoring_plan;disaster_recovery_plan_starter;small_business_resilience_pack;mct_secure_care,normal,standard
backup_resilience_bundle,backup-resilience-bundle,Backup Resilience Bundle,Backup & Recovery,backup-recovery,service,"$1,500-$5,000",one_time_or_project,consultation_or_checkout,"Workstations, cloud, NAS/server considerations, restore testing, and ransomware recovery checklist.",Backup Resilience Bundle from Maine Cyber Tech,backup;recovery,backup_monitoring_plan;disaster_recovery_plan_starter;small_business_resilience_pack;mct_secure_care,normal,standard
business_continuity_starter_plan,business-continuity-starter-plan,Business Continuity Starter Plan,Backup & Recovery,backup-recovery,service,"$399-$1,500",one_time_or_project,consultation_or_checkout,"Identify critical systems, recovery targets, and business continuity contacts.",Business Continuity Starter Plan from Maine Cyber Tech,backup;recovery,backup_monitoring_plan;disaster_recovery_plan_starter;small_business_resilience_pack;mct_secure_care,normal,standard
emergency_contact_sheet,emergency-contact-sheet,Emergency Contact Sheet,Backup & Recovery,backup-recovery,service,$99-$299,one_time_or_project,consultation_or_checkout,"Create vendor/account/contact list for outages, security events, and recovery.",Emergency Contact Sheet from Maine Cyber Tech,backup;recovery,backup_monitoring_plan;disaster_recovery_plan_starter;small_business_resilience_pack;mct_secure_care,normal,standard
outage_response_plan,outage-response-plan,Outage Response Plan,Backup & Recovery,backup-recovery,service,$199-$799,one_time_or_project,consultation_or_checkout,"Create steps for internet, email, file access, or website outages.",Outage Response Plan from Maine Cyber Tech,backup;recovery,backup_monitoring_plan;disaster_recovery_plan_starter;small_business_resilience_pack;mct_secure_care,normal,standard
power_protection_review,power-protection-review,Power Protection Review,Backup & Recovery,backup-recovery,service,$149-$499,one_time_or_project,consultation_or_checkout,Review UPS and surge protection needs for critical equipment.,Power Protection Review from Maine Cyber Tech,backup;recovery,backup_monitoring_plan;disaster_recovery_plan_starter;small_business_resilience_pack;mct_secure_care,normal,standard
internet_failover_setup,internet-failover-setup,Internet Failover Setup,Backup & Recovery,backup-recovery,service,"$399-$1,500 + hardware/service",one_time_or_project,consultation_or_checkout,Configure backup internet or failover where available.,Internet Failover Setup from Maine Cyber Tech,backup;recovery,backup_monitoring_plan;disaster_recovery_plan_starter;small_business_resilience_pack;mct_secure_care,elevated,standard
critical_account_recovery_kit,critical-account-recovery-kit,Critical Account Recovery Kit,Backup & Recovery,backup-recovery,service,$299-$999,one_time_or_project,consultation_or_checkout,"Document recovery methods for domains, email, cloud, website, and other critical accounts.",Critical Account Recovery Kit from Maine Cyber Tech,backup;recovery,backup_monitoring_plan;disaster_recovery_plan_starter;small_business_resilience_pack;mct_secure_care,elevated,standard
tabletop_exercise,tabletop-exercise,Tabletop Exercise,Backup & Recovery,backup-recovery,service,"$399-$1,500",one_time_or_project,consultation_or_checkout,"Walk through a ransomware, outage, or account compromise scenario with leadership.",Tabletop Exercise from Maine Cyber Tech,backup;recovery,backup_monitoring_plan;disaster_recovery_plan_starter;small_business_resilience_pack;mct_secure_care,normal,standard
continuity_binder,continuity-binder,Continuity Binder,Backup & Recovery,backup-recovery,service,"$499-$2,000",one_time_or_project,consultation_or_checkout,Create printable and digital runbook for business continuity and recovery.,Continuity Binder from Maine Cyber Tech,backup;recovery,backup_monitoring_plan;disaster_recovery_plan_starter;small_business_resilience_pack;mct_secure_care,normal,standard
small_business_resilience_pack,small-business-resilience-pack,Small Business Resilience Pack,Backup & Recovery,backup-recovery,service,"$799-$2,500",one_time_or_project,consultation_or_checkout,"Emergency contact sheet, backup review, critical account list, outage response, and failover recommendations.",Small Business Resilience Pack from Maine Cyber Tech,backup;recovery,backup_monitoring_plan;disaster_recovery_plan_starter;mct_secure_care,normal,standard
website_health_check,website-health-check,Website Health Check,Website & SEO,website-seo,service,$149-$399,one_time_or_project,consultation_or_checkout,"Review uptime, SSL, backups, admin access, forms, and obvious website risks.",Website Health Check from Maine Cyber Tech,website;seo;dns,monthly_website_care_plan;monthly_local_seo_plan;domain_protection_pack;cloudflare_monthly_management,normal,standard
website_speed_snapshot,website-speed-snapshot,Website Speed Snapshot,Website & SEO,website-seo,service,$149-$399,one_time_or_project,consultation_or_checkout,"Review basic page performance, obvious bottlenecks, and practical speed recommendations.",Website Speed Snapshot from Maine Cyber Tech,website;seo;dns,monthly_website_care_plan;monthly_local_seo_plan;domain_protection_pack;cloudflare_monthly_management,normal,standard
website_security_review,website-security-review,Website Security Review,Website & SEO,website-seo,service,$199-$599,one_time_or_project,consultation_or_checkout,"Review SSL, admin access, plugins/dependencies, backups, and security posture.",Website Security Review from Maine Cyber Tech,website;seo;dns,monthly_website_care_plan;monthly_local_seo_plan;domain_protection_pack;cloudflare_monthly_management,elevated,standard
website_backup_setup,website-backup-setup,Website Backup Setup,Website & SEO,website-seo,service,$199-$799,one_time_or_project,consultation_or_checkout,Configure or guide website backup process.,Website Backup Setup from Maine Cyber Tech,website;seo;dns,monthly_website_care_plan;monthly_local_seo_plan;domain_protection_pack;cloudflare_monthly_management,normal,standard
monthly_website_care_plan,monthly-website-care-plan,Monthly Website Care Plan,Website & SEO,website-seo,service,$99-$499/month,monthly,consultation_or_checkout,"Ongoing website updates, uptime, backups, and minor edits.",Monthly Website Care Plan from Maine Cyber Tech,website;seo;dns,monthly_local_seo_plan;domain_protection_pack;cloudflare_monthly_management,normal,standard
landing_page_build,landing-page-build,Landing Page Build,Website & SEO,website-seo,service,"$499-$2,500",one_time_or_project,consultation_or_checkout,"Build a focused landing page for a service, campaign, or local market.",Landing Page Build from Maine Cyber Tech,website;seo;dns,monthly_website_care_plan;monthly_local_seo_plan;domain_protection_pack;cloudflare_monthly_management,normal,standard
local_seo_page_build,local-seo-page-build,Local SEO Page Build,Website & SEO,website-seo,service,"$399-$1,500",one_time_or_project,consultation_or_checkout,Build a service and town/city page with local SEO structure.,Local SEO Page Build from Maine Cyber Tech,website;seo;dns,monthly_website_care_plan;monthly_local_seo_plan;domain_protection_pack;cloudflare_monthly_management,normal,standard
contact_form_fix,contact-form-fix,Contact Form Fix,Website & SEO,website-seo,service,$99-$499,one_time_or_project,consultation_or_checkout,"Troubleshoot form delivery, spam, validation, and routing.",Contact Form Fix from Maine Cyber Tech,website;seo;dns,monthly_website_care_plan;monthly_local_seo_plan;domain_protection_pack;cloudflare_monthly_management,normal,standard
analytics_setup,analytics-setup,Analytics Setup,Website & SEO,website-seo,service,$149-$599,one_time_or_project,consultation_or_checkout,Install or configure analytics and search visibility tracking.,Analytics Setup from Maine Cyber Tech,website;seo;dns,monthly_website_care_plan;monthly_local_seo_plan;domain_protection_pack;cloudflare_monthly_management,normal,standard
cookie_privacy_basics_review,cookie-privacy-basics-review,Cookie/Privacy Basics Review,Website & SEO,website-seo,service,$199-$799,one_time_or_project,consultation_or_checkout,Review basic website privacy/cookie notice needs and provide recommendations.,Cookie/Privacy Basics Review from Maine Cyber Tech,website;seo;dns,monthly_website_care_plan;monthly_local_seo_plan;domain_protection_pack;cloudflare_monthly_management,normal,standard
local_seo_snapshot,local-seo-snapshot,Local SEO Snapshot,Website & SEO,website-seo,service,$149-$399,one_time_or_project,consultation_or_checkout,"Review business profile, titles, pages, citations, and local visibility basics.",Local SEO Snapshot from Maine Cyber Tech,website;seo;dns,monthly_website_care_plan;monthly_local_seo_plan;domain_protection_pack;cloudflare_monthly_management,normal,standard
google_business_profile_optimization,google-business-profile-optimization,Google Business Profile Optimization,Website & SEO,website-seo,service,$99-$299,one_time_or_project,consultation_or_checkout,"Improve categories, services, description, photos, FAQs, and business profile completeness.",Google Business Profile Optimization from Maine Cyber Tech,website;seo;dns,monthly_website_care_plan;monthly_local_seo_plan;domain_protection_pack;cloudflare_monthly_management,normal,standard
local_service_page_pack,local-service-page-pack,Local Service Page Pack,Website & SEO,website-seo,service,"$999-$3,500",one_time_or_project,consultation_or_checkout,Create multiple local service pages for priority services and towns.,Local Service Page Pack from Maine Cyber Tech,website;seo;dns,monthly_website_care_plan;monthly_local_seo_plan;domain_protection_pack;cloudflare_monthly_management,normal,standard
blog_starter_pack,blog-starter-pack,Blog Starter Pack,Website & SEO,website-seo,service,"$499-$2,000",one_time_or_project,consultation_or_checkout,Prepare blog topic plan and starter article briefs or posts.,Blog Starter Pack from Maine Cyber Tech,website;seo;dns,monthly_website_care_plan;monthly_local_seo_plan;domain_protection_pack;cloudflare_monthly_management,normal,standard
technical_seo_fix_pack,technical-seo-fix-pack,Technical SEO Fix Pack,Website & SEO,website-seo,service,"$399-$1,500",one_time_or_project,consultation_or_checkout,"Improve metadata, headings, sitemap, indexing basics, and technical SEO issues.",Technical SEO Fix Pack from Maine Cyber Tech,website;seo;dns,monthly_website_care_plan;monthly_local_seo_plan;domain_protection_pack;cloudflare_monthly_management,normal,standard
monthly_local_seo_plan,monthly-local-seo-plan,Monthly Local SEO Plan,Website & SEO,website-seo,service,"$499-$2,000/month",monthly,consultation_or_checkout,"Recurring content, local optimization, reviews, and reporting.",Monthly Local SEO Plan from Maine Cyber Tech,website;seo;dns,monthly_website_care_plan;domain_protection_pack;cloudflare_monthly_management,normal,standard
review_request_system_setup,review-request-system-setup,Review Request System Setup,Website & SEO,website-seo,service,$149-$499,one_time_or_project,consultation_or_checkout,Set up a process and templates for requesting customer reviews.,Review Request System Setup from Maine Cyber Tech,website;seo;dns,monthly_website_care_plan;monthly_local_seo_plan;domain_protection_pack;cloudflare_monthly_management,normal,standard
schema_markup_setup,schema-markup-setup,Schema Markup Setup,Website & SEO,website-seo,service,"$299-$1,200",one_time_or_project,consultation_or_checkout,"Add or recommend LocalBusiness, service, FAQ, or structured data markup.",Schema Markup Setup from Maine Cyber Tech,website;seo;dns,monthly_website_care_plan;monthly_local_seo_plan;domain_protection_pack;cloudflare_monthly_management,normal,standard
website_safety_bundle,website-safety-bundle,Website Safety Bundle,Website & SEO,website-seo,service,"$399-$1,500",one_time_or_project,consultation_or_checkout,"Uptime monitoring, backup check, SSL review, admin access review, and health report.",Website Safety Bundle from Maine Cyber Tech,website;seo;dns,monthly_website_care_plan;monthly_local_seo_plan;domain_protection_pack;cloudflare_monthly_management,normal,standard
local_seo_starter,local-seo-starter,Local SEO Starter,Website & SEO,website-seo,service,"$599-$2,000",one_time_or_project,consultation_or_checkout,"Google Business Profile review, local pages, metadata cleanup, and review request process.",Local SEO Starter from Maine Cyber Tech,website;seo;dns,monthly_website_care_plan;monthly_local_seo_plan;domain_protection_pack;cloudflare_monthly_management,normal,standard
website_growth_bundle,website-growth-bundle,Website Growth Bundle,Website & SEO,website-seo,service,"$999-$4,000/month",monthly,consultation_or_checkout,"Monthly website care, content, SEO, conversion improvements, and strategy review.",Website Growth Bundle from Maine Cyber Tech,website;seo;dns,monthly_website_care_plan;monthly_local_seo_plan;domain_protection_pack;cloudflare_monthly_management,normal,standard
cloudflare_basic_setup,cloudflare-basic-setup,Cloudflare Basic Setup,Website & SEO,website-seo,service,$149-$399,one_time_or_project,consultation_or_checkout,"DNS import, SSL review, proxy basics, and baseline Cloudflare configuration.",Cloudflare Basic Setup from Maine Cyber Tech,website;seo;dns,monthly_website_care_plan;monthly_local_seo_plan;domain_protection_pack;cloudflare_monthly_management,elevated,standard
cloudflare_security_tune_up,cloudflare-security-tune-up,Cloudflare Security Tune-Up,Website & SEO,website-seo,service,$199-$799,one_time_or_project,consultation_or_checkout,Review WAF/security settings and practical Cloudflare protections.,Cloudflare Security Tune-Up from Maine Cyber Tech,website;seo;dns,monthly_website_care_plan;monthly_local_seo_plan;domain_protection_pack;cloudflare_monthly_management,elevated,standard
dns_cleanup,dns-cleanup,DNS Cleanup,Website & SEO,website-seo,service,$99-$399,one_time_or_project,consultation_or_checkout,Remove stale DNS records and document important records.,DNS Cleanup from Maine Cyber Tech,website;seo;dns,monthly_website_care_plan;monthly_local_seo_plan;domain_protection_pack;cloudflare_monthly_management,elevated,standard
email_dns_authentication_fix,email-dns-authentication-fix,Email DNS Authentication Fix,Website & SEO,website-seo,service,$99-$249,one_time_or_project,consultation_or_checkout,"Review or configure SPF, DKIM, and DMARC where possible.",Email DNS Authentication Fix from Maine Cyber Tech,website;seo;dns,monthly_website_care_plan;monthly_local_seo_plan;domain_protection_pack;cloudflare_monthly_management,elevated,standard
domain_registrar_security_setup,domain-registrar-security-setup,Domain Registrar Security Setup,Website & SEO,website-seo,service,$99-$299,one_time_or_project,consultation_or_checkout,"Review registrar MFA, domain lock, account recovery, and renewal practices.",Domain Registrar Security Setup from Maine Cyber Tech,website;seo;dns,monthly_website_care_plan;monthly_local_seo_plan;domain_protection_pack;cloudflare_monthly_management,elevated,standard
cloudflare_turnstile_setup,cloudflare-turnstile-setup,Cloudflare Turnstile Setup,Website & SEO,website-seo,service,$199-$799,one_time_or_project,consultation_or_checkout,Add bot/spam protection to supported website forms.,Cloudflare Turnstile Setup from Maine Cyber Tech,website;seo;dns,monthly_website_care_plan;monthly_local_seo_plan;domain_protection_pack;cloudflare_monthly_management,elevated,standard
cloudflare_redirect_setup,cloudflare-redirect-setup,Cloudflare Redirect Setup,Website & SEO,website-seo,service,$99-$399,one_time_or_project,consultation_or_checkout,Configure redirects or page rules where appropriate.,Cloudflare Redirect Setup from Maine Cyber Tech,website;seo;dns,monthly_website_care_plan;monthly_local_seo_plan;domain_protection_pack;cloudflare_monthly_management,elevated,standard
domain_expiration_protection,domain-expiration-protection,Domain Expiration Protection,Website & SEO,website-seo,service,$99-$299,one_time_or_project,consultation_or_checkout,Document renewal ownership and monitor domain expiration risk.,Domain Expiration Protection from Maine Cyber Tech,website;seo;dns,monthly_website_care_plan;monthly_local_seo_plan;domain_protection_pack;cloudflare_monthly_management,elevated,standard
cloudflare_monthly_management,cloudflare-monthly-management,Cloudflare Monthly Management,Website & SEO,website-seo,service,$49-$199/month,monthly,consultation_or_checkout,"Recurring DNS changes, Cloudflare review, and documentation.",Cloudflare Monthly Management from Maine Cyber Tech,website;seo;dns,monthly_website_care_plan;monthly_local_seo_plan;domain_protection_pack,elevated,standard
domain_protection_pack,domain-protection-pack,Domain Protection Pack,Website & SEO,website-seo,service,$399-$999,one_time_or_project,consultation_or_checkout,"Registrar MFA, domain lock, DNS documentation, email authentication, Cloudflare review, and renewal tracking.",Domain Protection Pack from Maine Cyber Tech,website;seo;dns,monthly_website_care_plan;monthly_local_seo_plan;cloudflare_monthly_management,elevated,standard
cyber_insurance_questionnaire_help,cyber-insurance-questionnaire-help,Cyber Insurance Questionnaire Help,Compliance & Policies,compliance-policies,service,$199-$599,one_time_or_project,consultation_or_checkout,Help interpret technical cyber insurance questions and collect evidence.,Cyber Insurance Questionnaire Help from Maine Cyber Tech,compliance;policy,compliance_foundation_bundle;quarterly_access_review;mct_secure_care;cyber_insurance_readiness_bundle,elevated,standard
acceptable_use_policy_starter,acceptable-use-policy-starter,Acceptable Use Policy Starter,Compliance & Policies,compliance-policies,service,$199-$799,one_time_or_project,consultation_or_checkout,Draft a practical employee technology usage policy.,Acceptable Use Policy Starter from Maine Cyber Tech,compliance;policy,compliance_foundation_bundle;quarterly_access_review;mct_secure_care;cyber_insurance_readiness_bundle,elevated,standard
password_policy_starter,password-policy-starter,Password Policy Starter,Compliance & Policies,compliance-policies,service,$149-$599,one_time_or_project,consultation_or_checkout,Create a password and MFA policy starter document.,Password Policy Starter from Maine Cyber Tech,compliance;policy,compliance_foundation_bundle;quarterly_access_review;mct_secure_care;cyber_insurance_readiness_bundle,elevated,standard
data_backup_policy_starter,data-backup-policy-starter,Data Backup Policy Starter,Compliance & Policies,compliance-policies,service,$149-$599,one_time_or_project,consultation_or_checkout,"Define what gets backed up, how often, and who reviews it.",Data Backup Policy Starter from Maine Cyber Tech,compliance;policy,compliance_foundation_bundle;quarterly_access_review;mct_secure_care;cyber_insurance_readiness_bundle,elevated,standard
incident_response_policy_starter,incident-response-policy-starter,Incident Response Policy Starter,Compliance & Policies,compliance-policies,service,$199-$799,one_time_or_project,consultation_or_checkout,Create a basic incident escalation and response policy.,Incident Response Policy Starter from Maine Cyber Tech,compliance;policy,compliance_foundation_bundle;quarterly_access_review;mct_secure_care;cyber_insurance_readiness_bundle,elevated,standard
vendor_access_policy_starter,vendor-access-policy-starter,Vendor Access Policy Starter,Compliance & Policies,compliance-policies,service,$199-$799,one_time_or_project,consultation_or_checkout,"Define how vendors request, use, and lose access.",Vendor Access Policy Starter from Maine Cyber Tech,compliance;policy,compliance_foundation_bundle;quarterly_access_review;mct_secure_care;cyber_insurance_readiness_bundle,elevated,standard
employee_offboarding_checklist,employee-offboarding-checklist,Employee Offboarding Checklist,Compliance & Policies,compliance-policies,service,$99-$399,one_time_or_project,consultation_or_checkout,Create an access removal and data preservation checklist.,Employee Offboarding Checklist from Maine Cyber Tech,compliance;policy,compliance_foundation_bundle;quarterly_access_review;mct_secure_care;cyber_insurance_readiness_bundle,elevated,standard
asset_inventory_starter,asset-inventory-starter,Asset Inventory Starter,Compliance & Policies,compliance-policies,service,$199-$799,one_time_or_project,consultation_or_checkout,"Build initial hardware, software, license, account, or vendor inventory.",Asset Inventory Starter from Maine Cyber Tech,compliance;policy,compliance_foundation_bundle;quarterly_access_review;mct_secure_care;cyber_insurance_readiness_bundle,elevated,standard
security_awareness_policy_starter,security-awareness-policy-starter,Security Awareness Policy Starter,Compliance & Policies,compliance-policies,service,$149-$599,one_time_or_project,consultation_or_checkout,Set expectations for employee security training.,Security Awareness Policy Starter from Maine Cyber Tech,compliance;policy,compliance_foundation_bundle;quarterly_access_review;mct_secure_care;cyber_insurance_readiness_bundle,elevated,standard
remote_work_policy_starter,remote-work-policy-starter,Remote Work Policy Starter,Compliance & Policies,compliance-policies,service,$199-$799,one_time_or_project,consultation_or_checkout,"Define device, Wi-Fi, MFA, and data handling expectations for remote work.",Remote Work Policy Starter from Maine Cyber Tech,compliance;policy,compliance_foundation_bundle;quarterly_access_review;mct_secure_care;cyber_insurance_readiness_bundle,elevated,standard
cyber_insurance_readiness_bundle,cyber-insurance-readiness-bundle,Cyber Insurance Readiness Bundle,Compliance & Policies,compliance-policies,service,"$750-$2,500",one_time_or_project,consultation_or_checkout,"Security questionnaire support, MFA evidence, backup evidence, endpoint review, admin access review, and gap report.",Cyber Insurance Readiness Bundle from Maine Cyber Tech,compliance;policy,compliance_foundation_bundle;quarterly_access_review;mct_secure_care,elevated,standard
small_business_policy_pack,small-business-policy-pack,Small Business Policy Pack,Compliance & Policies,compliance-policies,service,"$499-$2,000",one_time_or_project,consultation_or_checkout,"Acceptable use, password/MFA, backup, incident response, and offboarding policies.",Small Business Policy Pack from Maine Cyber Tech,compliance;policy,compliance_foundation_bundle;quarterly_access_review;mct_secure_care;cyber_insurance_readiness_bundle,elevated,standard
compliance_foundation_bundle,compliance-foundation-bundle,Compliance Foundation Bundle,Compliance & Policies,compliance-policies,service,"$999-$3,500",one_time_or_project,consultation_or_checkout,"Asset inventory, access review, backup review, policy pack, risk register, and quarterly review option.",Compliance Foundation Bundle from Maine Cyber Tech,compliance;policy,quarterly_access_review;mct_secure_care;cyber_insurance_readiness_bundle,elevated,standard
risk_register_starter,risk-register-starter,Risk Register Starter,Compliance & Policies,compliance-policies,service,$299-$999,one_time_or_project,consultation_or_checkout,"Create an initial risk register with owner, impact, likelihood, and next action.",Risk Register Starter from Maine Cyber Tech,compliance;policy,compliance_foundation_bundle;quarterly_access_review;mct_secure_care;cyber_insurance_readiness_bundle,elevated,standard
quarterly_access_review,quarterly-access-review,Quarterly Access Review,Compliance & Policies,compliance-policies,service,$299-$999/quarter,one_time_or_project,consultation_or_checkout,"Recurring user, admin, and vendor access review.",Quarterly Access Review from Maine Cyber Tech,compliance;policy,compliance_foundation_bundle;mct_secure_care;cyber_insurance_readiness_bundle,elevated,standard
data_handling_checklist,data-handling-checklist,Data Handling Checklist,Compliance & Policies,compliance-policies,service,$199-$799,one_time_or_project,consultation_or_checkout,"Document how sensitive customer, payment, health, or business data should be handled.",Data Handling Checklist from Maine Cyber Tech,compliance;policy,compliance_foundation_bundle;quarterly_access_review;mct_secure_care;cyber_insurance_readiness_bundle,elevated,standard
pci_payment_handling_readiness_review,pci-payment-handling-readiness-review,PCI/Payment Handling Readiness Review,Compliance & Policies,compliance-policies,service,"$399-$1,500",one_time_or_project,consultation_or_checkout,Review basic payment handling and technology controls around card/payment workflows.,PCI/Payment Handling Readiness Review from Maine Cyber Tech,compliance;policy,compliance_foundation_bundle;quarterly_access_review;mct_secure_care;cyber_insurance_readiness_bundle,elevated,standard
hipaa_oriented_it_readiness_review,hipaa-oriented-it-readiness-review,HIPAA-Oriented IT Readiness Review,Compliance & Policies,compliance-policies,service,"$399-$1,500",one_time_or_project,consultation_or_checkout,Practical IT readiness review for offices that handle health-related data.,HIPAA-Oriented IT Readiness Review from Maine Cyber Tech,compliance;policy,compliance_foundation_bundle;quarterly_access_review;mct_secure_care;cyber_insurance_readiness_bundle,elevated,standard
cmmc_nist_starter_gap_review,cmmc-nist-starter-gap-review,CMMC/NIST Starter Gap Review,Compliance & Policies,compliance-policies,service,"$750-$3,500",one_time_or_project,consultation_or_checkout,Initial gap review against common security control expectations.,CMMC/NIST Starter Gap Review from Maine Cyber Tech,compliance;policy,compliance_foundation_bundle;quarterly_access_review;mct_secure_care;cyber_insurance_readiness_bundle,elevated,standard
mct_essential_care,mct-essential-care,MCT Essential Care,Monthly IT Plans,monthly-it-plans,monthly_plan,$199-$499/month,monthly,consultation_required,Entry managed care for very small organizations.,MCT Essential Care from Maine Cyber Tech,monthly;managed-services,,normal,standard
mct_business_care,mct-business-care,MCT Business Care,Monthly IT Plans,monthly-it-plans,monthly_plan,"$499-$1,500/month",monthly,consultation_required,Managed support for growing small businesses.,MCT Business Care from Maine Cyber Tech,monthly;managed-services,,normal,standard
mct_secure_care,mct-secure-care,MCT Secure Care,Monthly IT Plans,monthly-it-plans,monthly_plan,"$899-$2,500/month",monthly,consultation_required,Managed IT with deeper cybersecurity oversight.,MCT Secure Care from Maine Cyber Tech,monthly;managed-services,,normal,standard
mct_complete_care,mct-complete-care,MCT Complete Care,Monthly IT Plans,monthly-it-plans,monthly_plan,"$1,500+/month",monthly,consultation_required,Full outsourced IT coordination and roadmap.,MCT Complete Care from Maine Cyber Tech,monthly;managed-services,,normal,standard
mct_co_managed_it,mct-co-managed-it,MCT Co-Managed IT,Monthly IT Plans,monthly-it-plans,monthly_plan,"$750-$3,000/month",monthly,consultation_required,"Support internal IT with escalation, projects, monitoring, security, and documentation.",MCT Co-Managed IT from Maine Cyber Tech,monthly;managed-services,,normal,standard
cyber_basic,cyber-basic,Cyber Basic,Monthly IT Plans,monthly-it-plans,monthly_plan,$299-$999/month,monthly,consultation_required,"Recurring MFA, email, endpoint status, and quarterly security review support.",Cyber Basic from Maine Cyber Tech,monthly;managed-services,,normal,standard
cyber_plus,cyber-plus,Cyber Plus,Monthly IT Plans,monthly-it-plans,monthly_plan,"$599-$1,500/month",monthly,consultation_required,"Cyber Basic plus endpoint monitoring review, training support, and admin access review.",Cyber Plus from Maine Cyber Tech,monthly;managed-services,,normal,standard
cyber_complete,cyber-complete,Cyber Complete,Monthly IT Plans,monthly-it-plans,monthly_plan,"$1,500+/month",monthly,consultation_required,"Cyber Plus plus incident retainer, tabletop, compliance mapping, vendor access review, and security roadmap.",Cyber Complete from Maine Cyber Tech,monthly;managed-services,,normal,standard
managed_dns_plan,managed-dns-plan,Managed DNS Plan,Monthly IT Plans,monthly-it-plans,monthly_plan,$49-$199/month,monthly,consultation_required,"Ongoing DNS changes, domain documentation, and renewal tracking.",Managed DNS Plan from Maine Cyber Tech,monthly;managed-services,,normal,standard
unifi_monthly_management,unifi-monthly-management,UniFi Monthly Management,Monthly IT Plans,monthly-it-plans,monthly_plan,$99-$499/month,monthly,consultation_required,"Firmware, alerts, device health, controller backup, and network documentation review.",UniFi Monthly Management from Maine Cyber Tech,monthly;managed-services,,normal,standard
camera_maintenance_plan,camera-maintenance-plan,Camera Maintenance Plan,Monthly IT Plans,monthly-it-plans,monthly_plan,$99-$499/month,monthly,consultation_required,"Recurring camera/NVR health, firmware, recording, and permissions review.",Camera Maintenance Plan from Maine Cyber Tech,monthly;managed-services,,normal,standard
backup_monitoring_plan,backup-monitoring-plan,Backup Monitoring Plan,Monthly IT Plans,monthly-it-plans,monthly_plan,$99-$499/month,monthly,consultation_required,Ongoing backup status checks and restore-test reminders.,Backup Monitoring Plan from Maine Cyber Tech,monthly;managed-services,,normal,standard
monthly_website_care_plan,monthly-website-care-plan,Monthly Website Care Plan,Monthly IT Plans,monthly-it-plans,monthly_plan,$99-$499/month,monthly,consultation_required,"Updates, uptime, backups, form checks, and minor edits.",Monthly Website Care Plan from Maine Cyber Tech,monthly;managed-services,,normal,standard
monthly_local_seo_plan,monthly-local-seo-plan,Monthly Local SEO Plan,Monthly IT Plans,monthly-it-plans,monthly_plan,"$499-$2,000/month",monthly,consultation_required,"Content, optimization, Google Business Profile, reviews, and local reporting.",Monthly Local SEO Plan from Maine Cyber Tech,monthly;managed-services,,normal,standard
compliance_quarterly_review,compliance-quarterly-review,Compliance Quarterly Review,Monthly IT Plans,monthly-it-plans,monthly_plan,$299-$999/quarter,monthly,consultation_required,"Recurring access, asset, policy, backup, and risk register review.",Compliance Quarterly Review from Maine Cyber Tech,monthly;managed-services,,normal,standard
emergency_remote_support,emergency-remote-support,Emergency Remote Support,Emergency Support,emergency-support,emergency,$199-$499+,one_time_or_project,consultation_required,Same-day remote troubleshooting where available.,Emergency Remote Support from Maine Cyber Tech,emergency,pine_tree_protection_pack;mct_secure_care;business_owner_peace_of_mind_pack;small_business_resilience_pack,high,standard
emergency_on_site_visit,emergency-on-site-visit,Emergency On-Site Visit,Emergency Support,emergency-support,emergency,$299-$999+,one_time_or_project,consultation_required,Local urgent onsite visit for business-impacting technology issues.,Emergency On-Site Visit from Maine Cyber Tech,emergency,pine_tree_protection_pack;mct_secure_care;business_owner_peace_of_mind_pack;small_business_resilience_pack,high,standard
email_compromise_response,email-compromise-response,Email Compromise Response,Emergency Support,emergency-support,emergency,"$399-$1,500+",one_time_or_project,consultation_required,"Secure account, revoke sessions, review forwarding/rules, and plan follow-up hardening.",Email Compromise Response from Maine Cyber Tech,emergency,pine_tree_protection_pack;mct_secure_care;business_owner_peace_of_mind_pack;small_business_resilience_pack,high,standard
ransomware_first_response,ransomware-first-response,Ransomware First Response,Emergency Support,emergency-support,emergency,"$750-$3,500+",one_time_or_project,consultation_required,Immediate containment guidance and triage for suspected ransomware or malware.,Ransomware First Response from Maine Cyber Tech,emergency,pine_tree_protection_pack;mct_secure_care;business_owner_peace_of_mind_pack;small_business_resilience_pack,high,standard
website_down_emergency,website-down-emergency,Website Down Emergency,Emergency Support,emergency-support,emergency,"$299-$1,500+",one_time_or_project,consultation_required,"DNS, hosting, SSL, application, or provider triage for website outage.",Website Down Emergency from Maine Cyber Tech,emergency,pine_tree_protection_pack;mct_secure_care;business_owner_peace_of_mind_pack;small_business_resilience_pack,high,standard
network_down_emergency,network-down-emergency,Network Down Emergency,Emergency Support,emergency-support,emergency,"$299-$1,500+",one_time_or_project,consultation_required,"Internet, firewall, switch, Wi-Fi, or ISP triage for a network outage.",Network Down Emergency from Maine Cyber Tech,emergency,pine_tree_protection_pack;mct_secure_care;business_owner_peace_of_mind_pack;small_business_resilience_pack,high,standard
computer_won_t_boot_support,computer-won-t-boot-support,Computer Won’t Boot Support,Emergency Support,emergency-support,emergency,$149-$599+,one_time_or_project,consultation_required,Device triage and recovery path for a computer that will not boot.,Computer Won’t Boot Support from Maine Cyber Tech,emergency,pine_tree_protection_pack;mct_secure_care;business_owner_peace_of_mind_pack;small_business_resilience_pack,high,standard
data_recovery_coordination,data-recovery-coordination,Data Recovery Coordination,Emergency Support,emergency-support,emergency,$199-$999+,one_time_or_project,consultation_required,Coordinate data recovery options and next steps.,Data Recovery Coordination from Maine Cyber Tech,emergency,pine_tree_protection_pack;mct_secure_care;business_owner_peace_of_mind_pack;small_business_resilience_pack,high,standard
emergency_support_retainer,emergency-support-retainer,Emergency Support Retainer,Emergency Support,emergency-support,emergency,"$499-$2,000/year",one_time_or_project,consultation_required,"Priority contact info, pre-collected emergency environment details, and discounted emergency response rates.",Emergency Support Retainer from Maine Cyber Tech,emergency,pine_tree_protection_pack;mct_secure_care;business_owner_peace_of_mind_pack;small_business_resilience_pack,high,standard
critical_account_lockout_help,critical-account-lockout-help,Critical Account Lockout Help,Emergency Support,emergency-support,emergency,"$299-$1,500+",one_time_or_project,consultation_required,"Triage access loss to domain, email, website, Cloudflare, or critical admin accounts.",Critical Account Lockout Help from Maine Cyber Tech,emergency,pine_tree_protection_pack;mct_secure_care;business_owner_peace_of_mind_pack;small_business_resilience_pack,high,standard
small_business_it_starter_pack,small-business-it-starter-pack,Small Business IT Starter Pack,Business Starter Packs,business-starter-packs,bundle,"$499-$1,500",one_time_or_project,consultation_or_checkout,"M365 or Google review, MFA setup, device health, backup review, domain/DNS check, and roadmap.",Small Business IT Starter Pack from Maine Cyber Tech,bundle;starter,mct_essential_care;mct_business_care;mct_secure_care;quarterly_business_review,normal,standard
new_business_technology_setup,new-business-technology-setup,New Business Technology Setup,Business Starter Packs,business-starter-packs,bundle,"$750-$2,500",one_time_or_project,consultation_or_checkout,"Domain/email setup, accounts, cloud storage, MFA, password guidance, printer basics, and website/domain security.",New Business Technology Setup from Maine Cyber Tech,bundle;starter,mct_essential_care;mct_business_care;mct_secure_care;quarterly_business_review,normal,standard
business_owner_peace_of_mind_pack,business-owner-peace-of-mind-pack,Business Owner Peace of Mind Pack,Business Starter Packs,business-starter-packs,bundle,$399-$999,one_time_or_project,consultation_or_checkout,"Critical account recovery, domain ownership, admin access, backup test planning, emergency contact sheet, and MFA review.",Business Owner Peace of Mind Pack from Maine Cyber Tech,bundle;starter,mct_essential_care;mct_business_care;mct_secure_care;quarterly_business_review,normal,standard
local_business_online_presence_pack,local-business-online-presence-pack,Local Business Online Presence Pack,Business Starter Packs,business-starter-packs,bundle,"$599-$2,000",one_time_or_project,consultation_or_checkout,"Google Business Profile, website health, domain/DNS safety, SEO basics, and review request process.",Local Business Online Presence Pack from Maine Cyber Tech,bundle;starter,mct_essential_care;mct_business_care;mct_secure_care;quarterly_business_review,normal,standard
new_client_foundation,new-client-foundation,New Client Foundation,Business Starter Packs,business-starter-packs,bundle,"$750-$2,500",one_time_or_project,consultation_or_checkout,"Discovery, asset inventory, admin access review, network scan, M365 review, backup review, security snapshot, and 30/60/90 roadmap.",New Client Foundation from Maine Cyber Tech,bundle;starter,mct_essential_care;mct_business_care;mct_secure_care;quarterly_business_review,normal,standard
new_business_it_setup,new-business-it-setup,New Business IT Setup,Business Starter Packs,business-starter-packs,bundle,"$750-$2,500",one_time_or_project,consultation_or_checkout,Complete technology foundation for a new company.,New Business IT Setup from Maine Cyber Tech,bundle;starter,mct_essential_care;mct_business_care;mct_secure_care;quarterly_business_review,normal,standard
new_employee_setup_bundle,new-employee-setup-bundle,New Employee Setup Bundle,Business Starter Packs,business-starter-packs,bundle,$149-$499/user,one_time_or_project,consultation_or_checkout,"Device, account, email, app, MFA, and onboarding support.",New Employee Setup Bundle from Maine Cyber Tech,bundle;starter,mct_essential_care;mct_business_care;mct_secure_care;quarterly_business_review,normal,standard
employee_exit_lockdown_bundle,employee-exit-lockdown-bundle,Employee Exit Lockdown Bundle,Business Starter Packs,business-starter-packs,bundle,$199-$799/user,one_time_or_project,consultation_or_checkout,"Offboarding, account security, access removal, mailbox/data preservation, and closeout summary.",Employee Exit Lockdown Bundle from Maine Cyber Tech,bundle;starter,mct_essential_care;mct_business_care;mct_secure_care;quarterly_business_review,elevated,standard
office_move_it_planning,office-move-it-planning,Office Move IT Planning,Business Starter Packs,business-starter-packs,bundle,"$499-$2,500",one_time_or_project,consultation_or_checkout,"Internet, Wi-Fi, phones, cabling, devices, vendor coordination, and migration checklist.",Office Move IT Planning from Maine Cyber Tech,bundle;starter,mct_essential_care;mct_business_care;mct_secure_care;quarterly_business_review,normal,standard
vendor_transition_package,vendor-transition-package,Vendor Transition Package,Business Starter Packs,business-starter-packs,bundle,"$750-$3,500",one_time_or_project,consultation_or_checkout,Transition from old IT provider to Maine Cyber Tech with documentation and access cleanup.,Vendor Transition Package from Maine Cyber Tech,bundle;starter,mct_essential_care;mct_business_care;mct_secure_care;quarterly_business_review,elevated,standard
it_documentation_rebuild,it-documentation-rebuild,IT Documentation Rebuild,Business Starter Packs,business-starter-packs,bundle,"$499-$2,500",one_time_or_project,consultation_or_checkout,"Build documentation when network, accounts, vendors, devices, and credentials ownership are unclear.",IT Documentation Rebuild from Maine Cyber Tech,bundle;starter,mct_essential_care;mct_business_care;mct_secure_care;quarterly_business_review,normal,standard
asset_inventory_buildout,asset-inventory-buildout,Asset Inventory Buildout,Business Starter Packs,business-starter-packs,bundle,"$399-$1,500",one_time_or_project,consultation_or_checkout,"Inventory devices, users, licenses, vendors, network gear, cameras, and systems.",Asset Inventory Buildout from Maine Cyber Tech,bundle;starter,mct_essential_care;mct_business_care;mct_secure_care;quarterly_business_review,normal,standard
it_roadmap_session,it-roadmap-session,IT Roadmap Session,Business Starter Packs,business-starter-packs,bundle,$299-$999,one_time_or_project,consultation_or_checkout,"Prioritized technology plan aligned to budget, risk, growth, and operations.",IT Roadmap Session from Maine Cyber Tech,bundle;starter,mct_essential_care;mct_business_care;mct_secure_care;quarterly_business_review,normal,standard
quarterly_business_review,quarterly-business-review,Quarterly Business Review,Business Starter Packs,business-starter-packs,bundle,$199-$799,one_time_or_project,consultation_or_checkout,"Review issues, risks, budget, roadmap, lifecycle, and upcoming needs.",Quarterly Business Review from Maine Cyber Tech,bundle;starter,mct_essential_care;mct_business_care;mct_secure_care,normal,standard
phone_system_readiness_review,phone-system-readiness-review,Phone System Readiness Review,Business Starter Packs,business-starter-packs,bundle,$199-$799,one_time_or_project,consultation_or_checkout,"Review internet, cabling, handsets, call flow, and phone system needs.",Phone System Readiness Review from Maine Cyber Tech,bundle;starter,mct_essential_care;mct_business_care;mct_secure_care;quarterly_business_review,elevated,standard
voip_vendor_selection_help,voip-vendor-selection-help,VoIP Vendor Selection Help,Business Starter Packs,business-starter-packs,bundle,$299-$999,one_time_or_project,consultation_or_checkout,"Compare phone vendors, requirements, features, numbers, and cutover risks.",VoIP Vendor Selection Help from Maine Cyber Tech,bundle;starter,mct_essential_care;mct_business_care;mct_secure_care;quarterly_business_review,elevated,standard
voip_cutover_support,voip-cutover-support,VoIP Cutover Support,Business Starter Packs,business-starter-packs,bundle,"$499-$2,500",one_time_or_project,consultation_or_checkout,Assist with phone migration day planning and support.,VoIP Cutover Support from Maine Cyber Tech,bundle;starter,mct_essential_care;mct_business_care;mct_secure_care;quarterly_business_review,elevated,standard
auto_attendant_setup,auto-attendant-setup,Auto Attendant Setup,Business Starter Packs,business-starter-packs,bundle,$199-$799,one_time_or_project,consultation_or_checkout,"Configure phone menu, greeting, routing, and mailbox basics.",Auto Attendant Setup from Maine Cyber Tech,bundle;starter,mct_essential_care;mct_business_care;mct_secure_care;quarterly_business_review,normal,standard
business_voicemail_setup,business-voicemail-setup,Business Voicemail Setup,Business Starter Packs,business-starter-packs,bundle,$99-$399,one_time_or_project,consultation_or_checkout,"Set up voicemail greetings, routing, and mailbox workflow.",Business Voicemail Setup from Maine Cyber Tech,bundle;starter,mct_essential_care;mct_business_care;mct_secure_care;quarterly_business_review,normal,standard
phone_number_port_coordination,phone-number-port-coordination,Phone Number Port Coordination,Business Starter Packs,business-starter-packs,bundle,$199-$999,one_time_or_project,consultation_or_checkout,Coordinate number porting tasks and customer/vendor readiness.,Phone Number Port Coordination from Maine Cyber Tech,bundle;starter,mct_essential_care;mct_business_care;mct_secure_care;quarterly_business_review,elevated,standard
teams_phone_readiness_check,teams-phone-readiness-check,Teams Phone Readiness Check,Business Starter Packs,business-starter-packs,bundle,$199-$799,one_time_or_project,consultation_or_checkout,Determine whether Microsoft Teams Phone may fit the organization.,Teams Phone Readiness Check from Maine Cyber Tech,bundle;starter,mct_essential_care;mct_business_care;mct_secure_care;quarterly_business_review,elevated,standard
small_business_phone_refresh,small-business-phone-refresh,Small Business Phone Refresh,Business Starter Packs,business-starter-packs,bundle,"$750-$2,500",one_time_or_project,consultation_or_checkout,"Bill review, call flow design, vendor recommendation, cutover support, and staff quick guide.",Small Business Phone Refresh from Maine Cyber Tech,bundle;starter,mct_essential_care;mct_business_care;mct_secure_care;quarterly_business_review,elevated,standard
church_technology_health_check,church-technology-health-check,Church Technology Health Check,Business Starter Packs,business-starter-packs,bundle,"$250-$1,000",one_time_or_project,consultation_or_checkout,"Review Wi-Fi, livestream, email, website, giving platform risk, and volunteer access.",Church Technology Health Check from Maine Cyber Tech,bundle;starter,mct_essential_care;mct_business_care;mct_secure_care;quarterly_business_review,normal,standard
livestream_setup_support,livestream-setup-support,Livestream Setup Support,Business Starter Packs,business-starter-packs,bundle,"$499-$2,500",one_time_or_project,consultation_or_checkout,"Camera, audio, streaming platform, and workflow setup for churches or events.",Livestream Setup Support from Maine Cyber Tech,bundle;starter,mct_essential_care;mct_business_care;mct_secure_care;quarterly_business_review,normal,standard
guest_wi_fi_for_churches,guest-wi-fi-for-churches,Guest Wi-Fi for Churches,Business Starter Packs,business-starter-packs,bundle,"$399-$1,500",one_time_or_project,consultation_or_checkout,Separate public/guest Wi-Fi from office systems.,Guest Wi-Fi for Churches from Maine Cyber Tech,bundle;starter,mct_essential_care;mct_business_care;mct_secure_care;quarterly_business_review,normal,standard
volunteer_account_cleanup,volunteer-account-cleanup,Volunteer Account Cleanup,Business Starter Packs,business-starter-packs,bundle,$199-$799,one_time_or_project,consultation_or_checkout,Review and remove stale access for former volunteers.,Volunteer Account Cleanup from Maine Cyber Tech,bundle;starter,mct_essential_care;mct_business_care;mct_secure_care;quarterly_business_review,normal,standard
church_it_foundation,church-it-foundation,Church IT Foundation,Business Starter Packs,business-starter-packs,bundle,"$599-$2,000",one_time_or_project,consultation_or_checkout,"Email/domain review, Wi-Fi review, website backup check, volunteer access review, and security checklist.",Church IT Foundation from Maine Cyber Tech,bundle;starter,mct_essential_care;mct_business_care;mct_secure_care;quarterly_business_review,normal,standard
marina_connectivity_pack,marina-connectivity-pack,Marina Connectivity Pack,Business Starter Packs,business-starter-packs,bundle,"$1,500-$6,000",one_time_or_project,consultation_or_checkout,"Internet planning, outdoor Wi-Fi, camera network readiness, guest network, and documentation.",Marina Connectivity Pack from Maine Cyber Tech,bundle;starter,mct_essential_care;mct_business_care;mct_secure_care;quarterly_business_review,elevated,standard
outdoor_wi_fi_planning_for_marinas,outdoor-wi-fi-planning-for-marinas,Outdoor Wi-Fi Planning for Marinas,Business Starter Packs,business-starter-packs,bundle,"$399-$1,500",one_time_or_project,consultation_or_checkout,"Coverage plan for docks, yards, boat storage areas, warehouses, and public spaces.",Outdoor Wi-Fi Planning for Marinas from Maine Cyber Tech,bundle;starter,mct_essential_care;mct_business_care;mct_secure_care;quarterly_business_review,elevated,standard
security_camera_planning_for_marinas,security-camera-planning-for-marinas,Security Camera Planning for Marinas,Business Starter Packs,business-starter-packs,bundle,"$399-$1,500",one_time_or_project,consultation_or_checkout,Camera placement and network/storage planning for marina environments.,Security Camera Planning for Marinas from Maine Cyber Tech,bundle;starter,mct_essential_care;mct_business_care;mct_secure_care;quarterly_business_review,elevated,standard
gate_and_sign_connectivity_review,gate-and-sign-connectivity-review,Gate and Sign Connectivity Review,Business Starter Packs,business-starter-packs,bundle,$299-$999,one_time_or_project,consultation_or_checkout,"Network connectivity options for gate, sign, or remote outdoor zones.",Gate and Sign Connectivity Review from Maine Cyber Tech,bundle;starter,mct_essential_care;mct_business_care;mct_secure_care;quarterly_business_review,normal,standard
seasonal_business_it_readiness,seasonal-business-it-readiness,Seasonal Business IT Readiness,Business Starter Packs,business-starter-packs,bundle,"$399-$1,500",one_time_or_project,consultation_or_checkout,"Pre-season check of internet, Wi-Fi, cameras, devices, accounts, and backups.",Seasonal Business IT Readiness from Maine Cyber Tech,bundle;starter,mct_essential_care;mct_business_care;mct_secure_care;quarterly_business_review,normal,standard
wellness_office_security_pack,wellness-office-security-pack,Wellness Office Security Pack,Business Starter Packs,business-starter-packs,bundle,"$750-$2,500",one_time_or_project,consultation_or_checkout,"MFA, device encryption review, guest Wi-Fi, backup review, and policy starter kit.",Wellness Office Security Pack from Maine Cyber Tech,bundle;starter,mct_essential_care;mct_business_care;mct_secure_care;quarterly_business_review,elevated,standard
patient_wi_fi_separation,patient-wi-fi-separation,Patient Wi-Fi Separation,Business Starter Packs,business-starter-packs,bundle,"$399-$1,500",one_time_or_project,consultation_or_checkout,Separate patient/guest Wi-Fi from business systems.,Patient Wi-Fi Separation from Maine Cyber Tech,bundle;starter,mct_essential_care;mct_business_care;mct_secure_care;quarterly_business_review,normal,standard
contractor_digital_office,contractor-digital-office,Contractor Digital Office,Business Starter Packs,business-starter-packs,bundle,"$599-$2,000",one_time_or_project,consultation_or_checkout,"M365/Google setup, shared files, mobile access, backup, and security basics for trades.",Contractor Digital Office from Maine Cyber Tech,bundle;starter,mct_essential_care;mct_business_care;mct_secure_care;quarterly_business_review,normal,standard
field_laptop_setup,field-laptop-setup,Field Laptop Setup,Business Starter Packs,business-starter-packs,bundle,$199-$799,one_time_or_project,consultation_or_checkout,Set up mobile-friendly laptop workflow for field work.,Field Laptop Setup from Maine Cyber Tech,bundle;starter,mct_essential_care;mct_business_care;mct_secure_care;quarterly_business_review,normal,standard
cloud_file_setup_for_job_photos,cloud-file-setup-for-job-photos,Cloud File Setup for Job Photos,Business Starter Packs,business-starter-packs,bundle,$299-$999,one_time_or_project,consultation_or_checkout,"Set up shared folders for job files, photos, and team access.",Cloud File Setup for Job Photos from Maine Cyber Tech,bundle;starter,mct_essential_care;mct_business_care;mct_secure_care;quarterly_business_review,normal,standard
mobile_device_security_setup,mobile-device-security-setup,Mobile Device Security Setup,Business Starter Packs,business-starter-packs,bundle,$199-$799,one_time_or_project,consultation_or_checkout,"MFA, app access, backup, and basic mobile device safety.",Mobile Device Security Setup from Maine Cyber Tech,bundle;starter,mct_essential_care;mct_business_care;mct_secure_care;quarterly_business_review,normal,standard
blueberry_business_starter,blueberry-business-starter,Blueberry Business Starter,Business Starter Packs,business-starter-packs,bundle,"$499-$1,500",one_time_or_project,consultation_or_checkout,"Maine-themed starter package for new small businesses needing email, domain, device, and security basics.",Blueberry Business Starter from Maine Cyber Tech,bundle;starter,mct_essential_care;mct_business_care;mct_secure_care;quarterly_business_review,normal,standard
pine_tree_protection_pack,pine-tree-protection-pack,Pine Tree Protection Pack,Business Starter Packs,business-starter-packs,bundle,"$599-$2,000",one_time_or_project,consultation_or_checkout,"Maine-themed security bundle with MFA, password, email, backup, and critical account review.",Pine Tree Protection Pack from Maine Cyber Tech,bundle;starter,mct_essential_care;mct_business_care;mct_secure_care;quarterly_business_review,normal,standard
harbor_wi_fi_bundle,harbor-wi-fi-bundle,Harbor Wi-Fi Bundle,Business Starter Packs,business-starter-packs,bundle,"$1,500-$6,000",one_time_or_project,consultation_or_checkout,Maine-themed outdoor/business Wi-Fi bundle for public or mixed-use spaces.,Harbor Wi-Fi Bundle from Maine Cyber Tech,bundle;starter,mct_essential_care;mct_business_care;mct_secure_care;quarterly_business_review,normal,standard
anchor_backup_plan,anchor-backup-plan,Anchor Backup Plan,Business Starter Packs,business-starter-packs,bundle,"$499-$2,000",one_time_or_project,consultation_or_checkout,Maine-themed backup and restore-readiness bundle.,Anchor Backup Plan from Maine Cyber Tech,bundle;starter,mct_essential_care;mct_business_care;mct_secure_care;quarterly_business_review,normal,standard
north_star_cyber_plan,north-star-cyber-plan,North Star Cyber Plan,Business Starter Packs,business-starter-packs,bundle,"$1,500+/month",monthly,consultation_or_checkout,Maine-themed recurring strategic cybersecurity roadmap and care plan.,North Star Cyber Plan from Maine Cyber Tech,bundle;starter,mct_essential_care;mct_business_care;mct_secure_care;quarterly_business_review,normal,standard
