priority,module_id,module,slug,epic,story,target_files
P1,1,Multi-Tenant MSP Client Portal,multi-tenant-msp-client-portal,client-success,write deep spec,apps/api/src/routes/multi-tenant-msp-client-portal.ts; apps/api/src/validators/multi-tenant-msp-client-portal.ts; packages/sdk/src/multi-tenant-msp-client-portal.ts; apps/web/app/(portal)/portal/multi-tenant-msp-client-portal/page.tsx; supabase/migrations/<timestamp>_multi_tenant_msp_client_portal.sql
P1,1,Multi-Tenant MSP Client Portal,multi-tenant-msp-client-portal,client-success,create migration and RLS,apps/api/src/routes/multi-tenant-msp-client-portal.ts; apps/api/src/validators/multi-tenant-msp-client-portal.ts; packages/sdk/src/multi-tenant-msp-client-portal.ts; apps/web/app/(portal)/portal/multi-tenant-msp-client-portal/page.tsx; supabase/migrations/<timestamp>_multi_tenant_msp_client_portal.sql
P1,1,Multi-Tenant MSP Client Portal,multi-tenant-msp-client-portal,client-success,add validator/service/API route,apps/api/src/routes/multi-tenant-msp-client-portal.ts; apps/api/src/validators/multi-tenant-msp-client-portal.ts; packages/sdk/src/multi-tenant-msp-client-portal.ts; apps/web/app/(portal)/portal/multi-tenant-msp-client-portal/page.tsx; supabase/migrations/<timestamp>_multi_tenant_msp_client_portal.sql
P1,1,Multi-Tenant MSP Client Portal,multi-tenant-msp-client-portal,client-success,register API route,apps/api/src/routes/multi-tenant-msp-client-portal.ts; apps/api/src/validators/multi-tenant-msp-client-portal.ts; packages/sdk/src/multi-tenant-msp-client-portal.ts; apps/web/app/(portal)/portal/multi-tenant-msp-client-portal/page.tsx; supabase/migrations/<timestamp>_multi_tenant_msp_client_portal.sql
P1,1,Multi-Tenant MSP Client Portal,multi-tenant-msp-client-portal,client-success,add SDK wrapper,apps/api/src/routes/multi-tenant-msp-client-portal.ts; apps/api/src/validators/multi-tenant-msp-client-portal.ts; packages/sdk/src/multi-tenant-msp-client-portal.ts; apps/web/app/(portal)/portal/multi-tenant-msp-client-portal/page.tsx; supabase/migrations/<timestamp>_multi_tenant_msp_client_portal.sql
P1,1,Multi-Tenant MSP Client Portal,multi-tenant-msp-client-portal,client-success,add portal UI,apps/api/src/routes/multi-tenant-msp-client-portal.ts; apps/api/src/validators/multi-tenant-msp-client-portal.ts; packages/sdk/src/multi-tenant-msp-client-portal.ts; apps/web/app/(portal)/portal/multi-tenant-msp-client-portal/page.tsx; supabase/migrations/<timestamp>_multi_tenant_msp_client_portal.sql
P1,1,Multi-Tenant MSP Client Portal,multi-tenant-msp-client-portal,client-success,add worker task if needed,apps/api/src/routes/multi-tenant-msp-client-portal.ts; apps/api/src/validators/multi-tenant-msp-client-portal.ts; packages/sdk/src/multi-tenant-msp-client-portal.ts; apps/web/app/(portal)/portal/multi-tenant-msp-client-portal/page.tsx; supabase/migrations/<timestamp>_multi_tenant_msp_client_portal.sql
P1,1,Multi-Tenant MSP Client Portal,multi-tenant-msp-client-portal,client-success,add tests/E2E,apps/api/src/routes/multi-tenant-msp-client-portal.ts; apps/api/src/validators/multi-tenant-msp-client-portal.ts; packages/sdk/src/multi-tenant-msp-client-portal.ts; apps/web/app/(portal)/portal/multi-tenant-msp-client-portal/page.tsx; supabase/migrations/<timestamp>_multi_tenant_msp_client_portal.sql
P1,1,Multi-Tenant MSP Client Portal,multi-tenant-msp-client-portal,client-success,add docs/runbook,apps/api/src/routes/multi-tenant-msp-client-portal.ts; apps/api/src/validators/multi-tenant-msp-client-portal.ts; packages/sdk/src/multi-tenant-msp-client-portal.ts; apps/web/app/(portal)/portal/multi-tenant-msp-client-portal/page.tsx; supabase/migrations/<timestamp>_multi_tenant_msp_client_portal.sql
P1,1,Multi-Tenant MSP Client Portal,multi-tenant-msp-client-portal,client-success,run audit prompt and remediate,apps/api/src/routes/multi-tenant-msp-client-portal.ts; apps/api/src/validators/multi-tenant-msp-client-portal.ts; packages/sdk/src/multi-tenant-msp-client-portal.ts; apps/web/app/(portal)/portal/multi-tenant-msp-client-portal/page.tsx; supabase/migrations/<timestamp>_multi_tenant_msp_client_portal.sql
P1,2,Client Onboarding Command Center,client-onboarding-command-center,operations,write deep spec,apps/api/src/routes/client-onboarding-command-center.ts; apps/api/src/validators/client-onboarding-command-center.ts; packages/sdk/src/client-onboarding-command-center.ts; apps/web/app/(portal)/portal/client-onboarding-command-center/page.tsx; supabase/migrations/<timestamp>_client_onboarding_command_center.sql
P1,2,Client Onboarding Command Center,client-onboarding-command-center,operations,create migration and RLS,apps/api/src/routes/client-onboarding-command-center.ts; apps/api/src/validators/client-onboarding-command-center.ts; packages/sdk/src/client-onboarding-command-center.ts; apps/web/app/(portal)/portal/client-onboarding-command-center/page.tsx; supabase/migrations/<timestamp>_client_onboarding_command_center.sql
P1,2,Client Onboarding Command Center,client-onboarding-command-center,operations,add validator/service/API route,apps/api/src/routes/client-onboarding-command-center.ts; apps/api/src/validators/client-onboarding-command-center.ts; packages/sdk/src/client-onboarding-command-center.ts; apps/web/app/(portal)/portal/client-onboarding-command-center/page.tsx; supabase/migrations/<timestamp>_client_onboarding_command_center.sql
P1,2,Client Onboarding Command Center,client-onboarding-command-center,operations,register API route,apps/api/src/routes/client-onboarding-command-center.ts; apps/api/src/validators/client-onboarding-command-center.ts; packages/sdk/src/client-onboarding-command-center.ts; apps/web/app/(portal)/portal/client-onboarding-command-center/page.tsx; supabase/migrations/<timestamp>_client_onboarding_command_center.sql
P1,2,Client Onboarding Command Center,client-onboarding-command-center,operations,add SDK wrapper,apps/api/src/routes/client-onboarding-command-center.ts; apps/api/src/validators/client-onboarding-command-center.ts; packages/sdk/src/client-onboarding-command-center.ts; apps/web/app/(portal)/portal/client-onboarding-command-center/page.tsx; supabase/migrations/<timestamp>_client_onboarding_command_center.sql
P1,2,Client Onboarding Command Center,client-onboarding-command-center,operations,add portal UI,apps/api/src/routes/client-onboarding-command-center.ts; apps/api/src/validators/client-onboarding-command-center.ts; packages/sdk/src/client-onboarding-command-center.ts; apps/web/app/(portal)/portal/client-onboarding-command-center/page.tsx; supabase/migrations/<timestamp>_client_onboarding_command_center.sql
P1,2,Client Onboarding Command Center,client-onboarding-command-center,operations,add worker task if needed,apps/api/src/routes/client-onboarding-command-center.ts; apps/api/src/validators/client-onboarding-command-center.ts; packages/sdk/src/client-onboarding-command-center.ts; apps/web/app/(portal)/portal/client-onboarding-command-center/page.tsx; supabase/migrations/<timestamp>_client_onboarding_command_center.sql
P1,2,Client Onboarding Command Center,client-onboarding-command-center,operations,add tests/E2E,apps/api/src/routes/client-onboarding-command-center.ts; apps/api/src/validators/client-onboarding-command-center.ts; packages/sdk/src/client-onboarding-command-center.ts; apps/web/app/(portal)/portal/client-onboarding-command-center/page.tsx; supabase/migrations/<timestamp>_client_onboarding_command_center.sql
P1,2,Client Onboarding Command Center,client-onboarding-command-center,operations,add docs/runbook,apps/api/src/routes/client-onboarding-command-center.ts; apps/api/src/validators/client-onboarding-command-center.ts; packages/sdk/src/client-onboarding-command-center.ts; apps/web/app/(portal)/portal/client-onboarding-command-center/page.tsx; supabase/migrations/<timestamp>_client_onboarding_command_center.sql
P1,2,Client Onboarding Command Center,client-onboarding-command-center,operations,run audit prompt and remediate,apps/api/src/routes/client-onboarding-command-center.ts; apps/api/src/validators/client-onboarding-command-center.ts; packages/sdk/src/client-onboarding-command-center.ts; apps/web/app/(portal)/portal/client-onboarding-command-center/page.tsx; supabase/migrations/<timestamp>_client_onboarding_command_center.sql
P1,3,M365 Tenant Hardening Scanner,m365-tenant-hardening-scanner,security,write deep spec,apps/api/src/routes/m365-tenant-hardening-scanner.ts; apps/api/src/validators/m365-tenant-hardening-scanner.ts; packages/sdk/src/m365-tenant-hardening-scanner.ts; apps/web/app/(portal)/portal/m365-tenant-hardening-scanner/page.tsx; supabase/migrations/<timestamp>_m365_tenant_hardening_scanner.sql
P1,3,M365 Tenant Hardening Scanner,m365-tenant-hardening-scanner,security,create migration and RLS,apps/api/src/routes/m365-tenant-hardening-scanner.ts; apps/api/src/validators/m365-tenant-hardening-scanner.ts; packages/sdk/src/m365-tenant-hardening-scanner.ts; apps/web/app/(portal)/portal/m365-tenant-hardening-scanner/page.tsx; supabase/migrations/<timestamp>_m365_tenant_hardening_scanner.sql
P1,3,M365 Tenant Hardening Scanner,m365-tenant-hardening-scanner,security,add validator/service/API route,apps/api/src/routes/m365-tenant-hardening-scanner.ts; apps/api/src/validators/m365-tenant-hardening-scanner.ts; packages/sdk/src/m365-tenant-hardening-scanner.ts; apps/web/app/(portal)/portal/m365-tenant-hardening-scanner/page.tsx; supabase/migrations/<timestamp>_m365_tenant_hardening_scanner.sql
P1,3,M365 Tenant Hardening Scanner,m365-tenant-hardening-scanner,security,register API route,apps/api/src/routes/m365-tenant-hardening-scanner.ts; apps/api/src/validators/m365-tenant-hardening-scanner.ts; packages/sdk/src/m365-tenant-hardening-scanner.ts; apps/web/app/(portal)/portal/m365-tenant-hardening-scanner/page.tsx; supabase/migrations/<timestamp>_m365_tenant_hardening_scanner.sql
P1,3,M365 Tenant Hardening Scanner,m365-tenant-hardening-scanner,security,add SDK wrapper,apps/api/src/routes/m365-tenant-hardening-scanner.ts; apps/api/src/validators/m365-tenant-hardening-scanner.ts; packages/sdk/src/m365-tenant-hardening-scanner.ts; apps/web/app/(portal)/portal/m365-tenant-hardening-scanner/page.tsx; supabase/migrations/<timestamp>_m365_tenant_hardening_scanner.sql
P1,3,M365 Tenant Hardening Scanner,m365-tenant-hardening-scanner,security,add portal UI,apps/api/src/routes/m365-tenant-hardening-scanner.ts; apps/api/src/validators/m365-tenant-hardening-scanner.ts; packages/sdk/src/m365-tenant-hardening-scanner.ts; apps/web/app/(portal)/portal/m365-tenant-hardening-scanner/page.tsx; supabase/migrations/<timestamp>_m365_tenant_hardening_scanner.sql
P1,3,M365 Tenant Hardening Scanner,m365-tenant-hardening-scanner,security,add worker task if needed,apps/api/src/routes/m365-tenant-hardening-scanner.ts; apps/api/src/validators/m365-tenant-hardening-scanner.ts; packages/sdk/src/m365-tenant-hardening-scanner.ts; apps/web/app/(portal)/portal/m365-tenant-hardening-scanner/page.tsx; supabase/migrations/<timestamp>_m365_tenant_hardening_scanner.sql
P1,3,M365 Tenant Hardening Scanner,m365-tenant-hardening-scanner,security,add tests/E2E,apps/api/src/routes/m365-tenant-hardening-scanner.ts; apps/api/src/validators/m365-tenant-hardening-scanner.ts; packages/sdk/src/m365-tenant-hardening-scanner.ts; apps/web/app/(portal)/portal/m365-tenant-hardening-scanner/page.tsx; supabase/migrations/<timestamp>_m365_tenant_hardening_scanner.sql
P1,3,M365 Tenant Hardening Scanner,m365-tenant-hardening-scanner,security,add docs/runbook,apps/api/src/routes/m365-tenant-hardening-scanner.ts; apps/api/src/validators/m365-tenant-hardening-scanner.ts; packages/sdk/src/m365-tenant-hardening-scanner.ts; apps/web/app/(portal)/portal/m365-tenant-hardening-scanner/page.tsx; supabase/migrations/<timestamp>_m365_tenant_hardening_scanner.sql
P1,3,M365 Tenant Hardening Scanner,m365-tenant-hardening-scanner,security,run audit prompt and remediate,apps/api/src/routes/m365-tenant-hardening-scanner.ts; apps/api/src/validators/m365-tenant-hardening-scanner.ts; packages/sdk/src/m365-tenant-hardening-scanner.ts; apps/web/app/(portal)/portal/m365-tenant-hardening-scanner/page.tsx; supabase/migrations/<timestamp>_m365_tenant_hardening_scanner.sql
P2,4,ISP Phone Network Consolidation Assessment,isp-phone-network-consolidation-assessment,sales-engineering,write deep spec,apps/api/src/routes/isp-phone-network-consolidation-assessment.ts; apps/api/src/validators/isp-phone-network-consolidation-assessment.ts; packages/sdk/src/isp-phone-network-consolidation-assessment.ts; apps/web/app/(portal)/portal/isp-phone-network-consolidation-assessment/page.tsx; supabase/migrations/<timestamp>_isp_phone_network_consolidation_assessment.sql
P2,4,ISP Phone Network Consolidation Assessment,isp-phone-network-consolidation-assessment,sales-engineering,create migration and RLS,apps/api/src/routes/isp-phone-network-consolidation-assessment.ts; apps/api/src/validators/isp-phone-network-consolidation-assessment.ts; packages/sdk/src/isp-phone-network-consolidation-assessment.ts; apps/web/app/(portal)/portal/isp-phone-network-consolidation-assessment/page.tsx; supabase/migrations/<timestamp>_isp_phone_network_consolidation_assessment.sql
P2,4,ISP Phone Network Consolidation Assessment,isp-phone-network-consolidation-assessment,sales-engineering,add validator/service/API route,apps/api/src/routes/isp-phone-network-consolidation-assessment.ts; apps/api/src/validators/isp-phone-network-consolidation-assessment.ts; packages/sdk/src/isp-phone-network-consolidation-assessment.ts; apps/web/app/(portal)/portal/isp-phone-network-consolidation-assessment/page.tsx; supabase/migrations/<timestamp>_isp_phone_network_consolidation_assessment.sql
P2,4,ISP Phone Network Consolidation Assessment,isp-phone-network-consolidation-assessment,sales-engineering,register API route,apps/api/src/routes/isp-phone-network-consolidation-assessment.ts; apps/api/src/validators/isp-phone-network-consolidation-assessment.ts; packages/sdk/src/isp-phone-network-consolidation-assessment.ts; apps/web/app/(portal)/portal/isp-phone-network-consolidation-assessment/page.tsx; supabase/migrations/<timestamp>_isp_phone_network_consolidation_assessment.sql
P2,4,ISP Phone Network Consolidation Assessment,isp-phone-network-consolidation-assessment,sales-engineering,add SDK wrapper,apps/api/src/routes/isp-phone-network-consolidation-assessment.ts; apps/api/src/validators/isp-phone-network-consolidation-assessment.ts; packages/sdk/src/isp-phone-network-consolidation-assessment.ts; apps/web/app/(portal)/portal/isp-phone-network-consolidation-assessment/page.tsx; supabase/migrations/<timestamp>_isp_phone_network_consolidation_assessment.sql
P2,4,ISP Phone Network Consolidation Assessment,isp-phone-network-consolidation-assessment,sales-engineering,add portal UI,apps/api/src/routes/isp-phone-network-consolidation-assessment.ts; apps/api/src/validators/isp-phone-network-consolidation-assessment.ts; packages/sdk/src/isp-phone-network-consolidation-assessment.ts; apps/web/app/(portal)/portal/isp-phone-network-consolidation-assessment/page.tsx; supabase/migrations/<timestamp>_isp_phone_network_consolidation_assessment.sql
P2,4,ISP Phone Network Consolidation Assessment,isp-phone-network-consolidation-assessment,sales-engineering,add worker task if needed,apps/api/src/routes/isp-phone-network-consolidation-assessment.ts; apps/api/src/validators/isp-phone-network-consolidation-assessment.ts; packages/sdk/src/isp-phone-network-consolidation-assessment.ts; apps/web/app/(portal)/portal/isp-phone-network-consolidation-assessment/page.tsx; supabase/migrations/<timestamp>_isp_phone_network_consolidation_assessment.sql
P2,4,ISP Phone Network Consolidation Assessment,isp-phone-network-consolidation-assessment,sales-engineering,add tests/E2E,apps/api/src/routes/isp-phone-network-consolidation-assessment.ts; apps/api/src/validators/isp-phone-network-consolidation-assessment.ts; packages/sdk/src/isp-phone-network-consolidation-assessment.ts; apps/web/app/(portal)/portal/isp-phone-network-consolidation-assessment/page.tsx; supabase/migrations/<timestamp>_isp_phone_network_consolidation_assessment.sql
P2,4,ISP Phone Network Consolidation Assessment,isp-phone-network-consolidation-assessment,sales-engineering,add docs/runbook,apps/api/src/routes/isp-phone-network-consolidation-assessment.ts; apps/api/src/validators/isp-phone-network-consolidation-assessment.ts; packages/sdk/src/isp-phone-network-consolidation-assessment.ts; apps/web/app/(portal)/portal/isp-phone-network-consolidation-assessment/page.tsx; supabase/migrations/<timestamp>_isp_phone_network_consolidation_assessment.sql
P2,4,ISP Phone Network Consolidation Assessment,isp-phone-network-consolidation-assessment,sales-engineering,run audit prompt and remediate,apps/api/src/routes/isp-phone-network-consolidation-assessment.ts; apps/api/src/validators/isp-phone-network-consolidation-assessment.ts; packages/sdk/src/isp-phone-network-consolidation-assessment.ts; apps/web/app/(portal)/portal/isp-phone-network-consolidation-assessment/page.tsx; supabase/migrations/<timestamp>_isp_phone_network_consolidation_assessment.sql
P2,5,UniFi Site Survey Deployment Planner,unifi-site-survey-deployment-planner,field-services,write deep spec,apps/api/src/routes/unifi-site-survey-deployment-planner.ts; apps/api/src/validators/unifi-site-survey-deployment-planner.ts; packages/sdk/src/unifi-site-survey-deployment-planner.ts; apps/web/app/(portal)/portal/unifi-site-survey-deployment-planner/page.tsx; supabase/migrations/<timestamp>_unifi_site_survey_deployment_planner.sql
P2,5,UniFi Site Survey Deployment Planner,unifi-site-survey-deployment-planner,field-services,create migration and RLS,apps/api/src/routes/unifi-site-survey-deployment-planner.ts; apps/api/src/validators/unifi-site-survey-deployment-planner.ts; packages/sdk/src/unifi-site-survey-deployment-planner.ts; apps/web/app/(portal)/portal/unifi-site-survey-deployment-planner/page.tsx; supabase/migrations/<timestamp>_unifi_site_survey_deployment_planner.sql
P2,5,UniFi Site Survey Deployment Planner,unifi-site-survey-deployment-planner,field-services,add validator/service/API route,apps/api/src/routes/unifi-site-survey-deployment-planner.ts; apps/api/src/validators/unifi-site-survey-deployment-planner.ts; packages/sdk/src/unifi-site-survey-deployment-planner.ts; apps/web/app/(portal)/portal/unifi-site-survey-deployment-planner/page.tsx; supabase/migrations/<timestamp>_unifi_site_survey_deployment_planner.sql
P2,5,UniFi Site Survey Deployment Planner,unifi-site-survey-deployment-planner,field-services,register API route,apps/api/src/routes/unifi-site-survey-deployment-planner.ts; apps/api/src/validators/unifi-site-survey-deployment-planner.ts; packages/sdk/src/unifi-site-survey-deployment-planner.ts; apps/web/app/(portal)/portal/unifi-site-survey-deployment-planner/page.tsx; supabase/migrations/<timestamp>_unifi_site_survey_deployment_planner.sql
P2,5,UniFi Site Survey Deployment Planner,unifi-site-survey-deployment-planner,field-services,add SDK wrapper,apps/api/src/routes/unifi-site-survey-deployment-planner.ts; apps/api/src/validators/unifi-site-survey-deployment-planner.ts; packages/sdk/src/unifi-site-survey-deployment-planner.ts; apps/web/app/(portal)/portal/unifi-site-survey-deployment-planner/page.tsx; supabase/migrations/<timestamp>_unifi_site_survey_deployment_planner.sql
P2,5,UniFi Site Survey Deployment Planner,unifi-site-survey-deployment-planner,field-services,add portal UI,apps/api/src/routes/unifi-site-survey-deployment-planner.ts; apps/api/src/validators/unifi-site-survey-deployment-planner.ts; packages/sdk/src/unifi-site-survey-deployment-planner.ts; apps/web/app/(portal)/portal/unifi-site-survey-deployment-planner/page.tsx; supabase/migrations/<timestamp>_unifi_site_survey_deployment_planner.sql
P2,5,UniFi Site Survey Deployment Planner,unifi-site-survey-deployment-planner,field-services,add worker task if needed,apps/api/src/routes/unifi-site-survey-deployment-planner.ts; apps/api/src/validators/unifi-site-survey-deployment-planner.ts; packages/sdk/src/unifi-site-survey-deployment-planner.ts; apps/web/app/(portal)/portal/unifi-site-survey-deployment-planner/page.tsx; supabase/migrations/<timestamp>_unifi_site_survey_deployment_planner.sql
P2,5,UniFi Site Survey Deployment Planner,unifi-site-survey-deployment-planner,field-services,add tests/E2E,apps/api/src/routes/unifi-site-survey-deployment-planner.ts; apps/api/src/validators/unifi-site-survey-deployment-planner.ts; packages/sdk/src/unifi-site-survey-deployment-planner.ts; apps/web/app/(portal)/portal/unifi-site-survey-deployment-planner/page.tsx; supabase/migrations/<timestamp>_unifi_site_survey_deployment_planner.sql
P2,5,UniFi Site Survey Deployment Planner,unifi-site-survey-deployment-planner,field-services,add docs/runbook,apps/api/src/routes/unifi-site-survey-deployment-planner.ts; apps/api/src/validators/unifi-site-survey-deployment-planner.ts; packages/sdk/src/unifi-site-survey-deployment-planner.ts; apps/web/app/(portal)/portal/unifi-site-survey-deployment-planner/page.tsx; supabase/migrations/<timestamp>_unifi_site_survey_deployment_planner.sql
P2,5,UniFi Site Survey Deployment Planner,unifi-site-survey-deployment-planner,field-services,run audit prompt and remediate,apps/api/src/routes/unifi-site-survey-deployment-planner.ts; apps/api/src/validators/unifi-site-survey-deployment-planner.ts; packages/sdk/src/unifi-site-survey-deployment-planner.ts; apps/web/app/(portal)/portal/unifi-site-survey-deployment-planner/page.tsx; supabase/migrations/<timestamp>_unifi_site_survey_deployment_planner.sql
P2,6,MSP SOP Library Compliance Mapper,msp-sop-library-compliance-mapper,governance,write deep spec,apps/api/src/routes/msp-sop-library-compliance-mapper.ts; apps/api/src/validators/msp-sop-library-compliance-mapper.ts; packages/sdk/src/msp-sop-library-compliance-mapper.ts; apps/web/app/(portal)/portal/msp-sop-library-compliance-mapper/page.tsx; supabase/migrations/<timestamp>_msp_sop_library_compliance_mapper.sql
P2,6,MSP SOP Library Compliance Mapper,msp-sop-library-compliance-mapper,governance,create migration and RLS,apps/api/src/routes/msp-sop-library-compliance-mapper.ts; apps/api/src/validators/msp-sop-library-compliance-mapper.ts; packages/sdk/src/msp-sop-library-compliance-mapper.ts; apps/web/app/(portal)/portal/msp-sop-library-compliance-mapper/page.tsx; supabase/migrations/<timestamp>_msp_sop_library_compliance_mapper.sql
P2,6,MSP SOP Library Compliance Mapper,msp-sop-library-compliance-mapper,governance,add validator/service/API route,apps/api/src/routes/msp-sop-library-compliance-mapper.ts; apps/api/src/validators/msp-sop-library-compliance-mapper.ts; packages/sdk/src/msp-sop-library-compliance-mapper.ts; apps/web/app/(portal)/portal/msp-sop-library-compliance-mapper/page.tsx; supabase/migrations/<timestamp>_msp_sop_library_compliance_mapper.sql
P2,6,MSP SOP Library Compliance Mapper,msp-sop-library-compliance-mapper,governance,register API route,apps/api/src/routes/msp-sop-library-compliance-mapper.ts; apps/api/src/validators/msp-sop-library-compliance-mapper.ts; packages/sdk/src/msp-sop-library-compliance-mapper.ts; apps/web/app/(portal)/portal/msp-sop-library-compliance-mapper/page.tsx; supabase/migrations/<timestamp>_msp_sop_library_compliance_mapper.sql
P2,6,MSP SOP Library Compliance Mapper,msp-sop-library-compliance-mapper,governance,add SDK wrapper,apps/api/src/routes/msp-sop-library-compliance-mapper.ts; apps/api/src/validators/msp-sop-library-compliance-mapper.ts; packages/sdk/src/msp-sop-library-compliance-mapper.ts; apps/web/app/(portal)/portal/msp-sop-library-compliance-mapper/page.tsx; supabase/migrations/<timestamp>_msp_sop_library_compliance_mapper.sql
P2,6,MSP SOP Library Compliance Mapper,msp-sop-library-compliance-mapper,governance,add portal UI,apps/api/src/routes/msp-sop-library-compliance-mapper.ts; apps/api/src/validators/msp-sop-library-compliance-mapper.ts; packages/sdk/src/msp-sop-library-compliance-mapper.ts; apps/web/app/(portal)/portal/msp-sop-library-compliance-mapper/page.tsx; supabase/migrations/<timestamp>_msp_sop_library_compliance_mapper.sql
P2,6,MSP SOP Library Compliance Mapper,msp-sop-library-compliance-mapper,governance,add worker task if needed,apps/api/src/routes/msp-sop-library-compliance-mapper.ts; apps/api/src/validators/msp-sop-library-compliance-mapper.ts; packages/sdk/src/msp-sop-library-compliance-mapper.ts; apps/web/app/(portal)/portal/msp-sop-library-compliance-mapper/page.tsx; supabase/migrations/<timestamp>_msp_sop_library_compliance_mapper.sql
P2,6,MSP SOP Library Compliance Mapper,msp-sop-library-compliance-mapper,governance,add tests/E2E,apps/api/src/routes/msp-sop-library-compliance-mapper.ts; apps/api/src/validators/msp-sop-library-compliance-mapper.ts; packages/sdk/src/msp-sop-library-compliance-mapper.ts; apps/web/app/(portal)/portal/msp-sop-library-compliance-mapper/page.tsx; supabase/migrations/<timestamp>_msp_sop_library_compliance_mapper.sql
P2,6,MSP SOP Library Compliance Mapper,msp-sop-library-compliance-mapper,governance,add docs/runbook,apps/api/src/routes/msp-sop-library-compliance-mapper.ts; apps/api/src/validators/msp-sop-library-compliance-mapper.ts; packages/sdk/src/msp-sop-library-compliance-mapper.ts; apps/web/app/(portal)/portal/msp-sop-library-compliance-mapper/page.tsx; supabase/migrations/<timestamp>_msp_sop_library_compliance_mapper.sql
P2,6,MSP SOP Library Compliance Mapper,msp-sop-library-compliance-mapper,governance,run audit prompt and remediate,apps/api/src/routes/msp-sop-library-compliance-mapper.ts; apps/api/src/validators/msp-sop-library-compliance-mapper.ts; packages/sdk/src/msp-sop-library-compliance-mapper.ts; apps/web/app/(portal)/portal/msp-sop-library-compliance-mapper/page.tsx; supabase/migrations/<timestamp>_msp_sop_library_compliance_mapper.sql
P1,7,Security Incident Response Runbook App,security-incident-response-runbook-app,security,write deep spec,apps/api/src/routes/security-incident-response-runbook-app.ts; apps/api/src/validators/security-incident-response-runbook-app.ts; packages/sdk/src/security-incident-response-runbook-app.ts; apps/web/app/(portal)/portal/security-incident-response-runbook-app/page.tsx; supabase/migrations/<timestamp>_security_incident_response_runbook_app.sql
P1,7,Security Incident Response Runbook App,security-incident-response-runbook-app,security,create migration and RLS,apps/api/src/routes/security-incident-response-runbook-app.ts; apps/api/src/validators/security-incident-response-runbook-app.ts; packages/sdk/src/security-incident-response-runbook-app.ts; apps/web/app/(portal)/portal/security-incident-response-runbook-app/page.tsx; supabase/migrations/<timestamp>_security_incident_response_runbook_app.sql
P1,7,Security Incident Response Runbook App,security-incident-response-runbook-app,security,add validator/service/API route,apps/api/src/routes/security-incident-response-runbook-app.ts; apps/api/src/validators/security-incident-response-runbook-app.ts; packages/sdk/src/security-incident-response-runbook-app.ts; apps/web/app/(portal)/portal/security-incident-response-runbook-app/page.tsx; supabase/migrations/<timestamp>_security_incident_response_runbook_app.sql
P1,7,Security Incident Response Runbook App,security-incident-response-runbook-app,security,register API route,apps/api/src/routes/security-incident-response-runbook-app.ts; apps/api/src/validators/security-incident-response-runbook-app.ts; packages/sdk/src/security-incident-response-runbook-app.ts; apps/web/app/(portal)/portal/security-incident-response-runbook-app/page.tsx; supabase/migrations/<timestamp>_security_incident_response_runbook_app.sql
P1,7,Security Incident Response Runbook App,security-incident-response-runbook-app,security,add SDK wrapper,apps/api/src/routes/security-incident-response-runbook-app.ts; apps/api/src/validators/security-incident-response-runbook-app.ts; packages/sdk/src/security-incident-response-runbook-app.ts; apps/web/app/(portal)/portal/security-incident-response-runbook-app/page.tsx; supabase/migrations/<timestamp>_security_incident_response_runbook_app.sql
P1,7,Security Incident Response Runbook App,security-incident-response-runbook-app,security,add portal UI,apps/api/src/routes/security-incident-response-runbook-app.ts; apps/api/src/validators/security-incident-response-runbook-app.ts; packages/sdk/src/security-incident-response-runbook-app.ts; apps/web/app/(portal)/portal/security-incident-response-runbook-app/page.tsx; supabase/migrations/<timestamp>_security_incident_response_runbook_app.sql
P1,7,Security Incident Response Runbook App,security-incident-response-runbook-app,security,add worker task if needed,apps/api/src/routes/security-incident-response-runbook-app.ts; apps/api/src/validators/security-incident-response-runbook-app.ts; packages/sdk/src/security-incident-response-runbook-app.ts; apps/web/app/(portal)/portal/security-incident-response-runbook-app/page.tsx; supabase/migrations/<timestamp>_security_incident_response_runbook_app.sql
P1,7,Security Incident Response Runbook App,security-incident-response-runbook-app,security,add tests/E2E,apps/api/src/routes/security-incident-response-runbook-app.ts; apps/api/src/validators/security-incident-response-runbook-app.ts; packages/sdk/src/security-incident-response-runbook-app.ts; apps/web/app/(portal)/portal/security-incident-response-runbook-app/page.tsx; supabase/migrations/<timestamp>_security_incident_response_runbook_app.sql
P1,7,Security Incident Response Runbook App,security-incident-response-runbook-app,security,add docs/runbook,apps/api/src/routes/security-incident-response-runbook-app.ts; apps/api/src/validators/security-incident-response-runbook-app.ts; packages/sdk/src/security-incident-response-runbook-app.ts; apps/web/app/(portal)/portal/security-incident-response-runbook-app/page.tsx; supabase/migrations/<timestamp>_security_incident_response_runbook_app.sql
P1,7,Security Incident Response Runbook App,security-incident-response-runbook-app,security,run audit prompt and remediate,apps/api/src/routes/security-incident-response-runbook-app.ts; apps/api/src/validators/security-incident-response-runbook-app.ts; packages/sdk/src/security-incident-response-runbook-app.ts; apps/web/app/(portal)/portal/security-incident-response-runbook-app/page.tsx; supabase/migrations/<timestamp>_security_incident_response_runbook_app.sql
P2,8,Vendor SaaS Subscription Audit Portal,vendor-saas-subscription-audit-portal,finance-ops,write deep spec,apps/api/src/routes/vendor-saas-subscription-audit-portal.ts; apps/api/src/validators/vendor-saas-subscription-audit-portal.ts; packages/sdk/src/vendor-saas-subscription-audit-portal.ts; apps/web/app/(portal)/portal/vendor-saas-subscription-audit-portal/page.tsx; supabase/migrations/<timestamp>_vendor_saas_subscription_audit_portal.sql
P2,8,Vendor SaaS Subscription Audit Portal,vendor-saas-subscription-audit-portal,finance-ops,create migration and RLS,apps/api/src/routes/vendor-saas-subscription-audit-portal.ts; apps/api/src/validators/vendor-saas-subscription-audit-portal.ts; packages/sdk/src/vendor-saas-subscription-audit-portal.ts; apps/web/app/(portal)/portal/vendor-saas-subscription-audit-portal/page.tsx; supabase/migrations/<timestamp>_vendor_saas_subscription_audit_portal.sql
P2,8,Vendor SaaS Subscription Audit Portal,vendor-saas-subscription-audit-portal,finance-ops,add validator/service/API route,apps/api/src/routes/vendor-saas-subscription-audit-portal.ts; apps/api/src/validators/vendor-saas-subscription-audit-portal.ts; packages/sdk/src/vendor-saas-subscription-audit-portal.ts; apps/web/app/(portal)/portal/vendor-saas-subscription-audit-portal/page.tsx; supabase/migrations/<timestamp>_vendor_saas_subscription_audit_portal.sql
P2,8,Vendor SaaS Subscription Audit Portal,vendor-saas-subscription-audit-portal,finance-ops,register API route,apps/api/src/routes/vendor-saas-subscription-audit-portal.ts; apps/api/src/validators/vendor-saas-subscription-audit-portal.ts; packages/sdk/src/vendor-saas-subscription-audit-portal.ts; apps/web/app/(portal)/portal/vendor-saas-subscription-audit-portal/page.tsx; supabase/migrations/<timestamp>_vendor_saas_subscription_audit_portal.sql
P2,8,Vendor SaaS Subscription Audit Portal,vendor-saas-subscription-audit-portal,finance-ops,add SDK wrapper,apps/api/src/routes/vendor-saas-subscription-audit-portal.ts; apps/api/src/validators/vendor-saas-subscription-audit-portal.ts; packages/sdk/src/vendor-saas-subscription-audit-portal.ts; apps/web/app/(portal)/portal/vendor-saas-subscription-audit-portal/page.tsx; supabase/migrations/<timestamp>_vendor_saas_subscription_audit_portal.sql
P2,8,Vendor SaaS Subscription Audit Portal,vendor-saas-subscription-audit-portal,finance-ops,add portal UI,apps/api/src/routes/vendor-saas-subscription-audit-portal.ts; apps/api/src/validators/vendor-saas-subscription-audit-portal.ts; packages/sdk/src/vendor-saas-subscription-audit-portal.ts; apps/web/app/(portal)/portal/vendor-saas-subscription-audit-portal/page.tsx; supabase/migrations/<timestamp>_vendor_saas_subscription_audit_portal.sql
P2,8,Vendor SaaS Subscription Audit Portal,vendor-saas-subscription-audit-portal,finance-ops,add worker task if needed,apps/api/src/routes/vendor-saas-subscription-audit-portal.ts; apps/api/src/validators/vendor-saas-subscription-audit-portal.ts; packages/sdk/src/vendor-saas-subscription-audit-portal.ts; apps/web/app/(portal)/portal/vendor-saas-subscription-audit-portal/page.tsx; supabase/migrations/<timestamp>_vendor_saas_subscription_audit_portal.sql
P2,8,Vendor SaaS Subscription Audit Portal,vendor-saas-subscription-audit-portal,finance-ops,add tests/E2E,apps/api/src/routes/vendor-saas-subscription-audit-portal.ts; apps/api/src/validators/vendor-saas-subscription-audit-portal.ts; packages/sdk/src/vendor-saas-subscription-audit-portal.ts; apps/web/app/(portal)/portal/vendor-saas-subscription-audit-portal/page.tsx; supabase/migrations/<timestamp>_vendor_saas_subscription_audit_portal.sql
P2,8,Vendor SaaS Subscription Audit Portal,vendor-saas-subscription-audit-portal,finance-ops,add docs/runbook,apps/api/src/routes/vendor-saas-subscription-audit-portal.ts; apps/api/src/validators/vendor-saas-subscription-audit-portal.ts; packages/sdk/src/vendor-saas-subscription-audit-portal.ts; apps/web/app/(portal)/portal/vendor-saas-subscription-audit-portal/page.tsx; supabase/migrations/<timestamp>_vendor_saas_subscription_audit_portal.sql
P2,8,Vendor SaaS Subscription Audit Portal,vendor-saas-subscription-audit-portal,finance-ops,run audit prompt and remediate,apps/api/src/routes/vendor-saas-subscription-audit-portal.ts; apps/api/src/validators/vendor-saas-subscription-audit-portal.ts; packages/sdk/src/vendor-saas-subscription-audit-portal.ts; apps/web/app/(portal)/portal/vendor-saas-subscription-audit-portal/page.tsx; supabase/migrations/<timestamp>_vendor_saas_subscription_audit_portal.sql
P2,9,Client Asset Warranty Tracker,client-asset-warranty-tracker,asset-management,write deep spec,apps/api/src/routes/client-asset-warranty-tracker.ts; apps/api/src/validators/client-asset-warranty-tracker.ts; packages/sdk/src/client-asset-warranty-tracker.ts; apps/web/app/(portal)/portal/client-asset-warranty-tracker/page.tsx; supabase/migrations/<timestamp>_client_asset_warranty_tracker.sql
P2,9,Client Asset Warranty Tracker,client-asset-warranty-tracker,asset-management,create migration and RLS,apps/api/src/routes/client-asset-warranty-tracker.ts; apps/api/src/validators/client-asset-warranty-tracker.ts; packages/sdk/src/client-asset-warranty-tracker.ts; apps/web/app/(portal)/portal/client-asset-warranty-tracker/page.tsx; supabase/migrations/<timestamp>_client_asset_warranty_tracker.sql
P2,9,Client Asset Warranty Tracker,client-asset-warranty-tracker,asset-management,add validator/service/API route,apps/api/src/routes/client-asset-warranty-tracker.ts; apps/api/src/validators/client-asset-warranty-tracker.ts; packages/sdk/src/client-asset-warranty-tracker.ts; apps/web/app/(portal)/portal/client-asset-warranty-tracker/page.tsx; supabase/migrations/<timestamp>_client_asset_warranty_tracker.sql
P2,9,Client Asset Warranty Tracker,client-asset-warranty-tracker,asset-management,register API route,apps/api/src/routes/client-asset-warranty-tracker.ts; apps/api/src/validators/client-asset-warranty-tracker.ts; packages/sdk/src/client-asset-warranty-tracker.ts; apps/web/app/(portal)/portal/client-asset-warranty-tracker/page.tsx; supabase/migrations/<timestamp>_client_asset_warranty_tracker.sql
P2,9,Client Asset Warranty Tracker,client-asset-warranty-tracker,asset-management,add SDK wrapper,apps/api/src/routes/client-asset-warranty-tracker.ts; apps/api/src/validators/client-asset-warranty-tracker.ts; packages/sdk/src/client-asset-warranty-tracker.ts; apps/web/app/(portal)/portal/client-asset-warranty-tracker/page.tsx; supabase/migrations/<timestamp>_client_asset_warranty_tracker.sql
P2,9,Client Asset Warranty Tracker,client-asset-warranty-tracker,asset-management,add portal UI,apps/api/src/routes/client-asset-warranty-tracker.ts; apps/api/src/validators/client-asset-warranty-tracker.ts; packages/sdk/src/client-asset-warranty-tracker.ts; apps/web/app/(portal)/portal/client-asset-warranty-tracker/page.tsx; supabase/migrations/<timestamp>_client_asset_warranty_tracker.sql
P2,9,Client Asset Warranty Tracker,client-asset-warranty-tracker,asset-management,add worker task if needed,apps/api/src/routes/client-asset-warranty-tracker.ts; apps/api/src/validators/client-asset-warranty-tracker.ts; packages/sdk/src/client-asset-warranty-tracker.ts; apps/web/app/(portal)/portal/client-asset-warranty-tracker/page.tsx; supabase/migrations/<timestamp>_client_asset_warranty_tracker.sql
P2,9,Client Asset Warranty Tracker,client-asset-warranty-tracker,asset-management,add tests/E2E,apps/api/src/routes/client-asset-warranty-tracker.ts; apps/api/src/validators/client-asset-warranty-tracker.ts; packages/sdk/src/client-asset-warranty-tracker.ts; apps/web/app/(portal)/portal/client-asset-warranty-tracker/page.tsx; supabase/migrations/<timestamp>_client_asset_warranty_tracker.sql
P2,9,Client Asset Warranty Tracker,client-asset-warranty-tracker,asset-management,add docs/runbook,apps/api/src/routes/client-asset-warranty-tracker.ts; apps/api/src/validators/client-asset-warranty-tracker.ts; packages/sdk/src/client-asset-warranty-tracker.ts; apps/web/app/(portal)/portal/client-asset-warranty-tracker/page.tsx; supabase/migrations/<timestamp>_client_asset_warranty_tracker.sql
P2,9,Client Asset Warranty Tracker,client-asset-warranty-tracker,asset-management,run audit prompt and remediate,apps/api/src/routes/client-asset-warranty-tracker.ts; apps/api/src/validators/client-asset-warranty-tracker.ts; packages/sdk/src/client-asset-warranty-tracker.ts; apps/web/app/(portal)/portal/client-asset-warranty-tracker/page.tsx; supabase/migrations/<timestamp>_client_asset_warranty_tracker.sql
P1,10,MSP Proposal Builder Pricing Engine,msp-proposal-builder-pricing-engine,sales,write deep spec,apps/api/src/routes/msp-proposal-builder-pricing-engine.ts; apps/api/src/validators/msp-proposal-builder-pricing-engine.ts; packages/sdk/src/msp-proposal-builder-pricing-engine.ts; apps/web/app/(portal)/portal/msp-proposal-builder-pricing-engine/page.tsx; supabase/migrations/<timestamp>_msp_proposal_builder_pricing_engine.sql
P1,10,MSP Proposal Builder Pricing Engine,msp-proposal-builder-pricing-engine,sales,create migration and RLS,apps/api/src/routes/msp-proposal-builder-pricing-engine.ts; apps/api/src/validators/msp-proposal-builder-pricing-engine.ts; packages/sdk/src/msp-proposal-builder-pricing-engine.ts; apps/web/app/(portal)/portal/msp-proposal-builder-pricing-engine/page.tsx; supabase/migrations/<timestamp>_msp_proposal_builder_pricing_engine.sql
P1,10,MSP Proposal Builder Pricing Engine,msp-proposal-builder-pricing-engine,sales,add validator/service/API route,apps/api/src/routes/msp-proposal-builder-pricing-engine.ts; apps/api/src/validators/msp-proposal-builder-pricing-engine.ts; packages/sdk/src/msp-proposal-builder-pricing-engine.ts; apps/web/app/(portal)/portal/msp-proposal-builder-pricing-engine/page.tsx; supabase/migrations/<timestamp>_msp_proposal_builder_pricing_engine.sql
P1,10,MSP Proposal Builder Pricing Engine,msp-proposal-builder-pricing-engine,sales,register API route,apps/api/src/routes/msp-proposal-builder-pricing-engine.ts; apps/api/src/validators/msp-proposal-builder-pricing-engine.ts; packages/sdk/src/msp-proposal-builder-pricing-engine.ts; apps/web/app/(portal)/portal/msp-proposal-builder-pricing-engine/page.tsx; supabase/migrations/<timestamp>_msp_proposal_builder_pricing_engine.sql
P1,10,MSP Proposal Builder Pricing Engine,msp-proposal-builder-pricing-engine,sales,add SDK wrapper,apps/api/src/routes/msp-proposal-builder-pricing-engine.ts; apps/api/src/validators/msp-proposal-builder-pricing-engine.ts; packages/sdk/src/msp-proposal-builder-pricing-engine.ts; apps/web/app/(portal)/portal/msp-proposal-builder-pricing-engine/page.tsx; supabase/migrations/<timestamp>_msp_proposal_builder_pricing_engine.sql
P1,10,MSP Proposal Builder Pricing Engine,msp-proposal-builder-pricing-engine,sales,add portal UI,apps/api/src/routes/msp-proposal-builder-pricing-engine.ts; apps/api/src/validators/msp-proposal-builder-pricing-engine.ts; packages/sdk/src/msp-proposal-builder-pricing-engine.ts; apps/web/app/(portal)/portal/msp-proposal-builder-pricing-engine/page.tsx; supabase/migrations/<timestamp>_msp_proposal_builder_pricing_engine.sql
P1,10,MSP Proposal Builder Pricing Engine,msp-proposal-builder-pricing-engine,sales,add worker task if needed,apps/api/src/routes/msp-proposal-builder-pricing-engine.ts; apps/api/src/validators/msp-proposal-builder-pricing-engine.ts; packages/sdk/src/msp-proposal-builder-pricing-engine.ts; apps/web/app/(portal)/portal/msp-proposal-builder-pricing-engine/page.tsx; supabase/migrations/<timestamp>_msp_proposal_builder_pricing_engine.sql
P1,10,MSP Proposal Builder Pricing Engine,msp-proposal-builder-pricing-engine,sales,add tests/E2E,apps/api/src/routes/msp-proposal-builder-pricing-engine.ts; apps/api/src/validators/msp-proposal-builder-pricing-engine.ts; packages/sdk/src/msp-proposal-builder-pricing-engine.ts; apps/web/app/(portal)/portal/msp-proposal-builder-pricing-engine/page.tsx; supabase/migrations/<timestamp>_msp_proposal_builder_pricing_engine.sql
P1,10,MSP Proposal Builder Pricing Engine,msp-proposal-builder-pricing-engine,sales,add docs/runbook,apps/api/src/routes/msp-proposal-builder-pricing-engine.ts; apps/api/src/validators/msp-proposal-builder-pricing-engine.ts; packages/sdk/src/msp-proposal-builder-pricing-engine.ts; apps/web/app/(portal)/portal/msp-proposal-builder-pricing-engine/page.tsx; supabase/migrations/<timestamp>_msp_proposal_builder_pricing_engine.sql
P1,10,MSP Proposal Builder Pricing Engine,msp-proposal-builder-pricing-engine,sales,run audit prompt and remediate,apps/api/src/routes/msp-proposal-builder-pricing-engine.ts; apps/api/src/validators/msp-proposal-builder-pricing-engine.ts; packages/sdk/src/msp-proposal-builder-pricing-engine.ts; apps/web/app/(portal)/portal/msp-proposal-builder-pricing-engine/page.tsx; supabase/migrations/<timestamp>_msp_proposal_builder_pricing_engine.sql
P1,11,QBR Executive Report Generator,qbr-executive-report-generator,client-success,write deep spec,apps/api/src/routes/qbr-executive-report-generator.ts; apps/api/src/validators/qbr-executive-report-generator.ts; packages/sdk/src/qbr-executive-report-generator.ts; apps/web/app/(portal)/portal/qbr-executive-report-generator/page.tsx; supabase/migrations/<timestamp>_qbr_executive_report_generator.sql
P1,11,QBR Executive Report Generator,qbr-executive-report-generator,client-success,create migration and RLS,apps/api/src/routes/qbr-executive-report-generator.ts; apps/api/src/validators/qbr-executive-report-generator.ts; packages/sdk/src/qbr-executive-report-generator.ts; apps/web/app/(portal)/portal/qbr-executive-report-generator/page.tsx; supabase/migrations/<timestamp>_qbr_executive_report_generator.sql
P1,11,QBR Executive Report Generator,qbr-executive-report-generator,client-success,add validator/service/API route,apps/api/src/routes/qbr-executive-report-generator.ts; apps/api/src/validators/qbr-executive-report-generator.ts; packages/sdk/src/qbr-executive-report-generator.ts; apps/web/app/(portal)/portal/qbr-executive-report-generator/page.tsx; supabase/migrations/<timestamp>_qbr_executive_report_generator.sql
P1,11,QBR Executive Report Generator,qbr-executive-report-generator,client-success,register API route,apps/api/src/routes/qbr-executive-report-generator.ts; apps/api/src/validators/qbr-executive-report-generator.ts; packages/sdk/src/qbr-executive-report-generator.ts; apps/web/app/(portal)/portal/qbr-executive-report-generator/page.tsx; supabase/migrations/<timestamp>_qbr_executive_report_generator.sql
P1,11,QBR Executive Report Generator,qbr-executive-report-generator,client-success,add SDK wrapper,apps/api/src/routes/qbr-executive-report-generator.ts; apps/api/src/validators/qbr-executive-report-generator.ts; packages/sdk/src/qbr-executive-report-generator.ts; apps/web/app/(portal)/portal/qbr-executive-report-generator/page.tsx; supabase/migrations/<timestamp>_qbr_executive_report_generator.sql
P1,11,QBR Executive Report Generator,qbr-executive-report-generator,client-success,add portal UI,apps/api/src/routes/qbr-executive-report-generator.ts; apps/api/src/validators/qbr-executive-report-generator.ts; packages/sdk/src/qbr-executive-report-generator.ts; apps/web/app/(portal)/portal/qbr-executive-report-generator/page.tsx; supabase/migrations/<timestamp>_qbr_executive_report_generator.sql
P1,11,QBR Executive Report Generator,qbr-executive-report-generator,client-success,add worker task if needed,apps/api/src/routes/qbr-executive-report-generator.ts; apps/api/src/validators/qbr-executive-report-generator.ts; packages/sdk/src/qbr-executive-report-generator.ts; apps/web/app/(portal)/portal/qbr-executive-report-generator/page.tsx; supabase/migrations/<timestamp>_qbr_executive_report_generator.sql
P1,11,QBR Executive Report Generator,qbr-executive-report-generator,client-success,add tests/E2E,apps/api/src/routes/qbr-executive-report-generator.ts; apps/api/src/validators/qbr-executive-report-generator.ts; packages/sdk/src/qbr-executive-report-generator.ts; apps/web/app/(portal)/portal/qbr-executive-report-generator/page.tsx; supabase/migrations/<timestamp>_qbr_executive_report_generator.sql
P1,11,QBR Executive Report Generator,qbr-executive-report-generator,client-success,add docs/runbook,apps/api/src/routes/qbr-executive-report-generator.ts; apps/api/src/validators/qbr-executive-report-generator.ts; packages/sdk/src/qbr-executive-report-generator.ts; apps/web/app/(portal)/portal/qbr-executive-report-generator/page.tsx; supabase/migrations/<timestamp>_qbr_executive_report_generator.sql
P1,11,QBR Executive Report Generator,qbr-executive-report-generator,client-success,run audit prompt and remediate,apps/api/src/routes/qbr-executive-report-generator.ts; apps/api/src/validators/qbr-executive-report-generator.ts; packages/sdk/src/qbr-executive-report-generator.ts; apps/web/app/(portal)/portal/qbr-executive-report-generator/page.tsx; supabase/migrations/<timestamp>_qbr_executive_report_generator.sql
P2,12,Client Project Tracker,client-project-tracker,delivery,write deep spec,apps/api/src/routes/client-project-tracker.ts; apps/api/src/validators/client-project-tracker.ts; packages/sdk/src/client-project-tracker.ts; apps/web/app/(portal)/portal/client-project-tracker/page.tsx; supabase/migrations/<timestamp>_client_project_tracker.sql
P2,12,Client Project Tracker,client-project-tracker,delivery,create migration and RLS,apps/api/src/routes/client-project-tracker.ts; apps/api/src/validators/client-project-tracker.ts; packages/sdk/src/client-project-tracker.ts; apps/web/app/(portal)/portal/client-project-tracker/page.tsx; supabase/migrations/<timestamp>_client_project_tracker.sql
P2,12,Client Project Tracker,client-project-tracker,delivery,add validator/service/API route,apps/api/src/routes/client-project-tracker.ts; apps/api/src/validators/client-project-tracker.ts; packages/sdk/src/client-project-tracker.ts; apps/web/app/(portal)/portal/client-project-tracker/page.tsx; supabase/migrations/<timestamp>_client_project_tracker.sql
P2,12,Client Project Tracker,client-project-tracker,delivery,register API route,apps/api/src/routes/client-project-tracker.ts; apps/api/src/validators/client-project-tracker.ts; packages/sdk/src/client-project-tracker.ts; apps/web/app/(portal)/portal/client-project-tracker/page.tsx; supabase/migrations/<timestamp>_client_project_tracker.sql
P2,12,Client Project Tracker,client-project-tracker,delivery,add SDK wrapper,apps/api/src/routes/client-project-tracker.ts; apps/api/src/validators/client-project-tracker.ts; packages/sdk/src/client-project-tracker.ts; apps/web/app/(portal)/portal/client-project-tracker/page.tsx; supabase/migrations/<timestamp>_client_project_tracker.sql
P2,12,Client Project Tracker,client-project-tracker,delivery,add portal UI,apps/api/src/routes/client-project-tracker.ts; apps/api/src/validators/client-project-tracker.ts; packages/sdk/src/client-project-tracker.ts; apps/web/app/(portal)/portal/client-project-tracker/page.tsx; supabase/migrations/<timestamp>_client_project_tracker.sql
P2,12,Client Project Tracker,client-project-tracker,delivery,add worker task if needed,apps/api/src/routes/client-project-tracker.ts; apps/api/src/validators/client-project-tracker.ts; packages/sdk/src/client-project-tracker.ts; apps/web/app/(portal)/portal/client-project-tracker/page.tsx; supabase/migrations/<timestamp>_client_project_tracker.sql
P2,12,Client Project Tracker,client-project-tracker,delivery,add tests/E2E,apps/api/src/routes/client-project-tracker.ts; apps/api/src/validators/client-project-tracker.ts; packages/sdk/src/client-project-tracker.ts; apps/web/app/(portal)/portal/client-project-tracker/page.tsx; supabase/migrations/<timestamp>_client_project_tracker.sql
P2,12,Client Project Tracker,client-project-tracker,delivery,add docs/runbook,apps/api/src/routes/client-project-tracker.ts; apps/api/src/validators/client-project-tracker.ts; packages/sdk/src/client-project-tracker.ts; apps/web/app/(portal)/portal/client-project-tracker/page.tsx; supabase/migrations/<timestamp>_client_project_tracker.sql
P2,12,Client Project Tracker,client-project-tracker,delivery,run audit prompt and remediate,apps/api/src/routes/client-project-tracker.ts; apps/api/src/validators/client-project-tracker.ts; packages/sdk/src/client-project-tracker.ts; apps/web/app/(portal)/portal/client-project-tracker/page.tsx; supabase/migrations/<timestamp>_client_project_tracker.sql
P2,13,MSP Automation Workflow Catalog,msp-automation-workflow-catalog,automation,write deep spec,apps/api/src/routes/msp-automation-workflow-catalog.ts; apps/api/src/validators/msp-automation-workflow-catalog.ts; packages/sdk/src/msp-automation-workflow-catalog.ts; apps/web/app/(portal)/portal/msp-automation-workflow-catalog/page.tsx; supabase/migrations/<timestamp>_msp_automation_workflow_catalog.sql
P2,13,MSP Automation Workflow Catalog,msp-automation-workflow-catalog,automation,create migration and RLS,apps/api/src/routes/msp-automation-workflow-catalog.ts; apps/api/src/validators/msp-automation-workflow-catalog.ts; packages/sdk/src/msp-automation-workflow-catalog.ts; apps/web/app/(portal)/portal/msp-automation-workflow-catalog/page.tsx; supabase/migrations/<timestamp>_msp_automation_workflow_catalog.sql
P2,13,MSP Automation Workflow Catalog,msp-automation-workflow-catalog,automation,add validator/service/API route,apps/api/src/routes/msp-automation-workflow-catalog.ts; apps/api/src/validators/msp-automation-workflow-catalog.ts; packages/sdk/src/msp-automation-workflow-catalog.ts; apps/web/app/(portal)/portal/msp-automation-workflow-catalog/page.tsx; supabase/migrations/<timestamp>_msp_automation_workflow_catalog.sql
P2,13,MSP Automation Workflow Catalog,msp-automation-workflow-catalog,automation,register API route,apps/api/src/routes/msp-automation-workflow-catalog.ts; apps/api/src/validators/msp-automation-workflow-catalog.ts; packages/sdk/src/msp-automation-workflow-catalog.ts; apps/web/app/(portal)/portal/msp-automation-workflow-catalog/page.tsx; supabase/migrations/<timestamp>_msp_automation_workflow_catalog.sql
P2,13,MSP Automation Workflow Catalog,msp-automation-workflow-catalog,automation,add SDK wrapper,apps/api/src/routes/msp-automation-workflow-catalog.ts; apps/api/src/validators/msp-automation-workflow-catalog.ts; packages/sdk/src/msp-automation-workflow-catalog.ts; apps/web/app/(portal)/portal/msp-automation-workflow-catalog/page.tsx; supabase/migrations/<timestamp>_msp_automation_workflow_catalog.sql
P2,13,MSP Automation Workflow Catalog,msp-automation-workflow-catalog,automation,add portal UI,apps/api/src/routes/msp-automation-workflow-catalog.ts; apps/api/src/validators/msp-automation-workflow-catalog.ts; packages/sdk/src/msp-automation-workflow-catalog.ts; apps/web/app/(portal)/portal/msp-automation-workflow-catalog/page.tsx; supabase/migrations/<timestamp>_msp_automation_workflow_catalog.sql
P2,13,MSP Automation Workflow Catalog,msp-automation-workflow-catalog,automation,add worker task if needed,apps/api/src/routes/msp-automation-workflow-catalog.ts; apps/api/src/validators/msp-automation-workflow-catalog.ts; packages/sdk/src/msp-automation-workflow-catalog.ts; apps/web/app/(portal)/portal/msp-automation-workflow-catalog/page.tsx; supabase/migrations/<timestamp>_msp_automation_workflow_catalog.sql
P2,13,MSP Automation Workflow Catalog,msp-automation-workflow-catalog,automation,add tests/E2E,apps/api/src/routes/msp-automation-workflow-catalog.ts; apps/api/src/validators/msp-automation-workflow-catalog.ts; packages/sdk/src/msp-automation-workflow-catalog.ts; apps/web/app/(portal)/portal/msp-automation-workflow-catalog/page.tsx; supabase/migrations/<timestamp>_msp_automation_workflow_catalog.sql
P2,13,MSP Automation Workflow Catalog,msp-automation-workflow-catalog,automation,add docs/runbook,apps/api/src/routes/msp-automation-workflow-catalog.ts; apps/api/src/validators/msp-automation-workflow-catalog.ts; packages/sdk/src/msp-automation-workflow-catalog.ts; apps/web/app/(portal)/portal/msp-automation-workflow-catalog/page.tsx; supabase/migrations/<timestamp>_msp_automation_workflow_catalog.sql
P2,13,MSP Automation Workflow Catalog,msp-automation-workflow-catalog,automation,run audit prompt and remediate,apps/api/src/routes/msp-automation-workflow-catalog.ts; apps/api/src/validators/msp-automation-workflow-catalog.ts; packages/sdk/src/msp-automation-workflow-catalog.ts; apps/web/app/(portal)/portal/msp-automation-workflow-catalog/page.tsx; supabase/migrations/<timestamp>_msp_automation_workflow_catalog.sql
P2,14,DNS Domain Cloudflare Health Monitor,dns-domain-cloudflare-health-monitor,infrastructure,write deep spec,apps/api/src/routes/dns-domain-cloudflare-health-monitor.ts; apps/api/src/validators/dns-domain-cloudflare-health-monitor.ts; packages/sdk/src/dns-domain-cloudflare-health-monitor.ts; apps/web/app/(portal)/portal/dns-domain-cloudflare-health-monitor/page.tsx; supabase/migrations/<timestamp>_dns_domain_cloudflare_health_monitor.sql
P2,14,DNS Domain Cloudflare Health Monitor,dns-domain-cloudflare-health-monitor,infrastructure,create migration and RLS,apps/api/src/routes/dns-domain-cloudflare-health-monitor.ts; apps/api/src/validators/dns-domain-cloudflare-health-monitor.ts; packages/sdk/src/dns-domain-cloudflare-health-monitor.ts; apps/web/app/(portal)/portal/dns-domain-cloudflare-health-monitor/page.tsx; supabase/migrations/<timestamp>_dns_domain_cloudflare_health_monitor.sql
P2,14,DNS Domain Cloudflare Health Monitor,dns-domain-cloudflare-health-monitor,infrastructure,add validator/service/API route,apps/api/src/routes/dns-domain-cloudflare-health-monitor.ts; apps/api/src/validators/dns-domain-cloudflare-health-monitor.ts; packages/sdk/src/dns-domain-cloudflare-health-monitor.ts; apps/web/app/(portal)/portal/dns-domain-cloudflare-health-monitor/page.tsx; supabase/migrations/<timestamp>_dns_domain_cloudflare_health_monitor.sql
P2,14,DNS Domain Cloudflare Health Monitor,dns-domain-cloudflare-health-monitor,infrastructure,register API route,apps/api/src/routes/dns-domain-cloudflare-health-monitor.ts; apps/api/src/validators/dns-domain-cloudflare-health-monitor.ts; packages/sdk/src/dns-domain-cloudflare-health-monitor.ts; apps/web/app/(portal)/portal/dns-domain-cloudflare-health-monitor/page.tsx; supabase/migrations/<timestamp>_dns_domain_cloudflare_health_monitor.sql
P2,14,DNS Domain Cloudflare Health Monitor,dns-domain-cloudflare-health-monitor,infrastructure,add SDK wrapper,apps/api/src/routes/dns-domain-cloudflare-health-monitor.ts; apps/api/src/validators/dns-domain-cloudflare-health-monitor.ts; packages/sdk/src/dns-domain-cloudflare-health-monitor.ts; apps/web/app/(portal)/portal/dns-domain-cloudflare-health-monitor/page.tsx; supabase/migrations/<timestamp>_dns_domain_cloudflare_health_monitor.sql
P2,14,DNS Domain Cloudflare Health Monitor,dns-domain-cloudflare-health-monitor,infrastructure,add portal UI,apps/api/src/routes/dns-domain-cloudflare-health-monitor.ts; apps/api/src/validators/dns-domain-cloudflare-health-monitor.ts; packages/sdk/src/dns-domain-cloudflare-health-monitor.ts; apps/web/app/(portal)/portal/dns-domain-cloudflare-health-monitor/page.tsx; supabase/migrations/<timestamp>_dns_domain_cloudflare_health_monitor.sql
P2,14,DNS Domain Cloudflare Health Monitor,dns-domain-cloudflare-health-monitor,infrastructure,add worker task if needed,apps/api/src/routes/dns-domain-cloudflare-health-monitor.ts; apps/api/src/validators/dns-domain-cloudflare-health-monitor.ts; packages/sdk/src/dns-domain-cloudflare-health-monitor.ts; apps/web/app/(portal)/portal/dns-domain-cloudflare-health-monitor/page.tsx; supabase/migrations/<timestamp>_dns_domain_cloudflare_health_monitor.sql
P2,14,DNS Domain Cloudflare Health Monitor,dns-domain-cloudflare-health-monitor,infrastructure,add tests/E2E,apps/api/src/routes/dns-domain-cloudflare-health-monitor.ts; apps/api/src/validators/dns-domain-cloudflare-health-monitor.ts; packages/sdk/src/dns-domain-cloudflare-health-monitor.ts; apps/web/app/(portal)/portal/dns-domain-cloudflare-health-monitor/page.tsx; supabase/migrations/<timestamp>_dns_domain_cloudflare_health_monitor.sql
P2,14,DNS Domain Cloudflare Health Monitor,dns-domain-cloudflare-health-monitor,infrastructure,add docs/runbook,apps/api/src/routes/dns-domain-cloudflare-health-monitor.ts; apps/api/src/validators/dns-domain-cloudflare-health-monitor.ts; packages/sdk/src/dns-domain-cloudflare-health-monitor.ts; apps/web/app/(portal)/portal/dns-domain-cloudflare-health-monitor/page.tsx; supabase/migrations/<timestamp>_dns_domain_cloudflare_health_monitor.sql
P2,14,DNS Domain Cloudflare Health Monitor,dns-domain-cloudflare-health-monitor,infrastructure,run audit prompt and remediate,apps/api/src/routes/dns-domain-cloudflare-health-monitor.ts; apps/api/src/validators/dns-domain-cloudflare-health-monitor.ts; packages/sdk/src/dns-domain-cloudflare-health-monitor.ts; apps/web/app/(portal)/portal/dns-domain-cloudflare-health-monitor/page.tsx; supabase/migrations/<timestamp>_dns_domain_cloudflare_health_monitor.sql
P2,15,Backup Disaster Recovery Review Dashboard,backup-disaster-recovery-review-dashboard,resilience,write deep spec,apps/api/src/routes/backup-disaster-recovery-review-dashboard.ts; apps/api/src/validators/backup-disaster-recovery-review-dashboard.ts; packages/sdk/src/backup-disaster-recovery-review-dashboard.ts; apps/web/app/(portal)/portal/backup-disaster-recovery-review-dashboard/page.tsx; supabase/migrations/<timestamp>_backup_disaster_recovery_review_dashboard.sql
P2,15,Backup Disaster Recovery Review Dashboard,backup-disaster-recovery-review-dashboard,resilience,create migration and RLS,apps/api/src/routes/backup-disaster-recovery-review-dashboard.ts; apps/api/src/validators/backup-disaster-recovery-review-dashboard.ts; packages/sdk/src/backup-disaster-recovery-review-dashboard.ts; apps/web/app/(portal)/portal/backup-disaster-recovery-review-dashboard/page.tsx; supabase/migrations/<timestamp>_backup_disaster_recovery_review_dashboard.sql
P2,15,Backup Disaster Recovery Review Dashboard,backup-disaster-recovery-review-dashboard,resilience,add validator/service/API route,apps/api/src/routes/backup-disaster-recovery-review-dashboard.ts; apps/api/src/validators/backup-disaster-recovery-review-dashboard.ts; packages/sdk/src/backup-disaster-recovery-review-dashboard.ts; apps/web/app/(portal)/portal/backup-disaster-recovery-review-dashboard/page.tsx; supabase/migrations/<timestamp>_backup_disaster_recovery_review_dashboard.sql
P2,15,Backup Disaster Recovery Review Dashboard,backup-disaster-recovery-review-dashboard,resilience,register API route,apps/api/src/routes/backup-disaster-recovery-review-dashboard.ts; apps/api/src/validators/backup-disaster-recovery-review-dashboard.ts; packages/sdk/src/backup-disaster-recovery-review-dashboard.ts; apps/web/app/(portal)/portal/backup-disaster-recovery-review-dashboard/page.tsx; supabase/migrations/<timestamp>_backup_disaster_recovery_review_dashboard.sql
P2,15,Backup Disaster Recovery Review Dashboard,backup-disaster-recovery-review-dashboard,resilience,add SDK wrapper,apps/api/src/routes/backup-disaster-recovery-review-dashboard.ts; apps/api/src/validators/backup-disaster-recovery-review-dashboard.ts; packages/sdk/src/backup-disaster-recovery-review-dashboard.ts; apps/web/app/(portal)/portal/backup-disaster-recovery-review-dashboard/page.tsx; supabase/migrations/<timestamp>_backup_disaster_recovery_review_dashboard.sql
P2,15,Backup Disaster Recovery Review Dashboard,backup-disaster-recovery-review-dashboard,resilience,add portal UI,apps/api/src/routes/backup-disaster-recovery-review-dashboard.ts; apps/api/src/validators/backup-disaster-recovery-review-dashboard.ts; packages/sdk/src/backup-disaster-recovery-review-dashboard.ts; apps/web/app/(portal)/portal/backup-disaster-recovery-review-dashboard/page.tsx; supabase/migrations/<timestamp>_backup_disaster_recovery_review_dashboard.sql
P2,15,Backup Disaster Recovery Review Dashboard,backup-disaster-recovery-review-dashboard,resilience,add worker task if needed,apps/api/src/routes/backup-disaster-recovery-review-dashboard.ts; apps/api/src/validators/backup-disaster-recovery-review-dashboard.ts; packages/sdk/src/backup-disaster-recovery-review-dashboard.ts; apps/web/app/(portal)/portal/backup-disaster-recovery-review-dashboard/page.tsx; supabase/migrations/<timestamp>_backup_disaster_recovery_review_dashboard.sql
P2,15,Backup Disaster Recovery Review Dashboard,backup-disaster-recovery-review-dashboard,resilience,add tests/E2E,apps/api/src/routes/backup-disaster-recovery-review-dashboard.ts; apps/api/src/validators/backup-disaster-recovery-review-dashboard.ts; packages/sdk/src/backup-disaster-recovery-review-dashboard.ts; apps/web/app/(portal)/portal/backup-disaster-recovery-review-dashboard/page.tsx; supabase/migrations/<timestamp>_backup_disaster_recovery_review_dashboard.sql
P2,15,Backup Disaster Recovery Review Dashboard,backup-disaster-recovery-review-dashboard,resilience,add docs/runbook,apps/api/src/routes/backup-disaster-recovery-review-dashboard.ts; apps/api/src/validators/backup-disaster-recovery-review-dashboard.ts; packages/sdk/src/backup-disaster-recovery-review-dashboard.ts; apps/web/app/(portal)/portal/backup-disaster-recovery-review-dashboard/page.tsx; supabase/migrations/<timestamp>_backup_disaster_recovery_review_dashboard.sql
P2,15,Backup Disaster Recovery Review Dashboard,backup-disaster-recovery-review-dashboard,resilience,run audit prompt and remediate,apps/api/src/routes/backup-disaster-recovery-review-dashboard.ts; apps/api/src/validators/backup-disaster-recovery-review-dashboard.ts; packages/sdk/src/backup-disaster-recovery-review-dashboard.ts; apps/web/app/(portal)/portal/backup-disaster-recovery-review-dashboard/page.tsx; supabase/migrations/<timestamp>_backup_disaster_recovery_review_dashboard.sql
P1,16,Helpdesk Identity Verification Anti-Vishing Tool,helpdesk-identity-verification-anti-vishing-tool,security,write deep spec,apps/api/src/routes/helpdesk-identity-verification-anti-vishing-tool.ts; apps/api/src/validators/helpdesk-identity-verification-anti-vishing-tool.ts; packages/sdk/src/helpdesk-identity-verification-anti-vishing-tool.ts; apps/web/app/(portal)/portal/helpdesk-identity-verification-anti-vishing-tool/page.tsx; supabase/migrations/<timestamp>_helpdesk_identity_verification_anti_vishing_tool.sql
P1,16,Helpdesk Identity Verification Anti-Vishing Tool,helpdesk-identity-verification-anti-vishing-tool,security,create migration and RLS,apps/api/src/routes/helpdesk-identity-verification-anti-vishing-tool.ts; apps/api/src/validators/helpdesk-identity-verification-anti-vishing-tool.ts; packages/sdk/src/helpdesk-identity-verification-anti-vishing-tool.ts; apps/web/app/(portal)/portal/helpdesk-identity-verification-anti-vishing-tool/page.tsx; supabase/migrations/<timestamp>_helpdesk_identity_verification_anti_vishing_tool.sql
P1,16,Helpdesk Identity Verification Anti-Vishing Tool,helpdesk-identity-verification-anti-vishing-tool,security,add validator/service/API route,apps/api/src/routes/helpdesk-identity-verification-anti-vishing-tool.ts; apps/api/src/validators/helpdesk-identity-verification-anti-vishing-tool.ts; packages/sdk/src/helpdesk-identity-verification-anti-vishing-tool.ts; apps/web/app/(portal)/portal/helpdesk-identity-verification-anti-vishing-tool/page.tsx; supabase/migrations/<timestamp>_helpdesk_identity_verification_anti_vishing_tool.sql
P1,16,Helpdesk Identity Verification Anti-Vishing Tool,helpdesk-identity-verification-anti-vishing-tool,security,register API route,apps/api/src/routes/helpdesk-identity-verification-anti-vishing-tool.ts; apps/api/src/validators/helpdesk-identity-verification-anti-vishing-tool.ts; packages/sdk/src/helpdesk-identity-verification-anti-vishing-tool.ts; apps/web/app/(portal)/portal/helpdesk-identity-verification-anti-vishing-tool/page.tsx; supabase/migrations/<timestamp>_helpdesk_identity_verification_anti_vishing_tool.sql
P1,16,Helpdesk Identity Verification Anti-Vishing Tool,helpdesk-identity-verification-anti-vishing-tool,security,add SDK wrapper,apps/api/src/routes/helpdesk-identity-verification-anti-vishing-tool.ts; apps/api/src/validators/helpdesk-identity-verification-anti-vishing-tool.ts; packages/sdk/src/helpdesk-identity-verification-anti-vishing-tool.ts; apps/web/app/(portal)/portal/helpdesk-identity-verification-anti-vishing-tool/page.tsx; supabase/migrations/<timestamp>_helpdesk_identity_verification_anti_vishing_tool.sql
P1,16,Helpdesk Identity Verification Anti-Vishing Tool,helpdesk-identity-verification-anti-vishing-tool,security,add portal UI,apps/api/src/routes/helpdesk-identity-verification-anti-vishing-tool.ts; apps/api/src/validators/helpdesk-identity-verification-anti-vishing-tool.ts; packages/sdk/src/helpdesk-identity-verification-anti-vishing-tool.ts; apps/web/app/(portal)/portal/helpdesk-identity-verification-anti-vishing-tool/page.tsx; supabase/migrations/<timestamp>_helpdesk_identity_verification_anti_vishing_tool.sql
P1,16,Helpdesk Identity Verification Anti-Vishing Tool,helpdesk-identity-verification-anti-vishing-tool,security,add worker task if needed,apps/api/src/routes/helpdesk-identity-verification-anti-vishing-tool.ts; apps/api/src/validators/helpdesk-identity-verification-anti-vishing-tool.ts; packages/sdk/src/helpdesk-identity-verification-anti-vishing-tool.ts; apps/web/app/(portal)/portal/helpdesk-identity-verification-anti-vishing-tool/page.tsx; supabase/migrations/<timestamp>_helpdesk_identity_verification_anti_vishing_tool.sql
P1,16,Helpdesk Identity Verification Anti-Vishing Tool,helpdesk-identity-verification-anti-vishing-tool,security,add tests/E2E,apps/api/src/routes/helpdesk-identity-verification-anti-vishing-tool.ts; apps/api/src/validators/helpdesk-identity-verification-anti-vishing-tool.ts; packages/sdk/src/helpdesk-identity-verification-anti-vishing-tool.ts; apps/web/app/(portal)/portal/helpdesk-identity-verification-anti-vishing-tool/page.tsx; supabase/migrations/<timestamp>_helpdesk_identity_verification_anti_vishing_tool.sql
P1,16,Helpdesk Identity Verification Anti-Vishing Tool,helpdesk-identity-verification-anti-vishing-tool,security,add docs/runbook,apps/api/src/routes/helpdesk-identity-verification-anti-vishing-tool.ts; apps/api/src/validators/helpdesk-identity-verification-anti-vishing-tool.ts; packages/sdk/src/helpdesk-identity-verification-anti-vishing-tool.ts; apps/web/app/(portal)/portal/helpdesk-identity-verification-anti-vishing-tool/page.tsx; supabase/migrations/<timestamp>_helpdesk_identity_verification_anti_vishing_tool.sql
P1,16,Helpdesk Identity Verification Anti-Vishing Tool,helpdesk-identity-verification-anti-vishing-tool,security,run audit prompt and remediate,apps/api/src/routes/helpdesk-identity-verification-anti-vishing-tool.ts; apps/api/src/validators/helpdesk-identity-verification-anti-vishing-tool.ts; packages/sdk/src/helpdesk-identity-verification-anti-vishing-tool.ts; apps/web/app/(portal)/portal/helpdesk-identity-verification-anti-vishing-tool/page.tsx; supabase/migrations/<timestamp>_helpdesk_identity_verification_anti_vishing_tool.sql
P2,17,Client Knowledge Base Self-Service Assistant,client-knowledge-base-self-service-assistant,support,write deep spec,apps/api/src/routes/client-knowledge-base-self-service-assistant.ts; apps/api/src/validators/client-knowledge-base-self-service-assistant.ts; packages/sdk/src/client-knowledge-base-self-service-assistant.ts; apps/web/app/(portal)/portal/client-knowledge-base-self-service-assistant/page.tsx; supabase/migrations/<timestamp>_client_knowledge_base_self_service_assistant.sql
P2,17,Client Knowledge Base Self-Service Assistant,client-knowledge-base-self-service-assistant,support,create migration and RLS,apps/api/src/routes/client-knowledge-base-self-service-assistant.ts; apps/api/src/validators/client-knowledge-base-self-service-assistant.ts; packages/sdk/src/client-knowledge-base-self-service-assistant.ts; apps/web/app/(portal)/portal/client-knowledge-base-self-service-assistant/page.tsx; supabase/migrations/<timestamp>_client_knowledge_base_self_service_assistant.sql
P2,17,Client Knowledge Base Self-Service Assistant,client-knowledge-base-self-service-assistant,support,add validator/service/API route,apps/api/src/routes/client-knowledge-base-self-service-assistant.ts; apps/api/src/validators/client-knowledge-base-self-service-assistant.ts; packages/sdk/src/client-knowledge-base-self-service-assistant.ts; apps/web/app/(portal)/portal/client-knowledge-base-self-service-assistant/page.tsx; supabase/migrations/<timestamp>_client_knowledge_base_self_service_assistant.sql
P2,17,Client Knowledge Base Self-Service Assistant,client-knowledge-base-self-service-assistant,support,register API route,apps/api/src/routes/client-knowledge-base-self-service-assistant.ts; apps/api/src/validators/client-knowledge-base-self-service-assistant.ts; packages/sdk/src/client-knowledge-base-self-service-assistant.ts; apps/web/app/(portal)/portal/client-knowledge-base-self-service-assistant/page.tsx; supabase/migrations/<timestamp>_client_knowledge_base_self_service_assistant.sql
P2,17,Client Knowledge Base Self-Service Assistant,client-knowledge-base-self-service-assistant,support,add SDK wrapper,apps/api/src/routes/client-knowledge-base-self-service-assistant.ts; apps/api/src/validators/client-knowledge-base-self-service-assistant.ts; packages/sdk/src/client-knowledge-base-self-service-assistant.ts; apps/web/app/(portal)/portal/client-knowledge-base-self-service-assistant/page.tsx; supabase/migrations/<timestamp>_client_knowledge_base_self_service_assistant.sql
P2,17,Client Knowledge Base Self-Service Assistant,client-knowledge-base-self-service-assistant,support,add portal UI,apps/api/src/routes/client-knowledge-base-self-service-assistant.ts; apps/api/src/validators/client-knowledge-base-self-service-assistant.ts; packages/sdk/src/client-knowledge-base-self-service-assistant.ts; apps/web/app/(portal)/portal/client-knowledge-base-self-service-assistant/page.tsx; supabase/migrations/<timestamp>_client_knowledge_base_self_service_assistant.sql
P2,17,Client Knowledge Base Self-Service Assistant,client-knowledge-base-self-service-assistant,support,add worker task if needed,apps/api/src/routes/client-knowledge-base-self-service-assistant.ts; apps/api/src/validators/client-knowledge-base-self-service-assistant.ts; packages/sdk/src/client-knowledge-base-self-service-assistant.ts; apps/web/app/(portal)/portal/client-knowledge-base-self-service-assistant/page.tsx; supabase/migrations/<timestamp>_client_knowledge_base_self_service_assistant.sql
P2,17,Client Knowledge Base Self-Service Assistant,client-knowledge-base-self-service-assistant,support,add tests/E2E,apps/api/src/routes/client-knowledge-base-self-service-assistant.ts; apps/api/src/validators/client-knowledge-base-self-service-assistant.ts; packages/sdk/src/client-knowledge-base-self-service-assistant.ts; apps/web/app/(portal)/portal/client-knowledge-base-self-service-assistant/page.tsx; supabase/migrations/<timestamp>_client_knowledge_base_self_service_assistant.sql
P2,17,Client Knowledge Base Self-Service Assistant,client-knowledge-base-self-service-assistant,support,add docs/runbook,apps/api/src/routes/client-knowledge-base-self-service-assistant.ts; apps/api/src/validators/client-knowledge-base-self-service-assistant.ts; packages/sdk/src/client-knowledge-base-self-service-assistant.ts; apps/web/app/(portal)/portal/client-knowledge-base-self-service-assistant/page.tsx; supabase/migrations/<timestamp>_client_knowledge_base_self_service_assistant.sql
P2,17,Client Knowledge Base Self-Service Assistant,client-knowledge-base-self-service-assistant,support,run audit prompt and remediate,apps/api/src/routes/client-knowledge-base-self-service-assistant.ts; apps/api/src/validators/client-knowledge-base-self-service-assistant.ts; packages/sdk/src/client-knowledge-base-self-service-assistant.ts; apps/web/app/(portal)/portal/client-knowledge-base-self-service-assistant/page.tsx; supabase/migrations/<timestamp>_client_knowledge_base_self_service_assistant.sql
P2,18,Compliance Readiness Lite for Small Businesses,compliance-readiness-lite-for-small-businesses,advisory,write deep spec,apps/api/src/routes/compliance-readiness-lite-for-small-businesses.ts; apps/api/src/validators/compliance-readiness-lite-for-small-businesses.ts; packages/sdk/src/compliance-readiness-lite-for-small-businesses.ts; apps/web/app/(portal)/portal/compliance-readiness-lite-for-small-businesses/page.tsx; supabase/migrations/<timestamp>_compliance_readiness_lite_for_small_businesses.sql
P2,18,Compliance Readiness Lite for Small Businesses,compliance-readiness-lite-for-small-businesses,advisory,create migration and RLS,apps/api/src/routes/compliance-readiness-lite-for-small-businesses.ts; apps/api/src/validators/compliance-readiness-lite-for-small-businesses.ts; packages/sdk/src/compliance-readiness-lite-for-small-businesses.ts; apps/web/app/(portal)/portal/compliance-readiness-lite-for-small-businesses/page.tsx; supabase/migrations/<timestamp>_compliance_readiness_lite_for_small_businesses.sql
P2,18,Compliance Readiness Lite for Small Businesses,compliance-readiness-lite-for-small-businesses,advisory,add validator/service/API route,apps/api/src/routes/compliance-readiness-lite-for-small-businesses.ts; apps/api/src/validators/compliance-readiness-lite-for-small-businesses.ts; packages/sdk/src/compliance-readiness-lite-for-small-businesses.ts; apps/web/app/(portal)/portal/compliance-readiness-lite-for-small-businesses/page.tsx; supabase/migrations/<timestamp>_compliance_readiness_lite_for_small_businesses.sql
P2,18,Compliance Readiness Lite for Small Businesses,compliance-readiness-lite-for-small-businesses,advisory,register API route,apps/api/src/routes/compliance-readiness-lite-for-small-businesses.ts; apps/api/src/validators/compliance-readiness-lite-for-small-businesses.ts; packages/sdk/src/compliance-readiness-lite-for-small-businesses.ts; apps/web/app/(portal)/portal/compliance-readiness-lite-for-small-businesses/page.tsx; supabase/migrations/<timestamp>_compliance_readiness_lite_for_small_businesses.sql
P2,18,Compliance Readiness Lite for Small Businesses,compliance-readiness-lite-for-small-businesses,advisory,add SDK wrapper,apps/api/src/routes/compliance-readiness-lite-for-small-businesses.ts; apps/api/src/validators/compliance-readiness-lite-for-small-businesses.ts; packages/sdk/src/compliance-readiness-lite-for-small-businesses.ts; apps/web/app/(portal)/portal/compliance-readiness-lite-for-small-businesses/page.tsx; supabase/migrations/<timestamp>_compliance_readiness_lite_for_small_businesses.sql
P2,18,Compliance Readiness Lite for Small Businesses,compliance-readiness-lite-for-small-businesses,advisory,add portal UI,apps/api/src/routes/compliance-readiness-lite-for-small-businesses.ts; apps/api/src/validators/compliance-readiness-lite-for-small-businesses.ts; packages/sdk/src/compliance-readiness-lite-for-small-businesses.ts; apps/web/app/(portal)/portal/compliance-readiness-lite-for-small-businesses/page.tsx; supabase/migrations/<timestamp>_compliance_readiness_lite_for_small_businesses.sql
P2,18,Compliance Readiness Lite for Small Businesses,compliance-readiness-lite-for-small-businesses,advisory,add worker task if needed,apps/api/src/routes/compliance-readiness-lite-for-small-businesses.ts; apps/api/src/validators/compliance-readiness-lite-for-small-businesses.ts; packages/sdk/src/compliance-readiness-lite-for-small-businesses.ts; apps/web/app/(portal)/portal/compliance-readiness-lite-for-small-businesses/page.tsx; supabase/migrations/<timestamp>_compliance_readiness_lite_for_small_businesses.sql
P2,18,Compliance Readiness Lite for Small Businesses,compliance-readiness-lite-for-small-businesses,advisory,add tests/E2E,apps/api/src/routes/compliance-readiness-lite-for-small-businesses.ts; apps/api/src/validators/compliance-readiness-lite-for-small-businesses.ts; packages/sdk/src/compliance-readiness-lite-for-small-businesses.ts; apps/web/app/(portal)/portal/compliance-readiness-lite-for-small-businesses/page.tsx; supabase/migrations/<timestamp>_compliance_readiness_lite_for_small_businesses.sql
P2,18,Compliance Readiness Lite for Small Businesses,compliance-readiness-lite-for-small-businesses,advisory,add docs/runbook,apps/api/src/routes/compliance-readiness-lite-for-small-businesses.ts; apps/api/src/validators/compliance-readiness-lite-for-small-businesses.ts; packages/sdk/src/compliance-readiness-lite-for-small-businesses.ts; apps/web/app/(portal)/portal/compliance-readiness-lite-for-small-businesses/page.tsx; supabase/migrations/<timestamp>_compliance_readiness_lite_for_small_businesses.sql
P2,18,Compliance Readiness Lite for Small Businesses,compliance-readiness-lite-for-small-businesses,advisory,run audit prompt and remediate,apps/api/src/routes/compliance-readiness-lite-for-small-businesses.ts; apps/api/src/validators/compliance-readiness-lite-for-small-businesses.ts; packages/sdk/src/compliance-readiness-lite-for-small-businesses.ts; apps/web/app/(portal)/portal/compliance-readiness-lite-for-small-businesses/page.tsx; supabase/migrations/<timestamp>_compliance_readiness_lite_for_small_businesses.sql
P1,19,Open Findings Audit Remediation Tracker,open-findings-audit-remediation-tracker,governance,write deep spec,apps/api/src/routes/open-findings-audit-remediation-tracker.ts; apps/api/src/validators/open-findings-audit-remediation-tracker.ts; packages/sdk/src/open-findings-audit-remediation-tracker.ts; apps/web/app/(portal)/portal/open-findings-audit-remediation-tracker/page.tsx; supabase/migrations/<timestamp>_open_findings_audit_remediation_tracker.sql
P1,19,Open Findings Audit Remediation Tracker,open-findings-audit-remediation-tracker,governance,create migration and RLS,apps/api/src/routes/open-findings-audit-remediation-tracker.ts; apps/api/src/validators/open-findings-audit-remediation-tracker.ts; packages/sdk/src/open-findings-audit-remediation-tracker.ts; apps/web/app/(portal)/portal/open-findings-audit-remediation-tracker/page.tsx; supabase/migrations/<timestamp>_open_findings_audit_remediation_tracker.sql
P1,19,Open Findings Audit Remediation Tracker,open-findings-audit-remediation-tracker,governance,add validator/service/API route,apps/api/src/routes/open-findings-audit-remediation-tracker.ts; apps/api/src/validators/open-findings-audit-remediation-tracker.ts; packages/sdk/src/open-findings-audit-remediation-tracker.ts; apps/web/app/(portal)/portal/open-findings-audit-remediation-tracker/page.tsx; supabase/migrations/<timestamp>_open_findings_audit_remediation_tracker.sql
P1,19,Open Findings Audit Remediation Tracker,open-findings-audit-remediation-tracker,governance,register API route,apps/api/src/routes/open-findings-audit-remediation-tracker.ts; apps/api/src/validators/open-findings-audit-remediation-tracker.ts; packages/sdk/src/open-findings-audit-remediation-tracker.ts; apps/web/app/(portal)/portal/open-findings-audit-remediation-tracker/page.tsx; supabase/migrations/<timestamp>_open_findings_audit_remediation_tracker.sql
P1,19,Open Findings Audit Remediation Tracker,open-findings-audit-remediation-tracker,governance,add SDK wrapper,apps/api/src/routes/open-findings-audit-remediation-tracker.ts; apps/api/src/validators/open-findings-audit-remediation-tracker.ts; packages/sdk/src/open-findings-audit-remediation-tracker.ts; apps/web/app/(portal)/portal/open-findings-audit-remediation-tracker/page.tsx; supabase/migrations/<timestamp>_open_findings_audit_remediation_tracker.sql
P1,19,Open Findings Audit Remediation Tracker,open-findings-audit-remediation-tracker,governance,add portal UI,apps/api/src/routes/open-findings-audit-remediation-tracker.ts; apps/api/src/validators/open-findings-audit-remediation-tracker.ts; packages/sdk/src/open-findings-audit-remediation-tracker.ts; apps/web/app/(portal)/portal/open-findings-audit-remediation-tracker/page.tsx; supabase/migrations/<timestamp>_open_findings_audit_remediation_tracker.sql
P1,19,Open Findings Audit Remediation Tracker,open-findings-audit-remediation-tracker,governance,add worker task if needed,apps/api/src/routes/open-findings-audit-remediation-tracker.ts; apps/api/src/validators/open-findings-audit-remediation-tracker.ts; packages/sdk/src/open-findings-audit-remediation-tracker.ts; apps/web/app/(portal)/portal/open-findings-audit-remediation-tracker/page.tsx; supabase/migrations/<timestamp>_open_findings_audit_remediation_tracker.sql
P1,19,Open Findings Audit Remediation Tracker,open-findings-audit-remediation-tracker,governance,add tests/E2E,apps/api/src/routes/open-findings-audit-remediation-tracker.ts; apps/api/src/validators/open-findings-audit-remediation-tracker.ts; packages/sdk/src/open-findings-audit-remediation-tracker.ts; apps/web/app/(portal)/portal/open-findings-audit-remediation-tracker/page.tsx; supabase/migrations/<timestamp>_open_findings_audit_remediation_tracker.sql
P1,19,Open Findings Audit Remediation Tracker,open-findings-audit-remediation-tracker,governance,add docs/runbook,apps/api/src/routes/open-findings-audit-remediation-tracker.ts; apps/api/src/validators/open-findings-audit-remediation-tracker.ts; packages/sdk/src/open-findings-audit-remediation-tracker.ts; apps/web/app/(portal)/portal/open-findings-audit-remediation-tracker/page.tsx; supabase/migrations/<timestamp>_open_findings_audit_remediation_tracker.sql
P1,19,Open Findings Audit Remediation Tracker,open-findings-audit-remediation-tracker,governance,run audit prompt and remediate,apps/api/src/routes/open-findings-audit-remediation-tracker.ts; apps/api/src/validators/open-findings-audit-remediation-tracker.ts; packages/sdk/src/open-findings-audit-remediation-tracker.ts; apps/web/app/(portal)/portal/open-findings-audit-remediation-tracker/page.tsx; supabase/migrations/<timestamp>_open_findings_audit_remediation_tracker.sql
P1,20,Internal MSP Business OS Dashboard,internal-msp-business-os-dashboard,operations,write deep spec,apps/api/src/routes/internal-msp-business-os-dashboard.ts; apps/api/src/validators/internal-msp-business-os-dashboard.ts; packages/sdk/src/internal-msp-business-os-dashboard.ts; apps/web/app/(portal)/portal/internal-msp-business-os-dashboard/page.tsx; supabase/migrations/<timestamp>_internal_msp_business_os_dashboard.sql
P1,20,Internal MSP Business OS Dashboard,internal-msp-business-os-dashboard,operations,create migration and RLS,apps/api/src/routes/internal-msp-business-os-dashboard.ts; apps/api/src/validators/internal-msp-business-os-dashboard.ts; packages/sdk/src/internal-msp-business-os-dashboard.ts; apps/web/app/(portal)/portal/internal-msp-business-os-dashboard/page.tsx; supabase/migrations/<timestamp>_internal_msp_business_os_dashboard.sql
P1,20,Internal MSP Business OS Dashboard,internal-msp-business-os-dashboard,operations,add validator/service/API route,apps/api/src/routes/internal-msp-business-os-dashboard.ts; apps/api/src/validators/internal-msp-business-os-dashboard.ts; packages/sdk/src/internal-msp-business-os-dashboard.ts; apps/web/app/(portal)/portal/internal-msp-business-os-dashboard/page.tsx; supabase/migrations/<timestamp>_internal_msp_business_os_dashboard.sql
P1,20,Internal MSP Business OS Dashboard,internal-msp-business-os-dashboard,operations,register API route,apps/api/src/routes/internal-msp-business-os-dashboard.ts; apps/api/src/validators/internal-msp-business-os-dashboard.ts; packages/sdk/src/internal-msp-business-os-dashboard.ts; apps/web/app/(portal)/portal/internal-msp-business-os-dashboard/page.tsx; supabase/migrations/<timestamp>_internal_msp_business_os_dashboard.sql
P1,20,Internal MSP Business OS Dashboard,internal-msp-business-os-dashboard,operations,add SDK wrapper,apps/api/src/routes/internal-msp-business-os-dashboard.ts; apps/api/src/validators/internal-msp-business-os-dashboard.ts; packages/sdk/src/internal-msp-business-os-dashboard.ts; apps/web/app/(portal)/portal/internal-msp-business-os-dashboard/page.tsx; supabase/migrations/<timestamp>_internal_msp_business_os_dashboard.sql
P1,20,Internal MSP Business OS Dashboard,internal-msp-business-os-dashboard,operations,add portal UI,apps/api/src/routes/internal-msp-business-os-dashboard.ts; apps/api/src/validators/internal-msp-business-os-dashboard.ts; packages/sdk/src/internal-msp-business-os-dashboard.ts; apps/web/app/(portal)/portal/internal-msp-business-os-dashboard/page.tsx; supabase/migrations/<timestamp>_internal_msp_business_os_dashboard.sql
P1,20,Internal MSP Business OS Dashboard,internal-msp-business-os-dashboard,operations,add worker task if needed,apps/api/src/routes/internal-msp-business-os-dashboard.ts; apps/api/src/validators/internal-msp-business-os-dashboard.ts; packages/sdk/src/internal-msp-business-os-dashboard.ts; apps/web/app/(portal)/portal/internal-msp-business-os-dashboard/page.tsx; supabase/migrations/<timestamp>_internal_msp_business_os_dashboard.sql
P1,20,Internal MSP Business OS Dashboard,internal-msp-business-os-dashboard,operations,add tests/E2E,apps/api/src/routes/internal-msp-business-os-dashboard.ts; apps/api/src/validators/internal-msp-business-os-dashboard.ts; packages/sdk/src/internal-msp-business-os-dashboard.ts; apps/web/app/(portal)/portal/internal-msp-business-os-dashboard/page.tsx; supabase/migrations/<timestamp>_internal_msp_business_os_dashboard.sql
P1,20,Internal MSP Business OS Dashboard,internal-msp-business-os-dashboard,operations,add docs/runbook,apps/api/src/routes/internal-msp-business-os-dashboard.ts; apps/api/src/validators/internal-msp-business-os-dashboard.ts; packages/sdk/src/internal-msp-business-os-dashboard.ts; apps/web/app/(portal)/portal/internal-msp-business-os-dashboard/page.tsx; supabase/migrations/<timestamp>_internal_msp_business_os_dashboard.sql
P1,20,Internal MSP Business OS Dashboard,internal-msp-business-os-dashboard,operations,run audit prompt and remediate,apps/api/src/routes/internal-msp-business-os-dashboard.ts; apps/api/src/validators/internal-msp-business-os-dashboard.ts; packages/sdk/src/internal-msp-business-os-dashboard.ts; apps/web/app/(portal)/portal/internal-msp-business-os-dashboard/page.tsx; supabase/migrations/<timestamp>_internal_msp_business_os_dashboard.sql
P1,21,AI Ticket Intake Triage Assistant,ai-ticket-intake-triage-assistant,support-ai,write deep spec,apps/api/src/routes/ai-ticket-intake-triage-assistant.ts; apps/api/src/validators/ai-ticket-intake-triage-assistant.ts; packages/sdk/src/ai-ticket-intake-triage-assistant.ts; apps/web/app/(portal)/portal/ai-ticket-intake-triage-assistant/page.tsx; supabase/migrations/<timestamp>_ai_ticket_intake_triage_assistant.sql
P1,21,AI Ticket Intake Triage Assistant,ai-ticket-intake-triage-assistant,support-ai,create migration and RLS,apps/api/src/routes/ai-ticket-intake-triage-assistant.ts; apps/api/src/validators/ai-ticket-intake-triage-assistant.ts; packages/sdk/src/ai-ticket-intake-triage-assistant.ts; apps/web/app/(portal)/portal/ai-ticket-intake-triage-assistant/page.tsx; supabase/migrations/<timestamp>_ai_ticket_intake_triage_assistant.sql
P1,21,AI Ticket Intake Triage Assistant,ai-ticket-intake-triage-assistant,support-ai,add validator/service/API route,apps/api/src/routes/ai-ticket-intake-triage-assistant.ts; apps/api/src/validators/ai-ticket-intake-triage-assistant.ts; packages/sdk/src/ai-ticket-intake-triage-assistant.ts; apps/web/app/(portal)/portal/ai-ticket-intake-triage-assistant/page.tsx; supabase/migrations/<timestamp>_ai_ticket_intake_triage_assistant.sql
P1,21,AI Ticket Intake Triage Assistant,ai-ticket-intake-triage-assistant,support-ai,register API route,apps/api/src/routes/ai-ticket-intake-triage-assistant.ts; apps/api/src/validators/ai-ticket-intake-triage-assistant.ts; packages/sdk/src/ai-ticket-intake-triage-assistant.ts; apps/web/app/(portal)/portal/ai-ticket-intake-triage-assistant/page.tsx; supabase/migrations/<timestamp>_ai_ticket_intake_triage_assistant.sql
P1,21,AI Ticket Intake Triage Assistant,ai-ticket-intake-triage-assistant,support-ai,add SDK wrapper,apps/api/src/routes/ai-ticket-intake-triage-assistant.ts; apps/api/src/validators/ai-ticket-intake-triage-assistant.ts; packages/sdk/src/ai-ticket-intake-triage-assistant.ts; apps/web/app/(portal)/portal/ai-ticket-intake-triage-assistant/page.tsx; supabase/migrations/<timestamp>_ai_ticket_intake_triage_assistant.sql
P1,21,AI Ticket Intake Triage Assistant,ai-ticket-intake-triage-assistant,support-ai,add portal UI,apps/api/src/routes/ai-ticket-intake-triage-assistant.ts; apps/api/src/validators/ai-ticket-intake-triage-assistant.ts; packages/sdk/src/ai-ticket-intake-triage-assistant.ts; apps/web/app/(portal)/portal/ai-ticket-intake-triage-assistant/page.tsx; supabase/migrations/<timestamp>_ai_ticket_intake_triage_assistant.sql
P1,21,AI Ticket Intake Triage Assistant,ai-ticket-intake-triage-assistant,support-ai,add worker task if needed,apps/api/src/routes/ai-ticket-intake-triage-assistant.ts; apps/api/src/validators/ai-ticket-intake-triage-assistant.ts; packages/sdk/src/ai-ticket-intake-triage-assistant.ts; apps/web/app/(portal)/portal/ai-ticket-intake-triage-assistant/page.tsx; supabase/migrations/<timestamp>_ai_ticket_intake_triage_assistant.sql
P1,21,AI Ticket Intake Triage Assistant,ai-ticket-intake-triage-assistant,support-ai,add tests/E2E,apps/api/src/routes/ai-ticket-intake-triage-assistant.ts; apps/api/src/validators/ai-ticket-intake-triage-assistant.ts; packages/sdk/src/ai-ticket-intake-triage-assistant.ts; apps/web/app/(portal)/portal/ai-ticket-intake-triage-assistant/page.tsx; supabase/migrations/<timestamp>_ai_ticket_intake_triage_assistant.sql
P1,21,AI Ticket Intake Triage Assistant,ai-ticket-intake-triage-assistant,support-ai,add docs/runbook,apps/api/src/routes/ai-ticket-intake-triage-assistant.ts; apps/api/src/validators/ai-ticket-intake-triage-assistant.ts; packages/sdk/src/ai-ticket-intake-triage-assistant.ts; apps/web/app/(portal)/portal/ai-ticket-intake-triage-assistant/page.tsx; supabase/migrations/<timestamp>_ai_ticket_intake_triage_assistant.sql
P1,21,AI Ticket Intake Triage Assistant,ai-ticket-intake-triage-assistant,support-ai,run audit prompt and remediate,apps/api/src/routes/ai-ticket-intake-triage-assistant.ts; apps/api/src/validators/ai-ticket-intake-triage-assistant.ts; packages/sdk/src/ai-ticket-intake-triage-assistant.ts; apps/web/app/(portal)/portal/ai-ticket-intake-triage-assistant/page.tsx; supabase/migrations/<timestamp>_ai_ticket_intake_triage_assistant.sql
P1,22,License Optimizer Seat Reclaimer,license-optimizer-seat-reclaimer,finance-ops,write deep spec,apps/api/src/routes/license-optimizer-seat-reclaimer.ts; apps/api/src/validators/license-optimizer-seat-reclaimer.ts; packages/sdk/src/license-optimizer-seat-reclaimer.ts; apps/web/app/(portal)/portal/license-optimizer-seat-reclaimer/page.tsx; supabase/migrations/<timestamp>_license_optimizer_seat_reclaimer.sql
P1,22,License Optimizer Seat Reclaimer,license-optimizer-seat-reclaimer,finance-ops,create migration and RLS,apps/api/src/routes/license-optimizer-seat-reclaimer.ts; apps/api/src/validators/license-optimizer-seat-reclaimer.ts; packages/sdk/src/license-optimizer-seat-reclaimer.ts; apps/web/app/(portal)/portal/license-optimizer-seat-reclaimer/page.tsx; supabase/migrations/<timestamp>_license_optimizer_seat_reclaimer.sql
P1,22,License Optimizer Seat Reclaimer,license-optimizer-seat-reclaimer,finance-ops,add validator/service/API route,apps/api/src/routes/license-optimizer-seat-reclaimer.ts; apps/api/src/validators/license-optimizer-seat-reclaimer.ts; packages/sdk/src/license-optimizer-seat-reclaimer.ts; apps/web/app/(portal)/portal/license-optimizer-seat-reclaimer/page.tsx; supabase/migrations/<timestamp>_license_optimizer_seat_reclaimer.sql
P1,22,License Optimizer Seat Reclaimer,license-optimizer-seat-reclaimer,finance-ops,register API route,apps/api/src/routes/license-optimizer-seat-reclaimer.ts; apps/api/src/validators/license-optimizer-seat-reclaimer.ts; packages/sdk/src/license-optimizer-seat-reclaimer.ts; apps/web/app/(portal)/portal/license-optimizer-seat-reclaimer/page.tsx; supabase/migrations/<timestamp>_license_optimizer_seat_reclaimer.sql
P1,22,License Optimizer Seat Reclaimer,license-optimizer-seat-reclaimer,finance-ops,add SDK wrapper,apps/api/src/routes/license-optimizer-seat-reclaimer.ts; apps/api/src/validators/license-optimizer-seat-reclaimer.ts; packages/sdk/src/license-optimizer-seat-reclaimer.ts; apps/web/app/(portal)/portal/license-optimizer-seat-reclaimer/page.tsx; supabase/migrations/<timestamp>_license_optimizer_seat_reclaimer.sql
P1,22,License Optimizer Seat Reclaimer,license-optimizer-seat-reclaimer,finance-ops,add portal UI,apps/api/src/routes/license-optimizer-seat-reclaimer.ts; apps/api/src/validators/license-optimizer-seat-reclaimer.ts; packages/sdk/src/license-optimizer-seat-reclaimer.ts; apps/web/app/(portal)/portal/license-optimizer-seat-reclaimer/page.tsx; supabase/migrations/<timestamp>_license_optimizer_seat_reclaimer.sql
P1,22,License Optimizer Seat Reclaimer,license-optimizer-seat-reclaimer,finance-ops,add worker task if needed,apps/api/src/routes/license-optimizer-seat-reclaimer.ts; apps/api/src/validators/license-optimizer-seat-reclaimer.ts; packages/sdk/src/license-optimizer-seat-reclaimer.ts; apps/web/app/(portal)/portal/license-optimizer-seat-reclaimer/page.tsx; supabase/migrations/<timestamp>_license_optimizer_seat_reclaimer.sql
P1,22,License Optimizer Seat Reclaimer,license-optimizer-seat-reclaimer,finance-ops,add tests/E2E,apps/api/src/routes/license-optimizer-seat-reclaimer.ts; apps/api/src/validators/license-optimizer-seat-reclaimer.ts; packages/sdk/src/license-optimizer-seat-reclaimer.ts; apps/web/app/(portal)/portal/license-optimizer-seat-reclaimer/page.tsx; supabase/migrations/<timestamp>_license_optimizer_seat_reclaimer.sql
P1,22,License Optimizer Seat Reclaimer,license-optimizer-seat-reclaimer,finance-ops,add docs/runbook,apps/api/src/routes/license-optimizer-seat-reclaimer.ts; apps/api/src/validators/license-optimizer-seat-reclaimer.ts; packages/sdk/src/license-optimizer-seat-reclaimer.ts; apps/web/app/(portal)/portal/license-optimizer-seat-reclaimer/page.tsx; supabase/migrations/<timestamp>_license_optimizer_seat_reclaimer.sql
P1,22,License Optimizer Seat Reclaimer,license-optimizer-seat-reclaimer,finance-ops,run audit prompt and remediate,apps/api/src/routes/license-optimizer-seat-reclaimer.ts; apps/api/src/validators/license-optimizer-seat-reclaimer.ts; packages/sdk/src/license-optimizer-seat-reclaimer.ts; apps/web/app/(portal)/portal/license-optimizer-seat-reclaimer/page.tsx; supabase/migrations/<timestamp>_license_optimizer_seat_reclaimer.sql
P2,23,Email Deliverability DMARC Coach,email-deliverability-dmarc-coach,security,write deep spec,apps/api/src/routes/email-deliverability-dmarc-coach.ts; apps/api/src/validators/email-deliverability-dmarc-coach.ts; packages/sdk/src/email-deliverability-dmarc-coach.ts; apps/web/app/(portal)/portal/email-deliverability-dmarc-coach/page.tsx; supabase/migrations/<timestamp>_email_deliverability_dmarc_coach.sql
P2,23,Email Deliverability DMARC Coach,email-deliverability-dmarc-coach,security,create migration and RLS,apps/api/src/routes/email-deliverability-dmarc-coach.ts; apps/api/src/validators/email-deliverability-dmarc-coach.ts; packages/sdk/src/email-deliverability-dmarc-coach.ts; apps/web/app/(portal)/portal/email-deliverability-dmarc-coach/page.tsx; supabase/migrations/<timestamp>_email_deliverability_dmarc_coach.sql
P2,23,Email Deliverability DMARC Coach,email-deliverability-dmarc-coach,security,add validator/service/API route,apps/api/src/routes/email-deliverability-dmarc-coach.ts; apps/api/src/validators/email-deliverability-dmarc-coach.ts; packages/sdk/src/email-deliverability-dmarc-coach.ts; apps/web/app/(portal)/portal/email-deliverability-dmarc-coach/page.tsx; supabase/migrations/<timestamp>_email_deliverability_dmarc_coach.sql
P2,23,Email Deliverability DMARC Coach,email-deliverability-dmarc-coach,security,register API route,apps/api/src/routes/email-deliverability-dmarc-coach.ts; apps/api/src/validators/email-deliverability-dmarc-coach.ts; packages/sdk/src/email-deliverability-dmarc-coach.ts; apps/web/app/(portal)/portal/email-deliverability-dmarc-coach/page.tsx; supabase/migrations/<timestamp>_email_deliverability_dmarc_coach.sql
P2,23,Email Deliverability DMARC Coach,email-deliverability-dmarc-coach,security,add SDK wrapper,apps/api/src/routes/email-deliverability-dmarc-coach.ts; apps/api/src/validators/email-deliverability-dmarc-coach.ts; packages/sdk/src/email-deliverability-dmarc-coach.ts; apps/web/app/(portal)/portal/email-deliverability-dmarc-coach/page.tsx; supabase/migrations/<timestamp>_email_deliverability_dmarc_coach.sql
P2,23,Email Deliverability DMARC Coach,email-deliverability-dmarc-coach,security,add portal UI,apps/api/src/routes/email-deliverability-dmarc-coach.ts; apps/api/src/validators/email-deliverability-dmarc-coach.ts; packages/sdk/src/email-deliverability-dmarc-coach.ts; apps/web/app/(portal)/portal/email-deliverability-dmarc-coach/page.tsx; supabase/migrations/<timestamp>_email_deliverability_dmarc_coach.sql
P2,23,Email Deliverability DMARC Coach,email-deliverability-dmarc-coach,security,add worker task if needed,apps/api/src/routes/email-deliverability-dmarc-coach.ts; apps/api/src/validators/email-deliverability-dmarc-coach.ts; packages/sdk/src/email-deliverability-dmarc-coach.ts; apps/web/app/(portal)/portal/email-deliverability-dmarc-coach/page.tsx; supabase/migrations/<timestamp>_email_deliverability_dmarc_coach.sql
P2,23,Email Deliverability DMARC Coach,email-deliverability-dmarc-coach,security,add tests/E2E,apps/api/src/routes/email-deliverability-dmarc-coach.ts; apps/api/src/validators/email-deliverability-dmarc-coach.ts; packages/sdk/src/email-deliverability-dmarc-coach.ts; apps/web/app/(portal)/portal/email-deliverability-dmarc-coach/page.tsx; supabase/migrations/<timestamp>_email_deliverability_dmarc_coach.sql
P2,23,Email Deliverability DMARC Coach,email-deliverability-dmarc-coach,security,add docs/runbook,apps/api/src/routes/email-deliverability-dmarc-coach.ts; apps/api/src/validators/email-deliverability-dmarc-coach.ts; packages/sdk/src/email-deliverability-dmarc-coach.ts; apps/web/app/(portal)/portal/email-deliverability-dmarc-coach/page.tsx; supabase/migrations/<timestamp>_email_deliverability_dmarc_coach.sql
P2,23,Email Deliverability DMARC Coach,email-deliverability-dmarc-coach,security,run audit prompt and remediate,apps/api/src/routes/email-deliverability-dmarc-coach.ts; apps/api/src/validators/email-deliverability-dmarc-coach.ts; packages/sdk/src/email-deliverability-dmarc-coach.ts; apps/web/app/(portal)/portal/email-deliverability-dmarc-coach/page.tsx; supabase/migrations/<timestamp>_email_deliverability_dmarc_coach.sql
P2,24,Secure File Request Portal,secure-file-request-portal,client-ops,write deep spec,apps/api/src/routes/secure-file-request-portal.ts; apps/api/src/validators/secure-file-request-portal.ts; packages/sdk/src/secure-file-request-portal.ts; apps/web/app/(portal)/portal/secure-file-request-portal/page.tsx; supabase/migrations/<timestamp>_secure_file_request_portal.sql
P2,24,Secure File Request Portal,secure-file-request-portal,client-ops,create migration and RLS,apps/api/src/routes/secure-file-request-portal.ts; apps/api/src/validators/secure-file-request-portal.ts; packages/sdk/src/secure-file-request-portal.ts; apps/web/app/(portal)/portal/secure-file-request-portal/page.tsx; supabase/migrations/<timestamp>_secure_file_request_portal.sql
P2,24,Secure File Request Portal,secure-file-request-portal,client-ops,add validator/service/API route,apps/api/src/routes/secure-file-request-portal.ts; apps/api/src/validators/secure-file-request-portal.ts; packages/sdk/src/secure-file-request-portal.ts; apps/web/app/(portal)/portal/secure-file-request-portal/page.tsx; supabase/migrations/<timestamp>_secure_file_request_portal.sql
P2,24,Secure File Request Portal,secure-file-request-portal,client-ops,register API route,apps/api/src/routes/secure-file-request-portal.ts; apps/api/src/validators/secure-file-request-portal.ts; packages/sdk/src/secure-file-request-portal.ts; apps/web/app/(portal)/portal/secure-file-request-portal/page.tsx; supabase/migrations/<timestamp>_secure_file_request_portal.sql
P2,24,Secure File Request Portal,secure-file-request-portal,client-ops,add SDK wrapper,apps/api/src/routes/secure-file-request-portal.ts; apps/api/src/validators/secure-file-request-portal.ts; packages/sdk/src/secure-file-request-portal.ts; apps/web/app/(portal)/portal/secure-file-request-portal/page.tsx; supabase/migrations/<timestamp>_secure_file_request_portal.sql
P2,24,Secure File Request Portal,secure-file-request-portal,client-ops,add portal UI,apps/api/src/routes/secure-file-request-portal.ts; apps/api/src/validators/secure-file-request-portal.ts; packages/sdk/src/secure-file-request-portal.ts; apps/web/app/(portal)/portal/secure-file-request-portal/page.tsx; supabase/migrations/<timestamp>_secure_file_request_portal.sql
P2,24,Secure File Request Portal,secure-file-request-portal,client-ops,add worker task if needed,apps/api/src/routes/secure-file-request-portal.ts; apps/api/src/validators/secure-file-request-portal.ts; packages/sdk/src/secure-file-request-portal.ts; apps/web/app/(portal)/portal/secure-file-request-portal/page.tsx; supabase/migrations/<timestamp>_secure_file_request_portal.sql
P2,24,Secure File Request Portal,secure-file-request-portal,client-ops,add tests/E2E,apps/api/src/routes/secure-file-request-portal.ts; apps/api/src/validators/secure-file-request-portal.ts; packages/sdk/src/secure-file-request-portal.ts; apps/web/app/(portal)/portal/secure-file-request-portal/page.tsx; supabase/migrations/<timestamp>_secure_file_request_portal.sql
P2,24,Secure File Request Portal,secure-file-request-portal,client-ops,add docs/runbook,apps/api/src/routes/secure-file-request-portal.ts; apps/api/src/validators/secure-file-request-portal.ts; packages/sdk/src/secure-file-request-portal.ts; apps/web/app/(portal)/portal/secure-file-request-portal/page.tsx; supabase/migrations/<timestamp>_secure_file_request_portal.sql
P2,24,Secure File Request Portal,secure-file-request-portal,client-ops,run audit prompt and remediate,apps/api/src/routes/secure-file-request-portal.ts; apps/api/src/validators/secure-file-request-portal.ts; packages/sdk/src/secure-file-request-portal.ts; apps/web/app/(portal)/portal/secure-file-request-portal/page.tsx; supabase/migrations/<timestamp>_secure_file_request_portal.sql
P2,25,Client Training Microlearning Hub,client-training-microlearning-hub,training,write deep spec,apps/api/src/routes/client-training-microlearning-hub.ts; apps/api/src/validators/client-training-microlearning-hub.ts; packages/sdk/src/client-training-microlearning-hub.ts; apps/web/app/(portal)/portal/client-training-microlearning-hub/page.tsx; supabase/migrations/<timestamp>_client_training_microlearning_hub.sql
P2,25,Client Training Microlearning Hub,client-training-microlearning-hub,training,create migration and RLS,apps/api/src/routes/client-training-microlearning-hub.ts; apps/api/src/validators/client-training-microlearning-hub.ts; packages/sdk/src/client-training-microlearning-hub.ts; apps/web/app/(portal)/portal/client-training-microlearning-hub/page.tsx; supabase/migrations/<timestamp>_client_training_microlearning_hub.sql
P2,25,Client Training Microlearning Hub,client-training-microlearning-hub,training,add validator/service/API route,apps/api/src/routes/client-training-microlearning-hub.ts; apps/api/src/validators/client-training-microlearning-hub.ts; packages/sdk/src/client-training-microlearning-hub.ts; apps/web/app/(portal)/portal/client-training-microlearning-hub/page.tsx; supabase/migrations/<timestamp>_client_training_microlearning_hub.sql
P2,25,Client Training Microlearning Hub,client-training-microlearning-hub,training,register API route,apps/api/src/routes/client-training-microlearning-hub.ts; apps/api/src/validators/client-training-microlearning-hub.ts; packages/sdk/src/client-training-microlearning-hub.ts; apps/web/app/(portal)/portal/client-training-microlearning-hub/page.tsx; supabase/migrations/<timestamp>_client_training_microlearning_hub.sql
P2,25,Client Training Microlearning Hub,client-training-microlearning-hub,training,add SDK wrapper,apps/api/src/routes/client-training-microlearning-hub.ts; apps/api/src/validators/client-training-microlearning-hub.ts; packages/sdk/src/client-training-microlearning-hub.ts; apps/web/app/(portal)/portal/client-training-microlearning-hub/page.tsx; supabase/migrations/<timestamp>_client_training_microlearning_hub.sql
P2,25,Client Training Microlearning Hub,client-training-microlearning-hub,training,add portal UI,apps/api/src/routes/client-training-microlearning-hub.ts; apps/api/src/validators/client-training-microlearning-hub.ts; packages/sdk/src/client-training-microlearning-hub.ts; apps/web/app/(portal)/portal/client-training-microlearning-hub/page.tsx; supabase/migrations/<timestamp>_client_training_microlearning_hub.sql
P2,25,Client Training Microlearning Hub,client-training-microlearning-hub,training,add worker task if needed,apps/api/src/routes/client-training-microlearning-hub.ts; apps/api/src/validators/client-training-microlearning-hub.ts; packages/sdk/src/client-training-microlearning-hub.ts; apps/web/app/(portal)/portal/client-training-microlearning-hub/page.tsx; supabase/migrations/<timestamp>_client_training_microlearning_hub.sql
P2,25,Client Training Microlearning Hub,client-training-microlearning-hub,training,add tests/E2E,apps/api/src/routes/client-training-microlearning-hub.ts; apps/api/src/validators/client-training-microlearning-hub.ts; packages/sdk/src/client-training-microlearning-hub.ts; apps/web/app/(portal)/portal/client-training-microlearning-hub/page.tsx; supabase/migrations/<timestamp>_client_training_microlearning_hub.sql
P2,25,Client Training Microlearning Hub,client-training-microlearning-hub,training,add docs/runbook,apps/api/src/routes/client-training-microlearning-hub.ts; apps/api/src/validators/client-training-microlearning-hub.ts; packages/sdk/src/client-training-microlearning-hub.ts; apps/web/app/(portal)/portal/client-training-microlearning-hub/page.tsx; supabase/migrations/<timestamp>_client_training_microlearning_hub.sql
P2,25,Client Training Microlearning Hub,client-training-microlearning-hub,training,run audit prompt and remediate,apps/api/src/routes/client-training-microlearning-hub.ts; apps/api/src/validators/client-training-microlearning-hub.ts; packages/sdk/src/client-training-microlearning-hub.ts; apps/web/app/(portal)/portal/client-training-microlearning-hub/page.tsx; supabase/migrations/<timestamp>_client_training_microlearning_hub.sql
P2,26,Cyber Insurance Evidence Binder,cyber-insurance-evidence-binder,compliance,write deep spec,apps/api/src/routes/cyber-insurance-evidence-binder.ts; apps/api/src/validators/cyber-insurance-evidence-binder.ts; packages/sdk/src/cyber-insurance-evidence-binder.ts; apps/web/app/(portal)/portal/cyber-insurance-evidence-binder/page.tsx; supabase/migrations/<timestamp>_cyber_insurance_evidence_binder.sql
P2,26,Cyber Insurance Evidence Binder,cyber-insurance-evidence-binder,compliance,create migration and RLS,apps/api/src/routes/cyber-insurance-evidence-binder.ts; apps/api/src/validators/cyber-insurance-evidence-binder.ts; packages/sdk/src/cyber-insurance-evidence-binder.ts; apps/web/app/(portal)/portal/cyber-insurance-evidence-binder/page.tsx; supabase/migrations/<timestamp>_cyber_insurance_evidence_binder.sql
P2,26,Cyber Insurance Evidence Binder,cyber-insurance-evidence-binder,compliance,add validator/service/API route,apps/api/src/routes/cyber-insurance-evidence-binder.ts; apps/api/src/validators/cyber-insurance-evidence-binder.ts; packages/sdk/src/cyber-insurance-evidence-binder.ts; apps/web/app/(portal)/portal/cyber-insurance-evidence-binder/page.tsx; supabase/migrations/<timestamp>_cyber_insurance_evidence_binder.sql
P2,26,Cyber Insurance Evidence Binder,cyber-insurance-evidence-binder,compliance,register API route,apps/api/src/routes/cyber-insurance-evidence-binder.ts; apps/api/src/validators/cyber-insurance-evidence-binder.ts; packages/sdk/src/cyber-insurance-evidence-binder.ts; apps/web/app/(portal)/portal/cyber-insurance-evidence-binder/page.tsx; supabase/migrations/<timestamp>_cyber_insurance_evidence_binder.sql
P2,26,Cyber Insurance Evidence Binder,cyber-insurance-evidence-binder,compliance,add SDK wrapper,apps/api/src/routes/cyber-insurance-evidence-binder.ts; apps/api/src/validators/cyber-insurance-evidence-binder.ts; packages/sdk/src/cyber-insurance-evidence-binder.ts; apps/web/app/(portal)/portal/cyber-insurance-evidence-binder/page.tsx; supabase/migrations/<timestamp>_cyber_insurance_evidence_binder.sql
P2,26,Cyber Insurance Evidence Binder,cyber-insurance-evidence-binder,compliance,add portal UI,apps/api/src/routes/cyber-insurance-evidence-binder.ts; apps/api/src/validators/cyber-insurance-evidence-binder.ts; packages/sdk/src/cyber-insurance-evidence-binder.ts; apps/web/app/(portal)/portal/cyber-insurance-evidence-binder/page.tsx; supabase/migrations/<timestamp>_cyber_insurance_evidence_binder.sql
P2,26,Cyber Insurance Evidence Binder,cyber-insurance-evidence-binder,compliance,add worker task if needed,apps/api/src/routes/cyber-insurance-evidence-binder.ts; apps/api/src/validators/cyber-insurance-evidence-binder.ts; packages/sdk/src/cyber-insurance-evidence-binder.ts; apps/web/app/(portal)/portal/cyber-insurance-evidence-binder/page.tsx; supabase/migrations/<timestamp>_cyber_insurance_evidence_binder.sql
P2,26,Cyber Insurance Evidence Binder,cyber-insurance-evidence-binder,compliance,add tests/E2E,apps/api/src/routes/cyber-insurance-evidence-binder.ts; apps/api/src/validators/cyber-insurance-evidence-binder.ts; packages/sdk/src/cyber-insurance-evidence-binder.ts; apps/web/app/(portal)/portal/cyber-insurance-evidence-binder/page.tsx; supabase/migrations/<timestamp>_cyber_insurance_evidence_binder.sql
P2,26,Cyber Insurance Evidence Binder,cyber-insurance-evidence-binder,compliance,add docs/runbook,apps/api/src/routes/cyber-insurance-evidence-binder.ts; apps/api/src/validators/cyber-insurance-evidence-binder.ts; packages/sdk/src/cyber-insurance-evidence-binder.ts; apps/web/app/(portal)/portal/cyber-insurance-evidence-binder/page.tsx; supabase/migrations/<timestamp>_cyber_insurance_evidence_binder.sql
P2,26,Cyber Insurance Evidence Binder,cyber-insurance-evidence-binder,compliance,run audit prompt and remediate,apps/api/src/routes/cyber-insurance-evidence-binder.ts; apps/api/src/validators/cyber-insurance-evidence-binder.ts; packages/sdk/src/cyber-insurance-evidence-binder.ts; apps/web/app/(portal)/portal/cyber-insurance-evidence-binder/page.tsx; supabase/migrations/<timestamp>_cyber_insurance_evidence_binder.sql
P2,27,Public Status Page Maintenance Notices,public-status-page-maintenance-notices,communications,write deep spec,apps/api/src/routes/public-status-page-maintenance-notices.ts; apps/api/src/validators/public-status-page-maintenance-notices.ts; packages/sdk/src/public-status-page-maintenance-notices.ts; apps/web/app/(portal)/portal/public-status-page-maintenance-notices/page.tsx; supabase/migrations/<timestamp>_public_status_page_maintenance_notices.sql
P2,27,Public Status Page Maintenance Notices,public-status-page-maintenance-notices,communications,create migration and RLS,apps/api/src/routes/public-status-page-maintenance-notices.ts; apps/api/src/validators/public-status-page-maintenance-notices.ts; packages/sdk/src/public-status-page-maintenance-notices.ts; apps/web/app/(portal)/portal/public-status-page-maintenance-notices/page.tsx; supabase/migrations/<timestamp>_public_status_page_maintenance_notices.sql
P2,27,Public Status Page Maintenance Notices,public-status-page-maintenance-notices,communications,add validator/service/API route,apps/api/src/routes/public-status-page-maintenance-notices.ts; apps/api/src/validators/public-status-page-maintenance-notices.ts; packages/sdk/src/public-status-page-maintenance-notices.ts; apps/web/app/(portal)/portal/public-status-page-maintenance-notices/page.tsx; supabase/migrations/<timestamp>_public_status_page_maintenance_notices.sql
P2,27,Public Status Page Maintenance Notices,public-status-page-maintenance-notices,communications,register API route,apps/api/src/routes/public-status-page-maintenance-notices.ts; apps/api/src/validators/public-status-page-maintenance-notices.ts; packages/sdk/src/public-status-page-maintenance-notices.ts; apps/web/app/(portal)/portal/public-status-page-maintenance-notices/page.tsx; supabase/migrations/<timestamp>_public_status_page_maintenance_notices.sql
P2,27,Public Status Page Maintenance Notices,public-status-page-maintenance-notices,communications,add SDK wrapper,apps/api/src/routes/public-status-page-maintenance-notices.ts; apps/api/src/validators/public-status-page-maintenance-notices.ts; packages/sdk/src/public-status-page-maintenance-notices.ts; apps/web/app/(portal)/portal/public-status-page-maintenance-notices/page.tsx; supabase/migrations/<timestamp>_public_status_page_maintenance_notices.sql
P2,27,Public Status Page Maintenance Notices,public-status-page-maintenance-notices,communications,add portal UI,apps/api/src/routes/public-status-page-maintenance-notices.ts; apps/api/src/validators/public-status-page-maintenance-notices.ts; packages/sdk/src/public-status-page-maintenance-notices.ts; apps/web/app/(portal)/portal/public-status-page-maintenance-notices/page.tsx; supabase/migrations/<timestamp>_public_status_page_maintenance_notices.sql
P2,27,Public Status Page Maintenance Notices,public-status-page-maintenance-notices,communications,add worker task if needed,apps/api/src/routes/public-status-page-maintenance-notices.ts; apps/api/src/validators/public-status-page-maintenance-notices.ts; packages/sdk/src/public-status-page-maintenance-notices.ts; apps/web/app/(portal)/portal/public-status-page-maintenance-notices/page.tsx; supabase/migrations/<timestamp>_public_status_page_maintenance_notices.sql
P2,27,Public Status Page Maintenance Notices,public-status-page-maintenance-notices,communications,add tests/E2E,apps/api/src/routes/public-status-page-maintenance-notices.ts; apps/api/src/validators/public-status-page-maintenance-notices.ts; packages/sdk/src/public-status-page-maintenance-notices.ts; apps/web/app/(portal)/portal/public-status-page-maintenance-notices/page.tsx; supabase/migrations/<timestamp>_public_status_page_maintenance_notices.sql
P2,27,Public Status Page Maintenance Notices,public-status-page-maintenance-notices,communications,add docs/runbook,apps/api/src/routes/public-status-page-maintenance-notices.ts; apps/api/src/validators/public-status-page-maintenance-notices.ts; packages/sdk/src/public-status-page-maintenance-notices.ts; apps/web/app/(portal)/portal/public-status-page-maintenance-notices/page.tsx; supabase/migrations/<timestamp>_public_status_page_maintenance_notices.sql
P2,27,Public Status Page Maintenance Notices,public-status-page-maintenance-notices,communications,run audit prompt and remediate,apps/api/src/routes/public-status-page-maintenance-notices.ts; apps/api/src/validators/public-status-page-maintenance-notices.ts; packages/sdk/src/public-status-page-maintenance-notices.ts; apps/web/app/(portal)/portal/public-status-page-maintenance-notices/page.tsx; supabase/migrations/<timestamp>_public_status_page_maintenance_notices.sql
P2,28,Website Uptime SSL Lighthouse Monitor,website-uptime-ssl-lighthouse-monitor,web-ops,write deep spec,apps/api/src/routes/website-uptime-ssl-lighthouse-monitor.ts; apps/api/src/validators/website-uptime-ssl-lighthouse-monitor.ts; packages/sdk/src/website-uptime-ssl-lighthouse-monitor.ts; apps/web/app/(portal)/portal/website-uptime-ssl-lighthouse-monitor/page.tsx; supabase/migrations/<timestamp>_website_uptime_ssl_lighthouse_monitor.sql
P2,28,Website Uptime SSL Lighthouse Monitor,website-uptime-ssl-lighthouse-monitor,web-ops,create migration and RLS,apps/api/src/routes/website-uptime-ssl-lighthouse-monitor.ts; apps/api/src/validators/website-uptime-ssl-lighthouse-monitor.ts; packages/sdk/src/website-uptime-ssl-lighthouse-monitor.ts; apps/web/app/(portal)/portal/website-uptime-ssl-lighthouse-monitor/page.tsx; supabase/migrations/<timestamp>_website_uptime_ssl_lighthouse_monitor.sql
P2,28,Website Uptime SSL Lighthouse Monitor,website-uptime-ssl-lighthouse-monitor,web-ops,add validator/service/API route,apps/api/src/routes/website-uptime-ssl-lighthouse-monitor.ts; apps/api/src/validators/website-uptime-ssl-lighthouse-monitor.ts; packages/sdk/src/website-uptime-ssl-lighthouse-monitor.ts; apps/web/app/(portal)/portal/website-uptime-ssl-lighthouse-monitor/page.tsx; supabase/migrations/<timestamp>_website_uptime_ssl_lighthouse_monitor.sql
P2,28,Website Uptime SSL Lighthouse Monitor,website-uptime-ssl-lighthouse-monitor,web-ops,register API route,apps/api/src/routes/website-uptime-ssl-lighthouse-monitor.ts; apps/api/src/validators/website-uptime-ssl-lighthouse-monitor.ts; packages/sdk/src/website-uptime-ssl-lighthouse-monitor.ts; apps/web/app/(portal)/portal/website-uptime-ssl-lighthouse-monitor/page.tsx; supabase/migrations/<timestamp>_website_uptime_ssl_lighthouse_monitor.sql
P2,28,Website Uptime SSL Lighthouse Monitor,website-uptime-ssl-lighthouse-monitor,web-ops,add SDK wrapper,apps/api/src/routes/website-uptime-ssl-lighthouse-monitor.ts; apps/api/src/validators/website-uptime-ssl-lighthouse-monitor.ts; packages/sdk/src/website-uptime-ssl-lighthouse-monitor.ts; apps/web/app/(portal)/portal/website-uptime-ssl-lighthouse-monitor/page.tsx; supabase/migrations/<timestamp>_website_uptime_ssl_lighthouse_monitor.sql
P2,28,Website Uptime SSL Lighthouse Monitor,website-uptime-ssl-lighthouse-monitor,web-ops,add portal UI,apps/api/src/routes/website-uptime-ssl-lighthouse-monitor.ts; apps/api/src/validators/website-uptime-ssl-lighthouse-monitor.ts; packages/sdk/src/website-uptime-ssl-lighthouse-monitor.ts; apps/web/app/(portal)/portal/website-uptime-ssl-lighthouse-monitor/page.tsx; supabase/migrations/<timestamp>_website_uptime_ssl_lighthouse_monitor.sql
P2,28,Website Uptime SSL Lighthouse Monitor,website-uptime-ssl-lighthouse-monitor,web-ops,add worker task if needed,apps/api/src/routes/website-uptime-ssl-lighthouse-monitor.ts; apps/api/src/validators/website-uptime-ssl-lighthouse-monitor.ts; packages/sdk/src/website-uptime-ssl-lighthouse-monitor.ts; apps/web/app/(portal)/portal/website-uptime-ssl-lighthouse-monitor/page.tsx; supabase/migrations/<timestamp>_website_uptime_ssl_lighthouse_monitor.sql
P2,28,Website Uptime SSL Lighthouse Monitor,website-uptime-ssl-lighthouse-monitor,web-ops,add tests/E2E,apps/api/src/routes/website-uptime-ssl-lighthouse-monitor.ts; apps/api/src/validators/website-uptime-ssl-lighthouse-monitor.ts; packages/sdk/src/website-uptime-ssl-lighthouse-monitor.ts; apps/web/app/(portal)/portal/website-uptime-ssl-lighthouse-monitor/page.tsx; supabase/migrations/<timestamp>_website_uptime_ssl_lighthouse_monitor.sql
P2,28,Website Uptime SSL Lighthouse Monitor,website-uptime-ssl-lighthouse-monitor,web-ops,add docs/runbook,apps/api/src/routes/website-uptime-ssl-lighthouse-monitor.ts; apps/api/src/validators/website-uptime-ssl-lighthouse-monitor.ts; packages/sdk/src/website-uptime-ssl-lighthouse-monitor.ts; apps/web/app/(portal)/portal/website-uptime-ssl-lighthouse-monitor/page.tsx; supabase/migrations/<timestamp>_website_uptime_ssl_lighthouse_monitor.sql
P2,28,Website Uptime SSL Lighthouse Monitor,website-uptime-ssl-lighthouse-monitor,web-ops,run audit prompt and remediate,apps/api/src/routes/website-uptime-ssl-lighthouse-monitor.ts; apps/api/src/validators/website-uptime-ssl-lighthouse-monitor.ts; packages/sdk/src/website-uptime-ssl-lighthouse-monitor.ts; apps/web/app/(portal)/portal/website-uptime-ssl-lighthouse-monitor/page.tsx; supabase/migrations/<timestamp>_website_uptime_ssl_lighthouse_monitor.sql
P2,29,Network Port Map Patch Panel Tracker,network-port-map-patch-panel-tracker,networking,write deep spec,apps/api/src/routes/network-port-map-patch-panel-tracker.ts; apps/api/src/validators/network-port-map-patch-panel-tracker.ts; packages/sdk/src/network-port-map-patch-panel-tracker.ts; apps/web/app/(portal)/portal/network-port-map-patch-panel-tracker/page.tsx; supabase/migrations/<timestamp>_network_port_map_patch_panel_tracker.sql
P2,29,Network Port Map Patch Panel Tracker,network-port-map-patch-panel-tracker,networking,create migration and RLS,apps/api/src/routes/network-port-map-patch-panel-tracker.ts; apps/api/src/validators/network-port-map-patch-panel-tracker.ts; packages/sdk/src/network-port-map-patch-panel-tracker.ts; apps/web/app/(portal)/portal/network-port-map-patch-panel-tracker/page.tsx; supabase/migrations/<timestamp>_network_port_map_patch_panel_tracker.sql
P2,29,Network Port Map Patch Panel Tracker,network-port-map-patch-panel-tracker,networking,add validator/service/API route,apps/api/src/routes/network-port-map-patch-panel-tracker.ts; apps/api/src/validators/network-port-map-patch-panel-tracker.ts; packages/sdk/src/network-port-map-patch-panel-tracker.ts; apps/web/app/(portal)/portal/network-port-map-patch-panel-tracker/page.tsx; supabase/migrations/<timestamp>_network_port_map_patch_panel_tracker.sql
P2,29,Network Port Map Patch Panel Tracker,network-port-map-patch-panel-tracker,networking,register API route,apps/api/src/routes/network-port-map-patch-panel-tracker.ts; apps/api/src/validators/network-port-map-patch-panel-tracker.ts; packages/sdk/src/network-port-map-patch-panel-tracker.ts; apps/web/app/(portal)/portal/network-port-map-patch-panel-tracker/page.tsx; supabase/migrations/<timestamp>_network_port_map_patch_panel_tracker.sql
P2,29,Network Port Map Patch Panel Tracker,network-port-map-patch-panel-tracker,networking,add SDK wrapper,apps/api/src/routes/network-port-map-patch-panel-tracker.ts; apps/api/src/validators/network-port-map-patch-panel-tracker.ts; packages/sdk/src/network-port-map-patch-panel-tracker.ts; apps/web/app/(portal)/portal/network-port-map-patch-panel-tracker/page.tsx; supabase/migrations/<timestamp>_network_port_map_patch_panel_tracker.sql
P2,29,Network Port Map Patch Panel Tracker,network-port-map-patch-panel-tracker,networking,add portal UI,apps/api/src/routes/network-port-map-patch-panel-tracker.ts; apps/api/src/validators/network-port-map-patch-panel-tracker.ts; packages/sdk/src/network-port-map-patch-panel-tracker.ts; apps/web/app/(portal)/portal/network-port-map-patch-panel-tracker/page.tsx; supabase/migrations/<timestamp>_network_port_map_patch_panel_tracker.sql
P2,29,Network Port Map Patch Panel Tracker,network-port-map-patch-panel-tracker,networking,add worker task if needed,apps/api/src/routes/network-port-map-patch-panel-tracker.ts; apps/api/src/validators/network-port-map-patch-panel-tracker.ts; packages/sdk/src/network-port-map-patch-panel-tracker.ts; apps/web/app/(portal)/portal/network-port-map-patch-panel-tracker/page.tsx; supabase/migrations/<timestamp>_network_port_map_patch_panel_tracker.sql
P2,29,Network Port Map Patch Panel Tracker,network-port-map-patch-panel-tracker,networking,add tests/E2E,apps/api/src/routes/network-port-map-patch-panel-tracker.ts; apps/api/src/validators/network-port-map-patch-panel-tracker.ts; packages/sdk/src/network-port-map-patch-panel-tracker.ts; apps/web/app/(portal)/portal/network-port-map-patch-panel-tracker/page.tsx; supabase/migrations/<timestamp>_network_port_map_patch_panel_tracker.sql
P2,29,Network Port Map Patch Panel Tracker,network-port-map-patch-panel-tracker,networking,add docs/runbook,apps/api/src/routes/network-port-map-patch-panel-tracker.ts; apps/api/src/validators/network-port-map-patch-panel-tracker.ts; packages/sdk/src/network-port-map-patch-panel-tracker.ts; apps/web/app/(portal)/portal/network-port-map-patch-panel-tracker/page.tsx; supabase/migrations/<timestamp>_network_port_map_patch_panel_tracker.sql
P2,29,Network Port Map Patch Panel Tracker,network-port-map-patch-panel-tracker,networking,run audit prompt and remediate,apps/api/src/routes/network-port-map-patch-panel-tracker.ts; apps/api/src/validators/network-port-map-patch-panel-tracker.ts; packages/sdk/src/network-port-map-patch-panel-tracker.ts; apps/web/app/(portal)/portal/network-port-map-patch-panel-tracker/page.tsx; supabase/migrations/<timestamp>_network_port_map_patch_panel_tracker.sql
P3,30,Camera Retention Storage Calculator,camera-retention-storage-calculator,field-services,write deep spec,apps/api/src/routes/camera-retention-storage-calculator.ts; apps/api/src/validators/camera-retention-storage-calculator.ts; packages/sdk/src/camera-retention-storage-calculator.ts; apps/web/app/(portal)/portal/camera-retention-storage-calculator/page.tsx; supabase/migrations/<timestamp>_camera_retention_storage_calculator.sql
P3,30,Camera Retention Storage Calculator,camera-retention-storage-calculator,field-services,create migration and RLS,apps/api/src/routes/camera-retention-storage-calculator.ts; apps/api/src/validators/camera-retention-storage-calculator.ts; packages/sdk/src/camera-retention-storage-calculator.ts; apps/web/app/(portal)/portal/camera-retention-storage-calculator/page.tsx; supabase/migrations/<timestamp>_camera_retention_storage_calculator.sql
P3,30,Camera Retention Storage Calculator,camera-retention-storage-calculator,field-services,add validator/service/API route,apps/api/src/routes/camera-retention-storage-calculator.ts; apps/api/src/validators/camera-retention-storage-calculator.ts; packages/sdk/src/camera-retention-storage-calculator.ts; apps/web/app/(portal)/portal/camera-retention-storage-calculator/page.tsx; supabase/migrations/<timestamp>_camera_retention_storage_calculator.sql
P3,30,Camera Retention Storage Calculator,camera-retention-storage-calculator,field-services,register API route,apps/api/src/routes/camera-retention-storage-calculator.ts; apps/api/src/validators/camera-retention-storage-calculator.ts; packages/sdk/src/camera-retention-storage-calculator.ts; apps/web/app/(portal)/portal/camera-retention-storage-calculator/page.tsx; supabase/migrations/<timestamp>_camera_retention_storage_calculator.sql
P3,30,Camera Retention Storage Calculator,camera-retention-storage-calculator,field-services,add SDK wrapper,apps/api/src/routes/camera-retention-storage-calculator.ts; apps/api/src/validators/camera-retention-storage-calculator.ts; packages/sdk/src/camera-retention-storage-calculator.ts; apps/web/app/(portal)/portal/camera-retention-storage-calculator/page.tsx; supabase/migrations/<timestamp>_camera_retention_storage_calculator.sql
P3,30,Camera Retention Storage Calculator,camera-retention-storage-calculator,field-services,add portal UI,apps/api/src/routes/camera-retention-storage-calculator.ts; apps/api/src/validators/camera-retention-storage-calculator.ts; packages/sdk/src/camera-retention-storage-calculator.ts; apps/web/app/(portal)/portal/camera-retention-storage-calculator/page.tsx; supabase/migrations/<timestamp>_camera_retention_storage_calculator.sql
P3,30,Camera Retention Storage Calculator,camera-retention-storage-calculator,field-services,add worker task if needed,apps/api/src/routes/camera-retention-storage-calculator.ts; apps/api/src/validators/camera-retention-storage-calculator.ts; packages/sdk/src/camera-retention-storage-calculator.ts; apps/web/app/(portal)/portal/camera-retention-storage-calculator/page.tsx; supabase/migrations/<timestamp>_camera_retention_storage_calculator.sql
P3,30,Camera Retention Storage Calculator,camera-retention-storage-calculator,field-services,add tests/E2E,apps/api/src/routes/camera-retention-storage-calculator.ts; apps/api/src/validators/camera-retention-storage-calculator.ts; packages/sdk/src/camera-retention-storage-calculator.ts; apps/web/app/(portal)/portal/camera-retention-storage-calculator/page.tsx; supabase/migrations/<timestamp>_camera_retention_storage_calculator.sql
P3,30,Camera Retention Storage Calculator,camera-retention-storage-calculator,field-services,add docs/runbook,apps/api/src/routes/camera-retention-storage-calculator.ts; apps/api/src/validators/camera-retention-storage-calculator.ts; packages/sdk/src/camera-retention-storage-calculator.ts; apps/web/app/(portal)/portal/camera-retention-storage-calculator/page.tsx; supabase/migrations/<timestamp>_camera_retention_storage_calculator.sql
P3,30,Camera Retention Storage Calculator,camera-retention-storage-calculator,field-services,run audit prompt and remediate,apps/api/src/routes/camera-retention-storage-calculator.ts; apps/api/src/validators/camera-retention-storage-calculator.ts; packages/sdk/src/camera-retention-storage-calculator.ts; apps/web/app/(portal)/portal/camera-retention-storage-calculator/page.tsx; supabase/migrations/<timestamp>_camera_retention_storage_calculator.sql
P2,31,PowerShell Script Builder Policy Guard,powershell-script-builder-policy-guard,automation-ai,write deep spec,apps/api/src/routes/powershell-script-builder-policy-guard.ts; apps/api/src/validators/powershell-script-builder-policy-guard.ts; packages/sdk/src/powershell-script-builder-policy-guard.ts; apps/web/app/(portal)/portal/powershell-script-builder-policy-guard/page.tsx; supabase/migrations/<timestamp>_powershell_script_builder_policy_guard.sql
P2,31,PowerShell Script Builder Policy Guard,powershell-script-builder-policy-guard,automation-ai,create migration and RLS,apps/api/src/routes/powershell-script-builder-policy-guard.ts; apps/api/src/validators/powershell-script-builder-policy-guard.ts; packages/sdk/src/powershell-script-builder-policy-guard.ts; apps/web/app/(portal)/portal/powershell-script-builder-policy-guard/page.tsx; supabase/migrations/<timestamp>_powershell_script_builder_policy_guard.sql
P2,31,PowerShell Script Builder Policy Guard,powershell-script-builder-policy-guard,automation-ai,add validator/service/API route,apps/api/src/routes/powershell-script-builder-policy-guard.ts; apps/api/src/validators/powershell-script-builder-policy-guard.ts; packages/sdk/src/powershell-script-builder-policy-guard.ts; apps/web/app/(portal)/portal/powershell-script-builder-policy-guard/page.tsx; supabase/migrations/<timestamp>_powershell_script_builder_policy_guard.sql
P2,31,PowerShell Script Builder Policy Guard,powershell-script-builder-policy-guard,automation-ai,register API route,apps/api/src/routes/powershell-script-builder-policy-guard.ts; apps/api/src/validators/powershell-script-builder-policy-guard.ts; packages/sdk/src/powershell-script-builder-policy-guard.ts; apps/web/app/(portal)/portal/powershell-script-builder-policy-guard/page.tsx; supabase/migrations/<timestamp>_powershell_script_builder_policy_guard.sql
P2,31,PowerShell Script Builder Policy Guard,powershell-script-builder-policy-guard,automation-ai,add SDK wrapper,apps/api/src/routes/powershell-script-builder-policy-guard.ts; apps/api/src/validators/powershell-script-builder-policy-guard.ts; packages/sdk/src/powershell-script-builder-policy-guard.ts; apps/web/app/(portal)/portal/powershell-script-builder-policy-guard/page.tsx; supabase/migrations/<timestamp>_powershell_script_builder_policy_guard.sql
P2,31,PowerShell Script Builder Policy Guard,powershell-script-builder-policy-guard,automation-ai,add portal UI,apps/api/src/routes/powershell-script-builder-policy-guard.ts; apps/api/src/validators/powershell-script-builder-policy-guard.ts; packages/sdk/src/powershell-script-builder-policy-guard.ts; apps/web/app/(portal)/portal/powershell-script-builder-policy-guard/page.tsx; supabase/migrations/<timestamp>_powershell_script_builder_policy_guard.sql
P2,31,PowerShell Script Builder Policy Guard,powershell-script-builder-policy-guard,automation-ai,add worker task if needed,apps/api/src/routes/powershell-script-builder-policy-guard.ts; apps/api/src/validators/powershell-script-builder-policy-guard.ts; packages/sdk/src/powershell-script-builder-policy-guard.ts; apps/web/app/(portal)/portal/powershell-script-builder-policy-guard/page.tsx; supabase/migrations/<timestamp>_powershell_script_builder_policy_guard.sql
P2,31,PowerShell Script Builder Policy Guard,powershell-script-builder-policy-guard,automation-ai,add tests/E2E,apps/api/src/routes/powershell-script-builder-policy-guard.ts; apps/api/src/validators/powershell-script-builder-policy-guard.ts; packages/sdk/src/powershell-script-builder-policy-guard.ts; apps/web/app/(portal)/portal/powershell-script-builder-policy-guard/page.tsx; supabase/migrations/<timestamp>_powershell_script_builder_policy_guard.sql
P2,31,PowerShell Script Builder Policy Guard,powershell-script-builder-policy-guard,automation-ai,add docs/runbook,apps/api/src/routes/powershell-script-builder-policy-guard.ts; apps/api/src/validators/powershell-script-builder-policy-guard.ts; packages/sdk/src/powershell-script-builder-policy-guard.ts; apps/web/app/(portal)/portal/powershell-script-builder-policy-guard/page.tsx; supabase/migrations/<timestamp>_powershell_script_builder_policy_guard.sql
P2,31,PowerShell Script Builder Policy Guard,powershell-script-builder-policy-guard,automation-ai,run audit prompt and remediate,apps/api/src/routes/powershell-script-builder-policy-guard.ts; apps/api/src/validators/powershell-script-builder-policy-guard.ts; packages/sdk/src/powershell-script-builder-policy-guard.ts; apps/web/app/(portal)/portal/powershell-script-builder-policy-guard/page.tsx; supabase/migrations/<timestamp>_powershell_script_builder_policy_guard.sql
P2,32,Client Runbook Builder,client-runbook-builder,documentation,write deep spec,apps/api/src/routes/client-runbook-builder.ts; apps/api/src/validators/client-runbook-builder.ts; packages/sdk/src/client-runbook-builder.ts; apps/web/app/(portal)/portal/client-runbook-builder/page.tsx; supabase/migrations/<timestamp>_client_runbook_builder.sql
P2,32,Client Runbook Builder,client-runbook-builder,documentation,create migration and RLS,apps/api/src/routes/client-runbook-builder.ts; apps/api/src/validators/client-runbook-builder.ts; packages/sdk/src/client-runbook-builder.ts; apps/web/app/(portal)/portal/client-runbook-builder/page.tsx; supabase/migrations/<timestamp>_client_runbook_builder.sql
P2,32,Client Runbook Builder,client-runbook-builder,documentation,add validator/service/API route,apps/api/src/routes/client-runbook-builder.ts; apps/api/src/validators/client-runbook-builder.ts; packages/sdk/src/client-runbook-builder.ts; apps/web/app/(portal)/portal/client-runbook-builder/page.tsx; supabase/migrations/<timestamp>_client_runbook_builder.sql
P2,32,Client Runbook Builder,client-runbook-builder,documentation,register API route,apps/api/src/routes/client-runbook-builder.ts; apps/api/src/validators/client-runbook-builder.ts; packages/sdk/src/client-runbook-builder.ts; apps/web/app/(portal)/portal/client-runbook-builder/page.tsx; supabase/migrations/<timestamp>_client_runbook_builder.sql
P2,32,Client Runbook Builder,client-runbook-builder,documentation,add SDK wrapper,apps/api/src/routes/client-runbook-builder.ts; apps/api/src/validators/client-runbook-builder.ts; packages/sdk/src/client-runbook-builder.ts; apps/web/app/(portal)/portal/client-runbook-builder/page.tsx; supabase/migrations/<timestamp>_client_runbook_builder.sql
P2,32,Client Runbook Builder,client-runbook-builder,documentation,add portal UI,apps/api/src/routes/client-runbook-builder.ts; apps/api/src/validators/client-runbook-builder.ts; packages/sdk/src/client-runbook-builder.ts; apps/web/app/(portal)/portal/client-runbook-builder/page.tsx; supabase/migrations/<timestamp>_client_runbook_builder.sql
P2,32,Client Runbook Builder,client-runbook-builder,documentation,add worker task if needed,apps/api/src/routes/client-runbook-builder.ts; apps/api/src/validators/client-runbook-builder.ts; packages/sdk/src/client-runbook-builder.ts; apps/web/app/(portal)/portal/client-runbook-builder/page.tsx; supabase/migrations/<timestamp>_client_runbook_builder.sql
P2,32,Client Runbook Builder,client-runbook-builder,documentation,add tests/E2E,apps/api/src/routes/client-runbook-builder.ts; apps/api/src/validators/client-runbook-builder.ts; packages/sdk/src/client-runbook-builder.ts; apps/web/app/(portal)/portal/client-runbook-builder/page.tsx; supabase/migrations/<timestamp>_client_runbook_builder.sql
P2,32,Client Runbook Builder,client-runbook-builder,documentation,add docs/runbook,apps/api/src/routes/client-runbook-builder.ts; apps/api/src/validators/client-runbook-builder.ts; packages/sdk/src/client-runbook-builder.ts; apps/web/app/(portal)/portal/client-runbook-builder/page.tsx; supabase/migrations/<timestamp>_client_runbook_builder.sql
P2,32,Client Runbook Builder,client-runbook-builder,documentation,run audit prompt and remediate,apps/api/src/routes/client-runbook-builder.ts; apps/api/src/validators/client-runbook-builder.ts; packages/sdk/src/client-runbook-builder.ts; apps/web/app/(portal)/portal/client-runbook-builder/page.tsx; supabase/migrations/<timestamp>_client_runbook_builder.sql
P2,33,Change Advisory Mini-CAB Tool,change-advisory-mini-cab-tool,governance,write deep spec,apps/api/src/routes/change-advisory-mini-cab-tool.ts; apps/api/src/validators/change-advisory-mini-cab-tool.ts; packages/sdk/src/change-advisory-mini-cab-tool.ts; apps/web/app/(portal)/portal/change-advisory-mini-cab-tool/page.tsx; supabase/migrations/<timestamp>_change_advisory_mini_cab_tool.sql
P2,33,Change Advisory Mini-CAB Tool,change-advisory-mini-cab-tool,governance,create migration and RLS,apps/api/src/routes/change-advisory-mini-cab-tool.ts; apps/api/src/validators/change-advisory-mini-cab-tool.ts; packages/sdk/src/change-advisory-mini-cab-tool.ts; apps/web/app/(portal)/portal/change-advisory-mini-cab-tool/page.tsx; supabase/migrations/<timestamp>_change_advisory_mini_cab_tool.sql
P2,33,Change Advisory Mini-CAB Tool,change-advisory-mini-cab-tool,governance,add validator/service/API route,apps/api/src/routes/change-advisory-mini-cab-tool.ts; apps/api/src/validators/change-advisory-mini-cab-tool.ts; packages/sdk/src/change-advisory-mini-cab-tool.ts; apps/web/app/(portal)/portal/change-advisory-mini-cab-tool/page.tsx; supabase/migrations/<timestamp>_change_advisory_mini_cab_tool.sql
P2,33,Change Advisory Mini-CAB Tool,change-advisory-mini-cab-tool,governance,register API route,apps/api/src/routes/change-advisory-mini-cab-tool.ts; apps/api/src/validators/change-advisory-mini-cab-tool.ts; packages/sdk/src/change-advisory-mini-cab-tool.ts; apps/web/app/(portal)/portal/change-advisory-mini-cab-tool/page.tsx; supabase/migrations/<timestamp>_change_advisory_mini_cab_tool.sql
P2,33,Change Advisory Mini-CAB Tool,change-advisory-mini-cab-tool,governance,add SDK wrapper,apps/api/src/routes/change-advisory-mini-cab-tool.ts; apps/api/src/validators/change-advisory-mini-cab-tool.ts; packages/sdk/src/change-advisory-mini-cab-tool.ts; apps/web/app/(portal)/portal/change-advisory-mini-cab-tool/page.tsx; supabase/migrations/<timestamp>_change_advisory_mini_cab_tool.sql
P2,33,Change Advisory Mini-CAB Tool,change-advisory-mini-cab-tool,governance,add portal UI,apps/api/src/routes/change-advisory-mini-cab-tool.ts; apps/api/src/validators/change-advisory-mini-cab-tool.ts; packages/sdk/src/change-advisory-mini-cab-tool.ts; apps/web/app/(portal)/portal/change-advisory-mini-cab-tool/page.tsx; supabase/migrations/<timestamp>_change_advisory_mini_cab_tool.sql
P2,33,Change Advisory Mini-CAB Tool,change-advisory-mini-cab-tool,governance,add worker task if needed,apps/api/src/routes/change-advisory-mini-cab-tool.ts; apps/api/src/validators/change-advisory-mini-cab-tool.ts; packages/sdk/src/change-advisory-mini-cab-tool.ts; apps/web/app/(portal)/portal/change-advisory-mini-cab-tool/page.tsx; supabase/migrations/<timestamp>_change_advisory_mini_cab_tool.sql
P2,33,Change Advisory Mini-CAB Tool,change-advisory-mini-cab-tool,governance,add tests/E2E,apps/api/src/routes/change-advisory-mini-cab-tool.ts; apps/api/src/validators/change-advisory-mini-cab-tool.ts; packages/sdk/src/change-advisory-mini-cab-tool.ts; apps/web/app/(portal)/portal/change-advisory-mini-cab-tool/page.tsx; supabase/migrations/<timestamp>_change_advisory_mini_cab_tool.sql
P2,33,Change Advisory Mini-CAB Tool,change-advisory-mini-cab-tool,governance,add docs/runbook,apps/api/src/routes/change-advisory-mini-cab-tool.ts; apps/api/src/validators/change-advisory-mini-cab-tool.ts; packages/sdk/src/change-advisory-mini-cab-tool.ts; apps/web/app/(portal)/portal/change-advisory-mini-cab-tool/page.tsx; supabase/migrations/<timestamp>_change_advisory_mini_cab_tool.sql
P2,33,Change Advisory Mini-CAB Tool,change-advisory-mini-cab-tool,governance,run audit prompt and remediate,apps/api/src/routes/change-advisory-mini-cab-tool.ts; apps/api/src/validators/change-advisory-mini-cab-tool.ts; packages/sdk/src/change-advisory-mini-cab-tool.ts; apps/web/app/(portal)/portal/change-advisory-mini-cab-tool/page.tsx; supabase/migrations/<timestamp>_change_advisory_mini_cab_tool.sql
P2,34,Vendor Contract Renewal Calendar,vendor-contract-renewal-calendar,business-ops,write deep spec,apps/api/src/routes/vendor-contract-renewal-calendar.ts; apps/api/src/validators/vendor-contract-renewal-calendar.ts; packages/sdk/src/vendor-contract-renewal-calendar.ts; apps/web/app/(portal)/portal/vendor-contract-renewal-calendar/page.tsx; supabase/migrations/<timestamp>_vendor_contract_renewal_calendar.sql
P2,34,Vendor Contract Renewal Calendar,vendor-contract-renewal-calendar,business-ops,create migration and RLS,apps/api/src/routes/vendor-contract-renewal-calendar.ts; apps/api/src/validators/vendor-contract-renewal-calendar.ts; packages/sdk/src/vendor-contract-renewal-calendar.ts; apps/web/app/(portal)/portal/vendor-contract-renewal-calendar/page.tsx; supabase/migrations/<timestamp>_vendor_contract_renewal_calendar.sql
P2,34,Vendor Contract Renewal Calendar,vendor-contract-renewal-calendar,business-ops,add validator/service/API route,apps/api/src/routes/vendor-contract-renewal-calendar.ts; apps/api/src/validators/vendor-contract-renewal-calendar.ts; packages/sdk/src/vendor-contract-renewal-calendar.ts; apps/web/app/(portal)/portal/vendor-contract-renewal-calendar/page.tsx; supabase/migrations/<timestamp>_vendor_contract_renewal_calendar.sql
P2,34,Vendor Contract Renewal Calendar,vendor-contract-renewal-calendar,business-ops,register API route,apps/api/src/routes/vendor-contract-renewal-calendar.ts; apps/api/src/validators/vendor-contract-renewal-calendar.ts; packages/sdk/src/vendor-contract-renewal-calendar.ts; apps/web/app/(portal)/portal/vendor-contract-renewal-calendar/page.tsx; supabase/migrations/<timestamp>_vendor_contract_renewal_calendar.sql
P2,34,Vendor Contract Renewal Calendar,vendor-contract-renewal-calendar,business-ops,add SDK wrapper,apps/api/src/routes/vendor-contract-renewal-calendar.ts; apps/api/src/validators/vendor-contract-renewal-calendar.ts; packages/sdk/src/vendor-contract-renewal-calendar.ts; apps/web/app/(portal)/portal/vendor-contract-renewal-calendar/page.tsx; supabase/migrations/<timestamp>_vendor_contract_renewal_calendar.sql
P2,34,Vendor Contract Renewal Calendar,vendor-contract-renewal-calendar,business-ops,add portal UI,apps/api/src/routes/vendor-contract-renewal-calendar.ts; apps/api/src/validators/vendor-contract-renewal-calendar.ts; packages/sdk/src/vendor-contract-renewal-calendar.ts; apps/web/app/(portal)/portal/vendor-contract-renewal-calendar/page.tsx; supabase/migrations/<timestamp>_vendor_contract_renewal_calendar.sql
P2,34,Vendor Contract Renewal Calendar,vendor-contract-renewal-calendar,business-ops,add worker task if needed,apps/api/src/routes/vendor-contract-renewal-calendar.ts; apps/api/src/validators/vendor-contract-renewal-calendar.ts; packages/sdk/src/vendor-contract-renewal-calendar.ts; apps/web/app/(portal)/portal/vendor-contract-renewal-calendar/page.tsx; supabase/migrations/<timestamp>_vendor_contract_renewal_calendar.sql
P2,34,Vendor Contract Renewal Calendar,vendor-contract-renewal-calendar,business-ops,add tests/E2E,apps/api/src/routes/vendor-contract-renewal-calendar.ts; apps/api/src/validators/vendor-contract-renewal-calendar.ts; packages/sdk/src/vendor-contract-renewal-calendar.ts; apps/web/app/(portal)/portal/vendor-contract-renewal-calendar/page.tsx; supabase/migrations/<timestamp>_vendor_contract_renewal_calendar.sql
P2,34,Vendor Contract Renewal Calendar,vendor-contract-renewal-calendar,business-ops,add docs/runbook,apps/api/src/routes/vendor-contract-renewal-calendar.ts; apps/api/src/validators/vendor-contract-renewal-calendar.ts; packages/sdk/src/vendor-contract-renewal-calendar.ts; apps/web/app/(portal)/portal/vendor-contract-renewal-calendar/page.tsx; supabase/migrations/<timestamp>_vendor_contract_renewal_calendar.sql
P2,34,Vendor Contract Renewal Calendar,vendor-contract-renewal-calendar,business-ops,run audit prompt and remediate,apps/api/src/routes/vendor-contract-renewal-calendar.ts; apps/api/src/validators/vendor-contract-renewal-calendar.ts; packages/sdk/src/vendor-contract-renewal-calendar.ts; apps/web/app/(portal)/portal/vendor-contract-renewal-calendar/page.tsx; supabase/migrations/<timestamp>_vendor_contract_renewal_calendar.sql
P2,35,Client Budget Roadmap Planner,client-budget-roadmap-planner,client-success,write deep spec,apps/api/src/routes/client-budget-roadmap-planner.ts; apps/api/src/validators/client-budget-roadmap-planner.ts; packages/sdk/src/client-budget-roadmap-planner.ts; apps/web/app/(portal)/portal/client-budget-roadmap-planner/page.tsx; supabase/migrations/<timestamp>_client_budget_roadmap_planner.sql
P2,35,Client Budget Roadmap Planner,client-budget-roadmap-planner,client-success,create migration and RLS,apps/api/src/routes/client-budget-roadmap-planner.ts; apps/api/src/validators/client-budget-roadmap-planner.ts; packages/sdk/src/client-budget-roadmap-planner.ts; apps/web/app/(portal)/portal/client-budget-roadmap-planner/page.tsx; supabase/migrations/<timestamp>_client_budget_roadmap_planner.sql
P2,35,Client Budget Roadmap Planner,client-budget-roadmap-planner,client-success,add validator/service/API route,apps/api/src/routes/client-budget-roadmap-planner.ts; apps/api/src/validators/client-budget-roadmap-planner.ts; packages/sdk/src/client-budget-roadmap-planner.ts; apps/web/app/(portal)/portal/client-budget-roadmap-planner/page.tsx; supabase/migrations/<timestamp>_client_budget_roadmap_planner.sql
P2,35,Client Budget Roadmap Planner,client-budget-roadmap-planner,client-success,register API route,apps/api/src/routes/client-budget-roadmap-planner.ts; apps/api/src/validators/client-budget-roadmap-planner.ts; packages/sdk/src/client-budget-roadmap-planner.ts; apps/web/app/(portal)/portal/client-budget-roadmap-planner/page.tsx; supabase/migrations/<timestamp>_client_budget_roadmap_planner.sql
P2,35,Client Budget Roadmap Planner,client-budget-roadmap-planner,client-success,add SDK wrapper,apps/api/src/routes/client-budget-roadmap-planner.ts; apps/api/src/validators/client-budget-roadmap-planner.ts; packages/sdk/src/client-budget-roadmap-planner.ts; apps/web/app/(portal)/portal/client-budget-roadmap-planner/page.tsx; supabase/migrations/<timestamp>_client_budget_roadmap_planner.sql
P2,35,Client Budget Roadmap Planner,client-budget-roadmap-planner,client-success,add portal UI,apps/api/src/routes/client-budget-roadmap-planner.ts; apps/api/src/validators/client-budget-roadmap-planner.ts; packages/sdk/src/client-budget-roadmap-planner.ts; apps/web/app/(portal)/portal/client-budget-roadmap-planner/page.tsx; supabase/migrations/<timestamp>_client_budget_roadmap_planner.sql
P2,35,Client Budget Roadmap Planner,client-budget-roadmap-planner,client-success,add worker task if needed,apps/api/src/routes/client-budget-roadmap-planner.ts; apps/api/src/validators/client-budget-roadmap-planner.ts; packages/sdk/src/client-budget-roadmap-planner.ts; apps/web/app/(portal)/portal/client-budget-roadmap-planner/page.tsx; supabase/migrations/<timestamp>_client_budget_roadmap_planner.sql
P2,35,Client Budget Roadmap Planner,client-budget-roadmap-planner,client-success,add tests/E2E,apps/api/src/routes/client-budget-roadmap-planner.ts; apps/api/src/validators/client-budget-roadmap-planner.ts; packages/sdk/src/client-budget-roadmap-planner.ts; apps/web/app/(portal)/portal/client-budget-roadmap-planner/page.tsx; supabase/migrations/<timestamp>_client_budget_roadmap_planner.sql
P2,35,Client Budget Roadmap Planner,client-budget-roadmap-planner,client-success,add docs/runbook,apps/api/src/routes/client-budget-roadmap-planner.ts; apps/api/src/validators/client-budget-roadmap-planner.ts; packages/sdk/src/client-budget-roadmap-planner.ts; apps/web/app/(portal)/portal/client-budget-roadmap-planner/page.tsx; supabase/migrations/<timestamp>_client_budget_roadmap_planner.sql
P2,35,Client Budget Roadmap Planner,client-budget-roadmap-planner,client-success,run audit prompt and remediate,apps/api/src/routes/client-budget-roadmap-planner.ts; apps/api/src/validators/client-budget-roadmap-planner.ts; packages/sdk/src/client-budget-roadmap-planner.ts; apps/web/app/(portal)/portal/client-budget-roadmap-planner/page.tsx; supabase/migrations/<timestamp>_client_budget_roadmap_planner.sql
P1,36,M365 Offboarding Safety Checklist,m365-offboarding-safety-checklist,identity,write deep spec,apps/api/src/routes/m365-offboarding-safety-checklist.ts; apps/api/src/validators/m365-offboarding-safety-checklist.ts; packages/sdk/src/m365-offboarding-safety-checklist.ts; apps/web/app/(portal)/portal/m365-offboarding-safety-checklist/page.tsx; supabase/migrations/<timestamp>_m365_offboarding_safety_checklist.sql
P1,36,M365 Offboarding Safety Checklist,m365-offboarding-safety-checklist,identity,create migration and RLS,apps/api/src/routes/m365-offboarding-safety-checklist.ts; apps/api/src/validators/m365-offboarding-safety-checklist.ts; packages/sdk/src/m365-offboarding-safety-checklist.ts; apps/web/app/(portal)/portal/m365-offboarding-safety-checklist/page.tsx; supabase/migrations/<timestamp>_m365_offboarding_safety_checklist.sql
P1,36,M365 Offboarding Safety Checklist,m365-offboarding-safety-checklist,identity,add validator/service/API route,apps/api/src/routes/m365-offboarding-safety-checklist.ts; apps/api/src/validators/m365-offboarding-safety-checklist.ts; packages/sdk/src/m365-offboarding-safety-checklist.ts; apps/web/app/(portal)/portal/m365-offboarding-safety-checklist/page.tsx; supabase/migrations/<timestamp>_m365_offboarding_safety_checklist.sql
P1,36,M365 Offboarding Safety Checklist,m365-offboarding-safety-checklist,identity,register API route,apps/api/src/routes/m365-offboarding-safety-checklist.ts; apps/api/src/validators/m365-offboarding-safety-checklist.ts; packages/sdk/src/m365-offboarding-safety-checklist.ts; apps/web/app/(portal)/portal/m365-offboarding-safety-checklist/page.tsx; supabase/migrations/<timestamp>_m365_offboarding_safety_checklist.sql
P1,36,M365 Offboarding Safety Checklist,m365-offboarding-safety-checklist,identity,add SDK wrapper,apps/api/src/routes/m365-offboarding-safety-checklist.ts; apps/api/src/validators/m365-offboarding-safety-checklist.ts; packages/sdk/src/m365-offboarding-safety-checklist.ts; apps/web/app/(portal)/portal/m365-offboarding-safety-checklist/page.tsx; supabase/migrations/<timestamp>_m365_offboarding_safety_checklist.sql
P1,36,M365 Offboarding Safety Checklist,m365-offboarding-safety-checklist,identity,add portal UI,apps/api/src/routes/m365-offboarding-safety-checklist.ts; apps/api/src/validators/m365-offboarding-safety-checklist.ts; packages/sdk/src/m365-offboarding-safety-checklist.ts; apps/web/app/(portal)/portal/m365-offboarding-safety-checklist/page.tsx; supabase/migrations/<timestamp>_m365_offboarding_safety_checklist.sql
P1,36,M365 Offboarding Safety Checklist,m365-offboarding-safety-checklist,identity,add worker task if needed,apps/api/src/routes/m365-offboarding-safety-checklist.ts; apps/api/src/validators/m365-offboarding-safety-checklist.ts; packages/sdk/src/m365-offboarding-safety-checklist.ts; apps/web/app/(portal)/portal/m365-offboarding-safety-checklist/page.tsx; supabase/migrations/<timestamp>_m365_offboarding_safety_checklist.sql
P1,36,M365 Offboarding Safety Checklist,m365-offboarding-safety-checklist,identity,add tests/E2E,apps/api/src/routes/m365-offboarding-safety-checklist.ts; apps/api/src/validators/m365-offboarding-safety-checklist.ts; packages/sdk/src/m365-offboarding-safety-checklist.ts; apps/web/app/(portal)/portal/m365-offboarding-safety-checklist/page.tsx; supabase/migrations/<timestamp>_m365_offboarding_safety_checklist.sql
P1,36,M365 Offboarding Safety Checklist,m365-offboarding-safety-checklist,identity,add docs/runbook,apps/api/src/routes/m365-offboarding-safety-checklist.ts; apps/api/src/validators/m365-offboarding-safety-checklist.ts; packages/sdk/src/m365-offboarding-safety-checklist.ts; apps/web/app/(portal)/portal/m365-offboarding-safety-checklist/page.tsx; supabase/migrations/<timestamp>_m365_offboarding_safety_checklist.sql
P1,36,M365 Offboarding Safety Checklist,m365-offboarding-safety-checklist,identity,run audit prompt and remediate,apps/api/src/routes/m365-offboarding-safety-checklist.ts; apps/api/src/validators/m365-offboarding-safety-checklist.ts; packages/sdk/src/m365-offboarding-safety-checklist.ts; apps/web/app/(portal)/portal/m365-offboarding-safety-checklist/page.tsx; supabase/migrations/<timestamp>_m365_offboarding_safety_checklist.sql
P3,37,Phishing Simulation Lite,phishing-simulation-lite,training-security,write deep spec,apps/api/src/routes/phishing-simulation-lite.ts; apps/api/src/validators/phishing-simulation-lite.ts; packages/sdk/src/phishing-simulation-lite.ts; apps/web/app/(portal)/portal/phishing-simulation-lite/page.tsx; supabase/migrations/<timestamp>_phishing_simulation_lite.sql
P3,37,Phishing Simulation Lite,phishing-simulation-lite,training-security,create migration and RLS,apps/api/src/routes/phishing-simulation-lite.ts; apps/api/src/validators/phishing-simulation-lite.ts; packages/sdk/src/phishing-simulation-lite.ts; apps/web/app/(portal)/portal/phishing-simulation-lite/page.tsx; supabase/migrations/<timestamp>_phishing_simulation_lite.sql
P3,37,Phishing Simulation Lite,phishing-simulation-lite,training-security,add validator/service/API route,apps/api/src/routes/phishing-simulation-lite.ts; apps/api/src/validators/phishing-simulation-lite.ts; packages/sdk/src/phishing-simulation-lite.ts; apps/web/app/(portal)/portal/phishing-simulation-lite/page.tsx; supabase/migrations/<timestamp>_phishing_simulation_lite.sql
P3,37,Phishing Simulation Lite,phishing-simulation-lite,training-security,register API route,apps/api/src/routes/phishing-simulation-lite.ts; apps/api/src/validators/phishing-simulation-lite.ts; packages/sdk/src/phishing-simulation-lite.ts; apps/web/app/(portal)/portal/phishing-simulation-lite/page.tsx; supabase/migrations/<timestamp>_phishing_simulation_lite.sql
P3,37,Phishing Simulation Lite,phishing-simulation-lite,training-security,add SDK wrapper,apps/api/src/routes/phishing-simulation-lite.ts; apps/api/src/validators/phishing-simulation-lite.ts; packages/sdk/src/phishing-simulation-lite.ts; apps/web/app/(portal)/portal/phishing-simulation-lite/page.tsx; supabase/migrations/<timestamp>_phishing_simulation_lite.sql
P3,37,Phishing Simulation Lite,phishing-simulation-lite,training-security,add portal UI,apps/api/src/routes/phishing-simulation-lite.ts; apps/api/src/validators/phishing-simulation-lite.ts; packages/sdk/src/phishing-simulation-lite.ts; apps/web/app/(portal)/portal/phishing-simulation-lite/page.tsx; supabase/migrations/<timestamp>_phishing_simulation_lite.sql
P3,37,Phishing Simulation Lite,phishing-simulation-lite,training-security,add worker task if needed,apps/api/src/routes/phishing-simulation-lite.ts; apps/api/src/validators/phishing-simulation-lite.ts; packages/sdk/src/phishing-simulation-lite.ts; apps/web/app/(portal)/portal/phishing-simulation-lite/page.tsx; supabase/migrations/<timestamp>_phishing_simulation_lite.sql
P3,37,Phishing Simulation Lite,phishing-simulation-lite,training-security,add tests/E2E,apps/api/src/routes/phishing-simulation-lite.ts; apps/api/src/validators/phishing-simulation-lite.ts; packages/sdk/src/phishing-simulation-lite.ts; apps/web/app/(portal)/portal/phishing-simulation-lite/page.tsx; supabase/migrations/<timestamp>_phishing_simulation_lite.sql
P3,37,Phishing Simulation Lite,phishing-simulation-lite,training-security,add docs/runbook,apps/api/src/routes/phishing-simulation-lite.ts; apps/api/src/validators/phishing-simulation-lite.ts; packages/sdk/src/phishing-simulation-lite.ts; apps/web/app/(portal)/portal/phishing-simulation-lite/page.tsx; supabase/migrations/<timestamp>_phishing_simulation_lite.sql
P3,37,Phishing Simulation Lite,phishing-simulation-lite,training-security,run audit prompt and remediate,apps/api/src/routes/phishing-simulation-lite.ts; apps/api/src/validators/phishing-simulation-lite.ts; packages/sdk/src/phishing-simulation-lite.ts; apps/web/app/(portal)/portal/phishing-simulation-lite/page.tsx; supabase/migrations/<timestamp>_phishing_simulation_lite.sql
P2,38,Client Satisfaction Pulse Widget,client-satisfaction-pulse-widget,client-success,write deep spec,apps/api/src/routes/client-satisfaction-pulse-widget.ts; apps/api/src/validators/client-satisfaction-pulse-widget.ts; packages/sdk/src/client-satisfaction-pulse-widget.ts; apps/web/app/(portal)/portal/client-satisfaction-pulse-widget/page.tsx; supabase/migrations/<timestamp>_client_satisfaction_pulse_widget.sql
P2,38,Client Satisfaction Pulse Widget,client-satisfaction-pulse-widget,client-success,create migration and RLS,apps/api/src/routes/client-satisfaction-pulse-widget.ts; apps/api/src/validators/client-satisfaction-pulse-widget.ts; packages/sdk/src/client-satisfaction-pulse-widget.ts; apps/web/app/(portal)/portal/client-satisfaction-pulse-widget/page.tsx; supabase/migrations/<timestamp>_client_satisfaction_pulse_widget.sql
P2,38,Client Satisfaction Pulse Widget,client-satisfaction-pulse-widget,client-success,add validator/service/API route,apps/api/src/routes/client-satisfaction-pulse-widget.ts; apps/api/src/validators/client-satisfaction-pulse-widget.ts; packages/sdk/src/client-satisfaction-pulse-widget.ts; apps/web/app/(portal)/portal/client-satisfaction-pulse-widget/page.tsx; supabase/migrations/<timestamp>_client_satisfaction_pulse_widget.sql
P2,38,Client Satisfaction Pulse Widget,client-satisfaction-pulse-widget,client-success,register API route,apps/api/src/routes/client-satisfaction-pulse-widget.ts; apps/api/src/validators/client-satisfaction-pulse-widget.ts; packages/sdk/src/client-satisfaction-pulse-widget.ts; apps/web/app/(portal)/portal/client-satisfaction-pulse-widget/page.tsx; supabase/migrations/<timestamp>_client_satisfaction_pulse_widget.sql
P2,38,Client Satisfaction Pulse Widget,client-satisfaction-pulse-widget,client-success,add SDK wrapper,apps/api/src/routes/client-satisfaction-pulse-widget.ts; apps/api/src/validators/client-satisfaction-pulse-widget.ts; packages/sdk/src/client-satisfaction-pulse-widget.ts; apps/web/app/(portal)/portal/client-satisfaction-pulse-widget/page.tsx; supabase/migrations/<timestamp>_client_satisfaction_pulse_widget.sql
P2,38,Client Satisfaction Pulse Widget,client-satisfaction-pulse-widget,client-success,add portal UI,apps/api/src/routes/client-satisfaction-pulse-widget.ts; apps/api/src/validators/client-satisfaction-pulse-widget.ts; packages/sdk/src/client-satisfaction-pulse-widget.ts; apps/web/app/(portal)/portal/client-satisfaction-pulse-widget/page.tsx; supabase/migrations/<timestamp>_client_satisfaction_pulse_widget.sql
P2,38,Client Satisfaction Pulse Widget,client-satisfaction-pulse-widget,client-success,add worker task if needed,apps/api/src/routes/client-satisfaction-pulse-widget.ts; apps/api/src/validators/client-satisfaction-pulse-widget.ts; packages/sdk/src/client-satisfaction-pulse-widget.ts; apps/web/app/(portal)/portal/client-satisfaction-pulse-widget/page.tsx; supabase/migrations/<timestamp>_client_satisfaction_pulse_widget.sql
P2,38,Client Satisfaction Pulse Widget,client-satisfaction-pulse-widget,client-success,add tests/E2E,apps/api/src/routes/client-satisfaction-pulse-widget.ts; apps/api/src/validators/client-satisfaction-pulse-widget.ts; packages/sdk/src/client-satisfaction-pulse-widget.ts; apps/web/app/(portal)/portal/client-satisfaction-pulse-widget/page.tsx; supabase/migrations/<timestamp>_client_satisfaction_pulse_widget.sql
P2,38,Client Satisfaction Pulse Widget,client-satisfaction-pulse-widget,client-success,add docs/runbook,apps/api/src/routes/client-satisfaction-pulse-widget.ts; apps/api/src/validators/client-satisfaction-pulse-widget.ts; packages/sdk/src/client-satisfaction-pulse-widget.ts; apps/web/app/(portal)/portal/client-satisfaction-pulse-widget/page.tsx; supabase/migrations/<timestamp>_client_satisfaction_pulse_widget.sql
P2,38,Client Satisfaction Pulse Widget,client-satisfaction-pulse-widget,client-success,run audit prompt and remediate,apps/api/src/routes/client-satisfaction-pulse-widget.ts; apps/api/src/validators/client-satisfaction-pulse-widget.ts; packages/sdk/src/client-satisfaction-pulse-widget.ts; apps/web/app/(portal)/portal/client-satisfaction-pulse-widget/page.tsx; supabase/migrations/<timestamp>_client_satisfaction_pulse_widget.sql
P3,39,Fun Cyber Scoreboard Mascot,fun-cyber-scoreboard-mascot,fun-client-engagement,write deep spec,apps/api/src/routes/fun-cyber-scoreboard-mascot.ts; apps/api/src/validators/fun-cyber-scoreboard-mascot.ts; packages/sdk/src/fun-cyber-scoreboard-mascot.ts; apps/web/app/(portal)/portal/fun-cyber-scoreboard-mascot/page.tsx; supabase/migrations/<timestamp>_fun_cyber_scoreboard_mascot.sql
P3,39,Fun Cyber Scoreboard Mascot,fun-cyber-scoreboard-mascot,fun-client-engagement,create migration and RLS,apps/api/src/routes/fun-cyber-scoreboard-mascot.ts; apps/api/src/validators/fun-cyber-scoreboard-mascot.ts; packages/sdk/src/fun-cyber-scoreboard-mascot.ts; apps/web/app/(portal)/portal/fun-cyber-scoreboard-mascot/page.tsx; supabase/migrations/<timestamp>_fun_cyber_scoreboard_mascot.sql
P3,39,Fun Cyber Scoreboard Mascot,fun-cyber-scoreboard-mascot,fun-client-engagement,add validator/service/API route,apps/api/src/routes/fun-cyber-scoreboard-mascot.ts; apps/api/src/validators/fun-cyber-scoreboard-mascot.ts; packages/sdk/src/fun-cyber-scoreboard-mascot.ts; apps/web/app/(portal)/portal/fun-cyber-scoreboard-mascot/page.tsx; supabase/migrations/<timestamp>_fun_cyber_scoreboard_mascot.sql
P3,39,Fun Cyber Scoreboard Mascot,fun-cyber-scoreboard-mascot,fun-client-engagement,register API route,apps/api/src/routes/fun-cyber-scoreboard-mascot.ts; apps/api/src/validators/fun-cyber-scoreboard-mascot.ts; packages/sdk/src/fun-cyber-scoreboard-mascot.ts; apps/web/app/(portal)/portal/fun-cyber-scoreboard-mascot/page.tsx; supabase/migrations/<timestamp>_fun_cyber_scoreboard_mascot.sql
P3,39,Fun Cyber Scoreboard Mascot,fun-cyber-scoreboard-mascot,fun-client-engagement,add SDK wrapper,apps/api/src/routes/fun-cyber-scoreboard-mascot.ts; apps/api/src/validators/fun-cyber-scoreboard-mascot.ts; packages/sdk/src/fun-cyber-scoreboard-mascot.ts; apps/web/app/(portal)/portal/fun-cyber-scoreboard-mascot/page.tsx; supabase/migrations/<timestamp>_fun_cyber_scoreboard_mascot.sql
P3,39,Fun Cyber Scoreboard Mascot,fun-cyber-scoreboard-mascot,fun-client-engagement,add portal UI,apps/api/src/routes/fun-cyber-scoreboard-mascot.ts; apps/api/src/validators/fun-cyber-scoreboard-mascot.ts; packages/sdk/src/fun-cyber-scoreboard-mascot.ts; apps/web/app/(portal)/portal/fun-cyber-scoreboard-mascot/page.tsx; supabase/migrations/<timestamp>_fun_cyber_scoreboard_mascot.sql
P3,39,Fun Cyber Scoreboard Mascot,fun-cyber-scoreboard-mascot,fun-client-engagement,add worker task if needed,apps/api/src/routes/fun-cyber-scoreboard-mascot.ts; apps/api/src/validators/fun-cyber-scoreboard-mascot.ts; packages/sdk/src/fun-cyber-scoreboard-mascot.ts; apps/web/app/(portal)/portal/fun-cyber-scoreboard-mascot/page.tsx; supabase/migrations/<timestamp>_fun_cyber_scoreboard_mascot.sql
P3,39,Fun Cyber Scoreboard Mascot,fun-cyber-scoreboard-mascot,fun-client-engagement,add tests/E2E,apps/api/src/routes/fun-cyber-scoreboard-mascot.ts; apps/api/src/validators/fun-cyber-scoreboard-mascot.ts; packages/sdk/src/fun-cyber-scoreboard-mascot.ts; apps/web/app/(portal)/portal/fun-cyber-scoreboard-mascot/page.tsx; supabase/migrations/<timestamp>_fun_cyber_scoreboard_mascot.sql
P3,39,Fun Cyber Scoreboard Mascot,fun-cyber-scoreboard-mascot,fun-client-engagement,add docs/runbook,apps/api/src/routes/fun-cyber-scoreboard-mascot.ts; apps/api/src/validators/fun-cyber-scoreboard-mascot.ts; packages/sdk/src/fun-cyber-scoreboard-mascot.ts; apps/web/app/(portal)/portal/fun-cyber-scoreboard-mascot/page.tsx; supabase/migrations/<timestamp>_fun_cyber_scoreboard_mascot.sql
P3,39,Fun Cyber Scoreboard Mascot,fun-cyber-scoreboard-mascot,fun-client-engagement,run audit prompt and remediate,apps/api/src/routes/fun-cyber-scoreboard-mascot.ts; apps/api/src/validators/fun-cyber-scoreboard-mascot.ts; packages/sdk/src/fun-cyber-scoreboard-mascot.ts; apps/web/app/(portal)/portal/fun-cyber-scoreboard-mascot/page.tsx; supabase/migrations/<timestamp>_fun_cyber_scoreboard_mascot.sql
P2,40,Small Business AI Policy Assistant,small-business-ai-policy-assistant,advisory-ai,write deep spec,apps/api/src/routes/small-business-ai-policy-assistant.ts; apps/api/src/validators/small-business-ai-policy-assistant.ts; packages/sdk/src/small-business-ai-policy-assistant.ts; apps/web/app/(portal)/portal/small-business-ai-policy-assistant/page.tsx; supabase/migrations/<timestamp>_small_business_ai_policy_assistant.sql
P2,40,Small Business AI Policy Assistant,small-business-ai-policy-assistant,advisory-ai,create migration and RLS,apps/api/src/routes/small-business-ai-policy-assistant.ts; apps/api/src/validators/small-business-ai-policy-assistant.ts; packages/sdk/src/small-business-ai-policy-assistant.ts; apps/web/app/(portal)/portal/small-business-ai-policy-assistant/page.tsx; supabase/migrations/<timestamp>_small_business_ai_policy_assistant.sql
P2,40,Small Business AI Policy Assistant,small-business-ai-policy-assistant,advisory-ai,add validator/service/API route,apps/api/src/routes/small-business-ai-policy-assistant.ts; apps/api/src/validators/small-business-ai-policy-assistant.ts; packages/sdk/src/small-business-ai-policy-assistant.ts; apps/web/app/(portal)/portal/small-business-ai-policy-assistant/page.tsx; supabase/migrations/<timestamp>_small_business_ai_policy_assistant.sql
P2,40,Small Business AI Policy Assistant,small-business-ai-policy-assistant,advisory-ai,register API route,apps/api/src/routes/small-business-ai-policy-assistant.ts; apps/api/src/validators/small-business-ai-policy-assistant.ts; packages/sdk/src/small-business-ai-policy-assistant.ts; apps/web/app/(portal)/portal/small-business-ai-policy-assistant/page.tsx; supabase/migrations/<timestamp>_small_business_ai_policy_assistant.sql
P2,40,Small Business AI Policy Assistant,small-business-ai-policy-assistant,advisory-ai,add SDK wrapper,apps/api/src/routes/small-business-ai-policy-assistant.ts; apps/api/src/validators/small-business-ai-policy-assistant.ts; packages/sdk/src/small-business-ai-policy-assistant.ts; apps/web/app/(portal)/portal/small-business-ai-policy-assistant/page.tsx; supabase/migrations/<timestamp>_small_business_ai_policy_assistant.sql
P2,40,Small Business AI Policy Assistant,small-business-ai-policy-assistant,advisory-ai,add portal UI,apps/api/src/routes/small-business-ai-policy-assistant.ts; apps/api/src/validators/small-business-ai-policy-assistant.ts; packages/sdk/src/small-business-ai-policy-assistant.ts; apps/web/app/(portal)/portal/small-business-ai-policy-assistant/page.tsx; supabase/migrations/<timestamp>_small_business_ai_policy_assistant.sql
P2,40,Small Business AI Policy Assistant,small-business-ai-policy-assistant,advisory-ai,add worker task if needed,apps/api/src/routes/small-business-ai-policy-assistant.ts; apps/api/src/validators/small-business-ai-policy-assistant.ts; packages/sdk/src/small-business-ai-policy-assistant.ts; apps/web/app/(portal)/portal/small-business-ai-policy-assistant/page.tsx; supabase/migrations/<timestamp>_small_business_ai_policy_assistant.sql
P2,40,Small Business AI Policy Assistant,small-business-ai-policy-assistant,advisory-ai,add tests/E2E,apps/api/src/routes/small-business-ai-policy-assistant.ts; apps/api/src/validators/small-business-ai-policy-assistant.ts; packages/sdk/src/small-business-ai-policy-assistant.ts; apps/web/app/(portal)/portal/small-business-ai-policy-assistant/page.tsx; supabase/migrations/<timestamp>_small_business_ai_policy_assistant.sql
P2,40,Small Business AI Policy Assistant,small-business-ai-policy-assistant,advisory-ai,add docs/runbook,apps/api/src/routes/small-business-ai-policy-assistant.ts; apps/api/src/validators/small-business-ai-policy-assistant.ts; packages/sdk/src/small-business-ai-policy-assistant.ts; apps/web/app/(portal)/portal/small-business-ai-policy-assistant/page.tsx; supabase/migrations/<timestamp>_small_business_ai_policy_assistant.sql
P2,40,Small Business AI Policy Assistant,small-business-ai-policy-assistant,advisory-ai,run audit prompt and remediate,apps/api/src/routes/small-business-ai-policy-assistant.ts; apps/api/src/validators/small-business-ai-policy-assistant.ts; packages/sdk/src/small-business-ai-policy-assistant.ts; apps/web/app/(portal)/portal/small-business-ai-policy-assistant/page.tsx; supabase/migrations/<timestamp>_small_business_ai_policy_assistant.sql
P1,41,AI Service Desk Copilot Console,ai-service-desk-copilot-console,support-ai,write deep spec,apps/api/src/routes/ai-service-desk-copilot-console.ts; apps/api/src/validators/ai-service-desk-copilot-console.ts; packages/sdk/src/ai-service-desk-copilot-console.ts; apps/web/app/(portal)/portal/ai-service-desk-copilot-console/page.tsx; supabase/migrations/<timestamp>_ai_service_desk_copilot_console.sql
P1,41,AI Service Desk Copilot Console,ai-service-desk-copilot-console,support-ai,create migration and RLS,apps/api/src/routes/ai-service-desk-copilot-console.ts; apps/api/src/validators/ai-service-desk-copilot-console.ts; packages/sdk/src/ai-service-desk-copilot-console.ts; apps/web/app/(portal)/portal/ai-service-desk-copilot-console/page.tsx; supabase/migrations/<timestamp>_ai_service_desk_copilot_console.sql
P1,41,AI Service Desk Copilot Console,ai-service-desk-copilot-console,support-ai,add validator/service/API route,apps/api/src/routes/ai-service-desk-copilot-console.ts; apps/api/src/validators/ai-service-desk-copilot-console.ts; packages/sdk/src/ai-service-desk-copilot-console.ts; apps/web/app/(portal)/portal/ai-service-desk-copilot-console/page.tsx; supabase/migrations/<timestamp>_ai_service_desk_copilot_console.sql
P1,41,AI Service Desk Copilot Console,ai-service-desk-copilot-console,support-ai,register API route,apps/api/src/routes/ai-service-desk-copilot-console.ts; apps/api/src/validators/ai-service-desk-copilot-console.ts; packages/sdk/src/ai-service-desk-copilot-console.ts; apps/web/app/(portal)/portal/ai-service-desk-copilot-console/page.tsx; supabase/migrations/<timestamp>_ai_service_desk_copilot_console.sql
P1,41,AI Service Desk Copilot Console,ai-service-desk-copilot-console,support-ai,add SDK wrapper,apps/api/src/routes/ai-service-desk-copilot-console.ts; apps/api/src/validators/ai-service-desk-copilot-console.ts; packages/sdk/src/ai-service-desk-copilot-console.ts; apps/web/app/(portal)/portal/ai-service-desk-copilot-console/page.tsx; supabase/migrations/<timestamp>_ai_service_desk_copilot_console.sql
P1,41,AI Service Desk Copilot Console,ai-service-desk-copilot-console,support-ai,add portal UI,apps/api/src/routes/ai-service-desk-copilot-console.ts; apps/api/src/validators/ai-service-desk-copilot-console.ts; packages/sdk/src/ai-service-desk-copilot-console.ts; apps/web/app/(portal)/portal/ai-service-desk-copilot-console/page.tsx; supabase/migrations/<timestamp>_ai_service_desk_copilot_console.sql
P1,41,AI Service Desk Copilot Console,ai-service-desk-copilot-console,support-ai,add worker task if needed,apps/api/src/routes/ai-service-desk-copilot-console.ts; apps/api/src/validators/ai-service-desk-copilot-console.ts; packages/sdk/src/ai-service-desk-copilot-console.ts; apps/web/app/(portal)/portal/ai-service-desk-copilot-console/page.tsx; supabase/migrations/<timestamp>_ai_service_desk_copilot_console.sql
P1,41,AI Service Desk Copilot Console,ai-service-desk-copilot-console,support-ai,add tests/E2E,apps/api/src/routes/ai-service-desk-copilot-console.ts; apps/api/src/validators/ai-service-desk-copilot-console.ts; packages/sdk/src/ai-service-desk-copilot-console.ts; apps/web/app/(portal)/portal/ai-service-desk-copilot-console/page.tsx; supabase/migrations/<timestamp>_ai_service_desk_copilot_console.sql
P1,41,AI Service Desk Copilot Console,ai-service-desk-copilot-console,support-ai,add docs/runbook,apps/api/src/routes/ai-service-desk-copilot-console.ts; apps/api/src/validators/ai-service-desk-copilot-console.ts; packages/sdk/src/ai-service-desk-copilot-console.ts; apps/web/app/(portal)/portal/ai-service-desk-copilot-console/page.tsx; supabase/migrations/<timestamp>_ai_service_desk_copilot_console.sql
P1,41,AI Service Desk Copilot Console,ai-service-desk-copilot-console,support-ai,run audit prompt and remediate,apps/api/src/routes/ai-service-desk-copilot-console.ts; apps/api/src/validators/ai-service-desk-copilot-console.ts; packages/sdk/src/ai-service-desk-copilot-console.ts; apps/web/app/(portal)/portal/ai-service-desk-copilot-console/page.tsx; supabase/migrations/<timestamp>_ai_service_desk_copilot_console.sql
P2,42,Dynamic Client Forms Builder,dynamic-client-forms-builder,client-ops,write deep spec,apps/api/src/routes/dynamic-client-forms-builder.ts; apps/api/src/validators/dynamic-client-forms-builder.ts; packages/sdk/src/dynamic-client-forms-builder.ts; apps/web/app/(portal)/portal/dynamic-client-forms-builder/page.tsx; supabase/migrations/<timestamp>_dynamic_client_forms_builder.sql
P2,42,Dynamic Client Forms Builder,dynamic-client-forms-builder,client-ops,create migration and RLS,apps/api/src/routes/dynamic-client-forms-builder.ts; apps/api/src/validators/dynamic-client-forms-builder.ts; packages/sdk/src/dynamic-client-forms-builder.ts; apps/web/app/(portal)/portal/dynamic-client-forms-builder/page.tsx; supabase/migrations/<timestamp>_dynamic_client_forms_builder.sql
P2,42,Dynamic Client Forms Builder,dynamic-client-forms-builder,client-ops,add validator/service/API route,apps/api/src/routes/dynamic-client-forms-builder.ts; apps/api/src/validators/dynamic-client-forms-builder.ts; packages/sdk/src/dynamic-client-forms-builder.ts; apps/web/app/(portal)/portal/dynamic-client-forms-builder/page.tsx; supabase/migrations/<timestamp>_dynamic_client_forms_builder.sql
P2,42,Dynamic Client Forms Builder,dynamic-client-forms-builder,client-ops,register API route,apps/api/src/routes/dynamic-client-forms-builder.ts; apps/api/src/validators/dynamic-client-forms-builder.ts; packages/sdk/src/dynamic-client-forms-builder.ts; apps/web/app/(portal)/portal/dynamic-client-forms-builder/page.tsx; supabase/migrations/<timestamp>_dynamic_client_forms_builder.sql
P2,42,Dynamic Client Forms Builder,dynamic-client-forms-builder,client-ops,add SDK wrapper,apps/api/src/routes/dynamic-client-forms-builder.ts; apps/api/src/validators/dynamic-client-forms-builder.ts; packages/sdk/src/dynamic-client-forms-builder.ts; apps/web/app/(portal)/portal/dynamic-client-forms-builder/page.tsx; supabase/migrations/<timestamp>_dynamic_client_forms_builder.sql
P2,42,Dynamic Client Forms Builder,dynamic-client-forms-builder,client-ops,add portal UI,apps/api/src/routes/dynamic-client-forms-builder.ts; apps/api/src/validators/dynamic-client-forms-builder.ts; packages/sdk/src/dynamic-client-forms-builder.ts; apps/web/app/(portal)/portal/dynamic-client-forms-builder/page.tsx; supabase/migrations/<timestamp>_dynamic_client_forms_builder.sql
P2,42,Dynamic Client Forms Builder,dynamic-client-forms-builder,client-ops,add worker task if needed,apps/api/src/routes/dynamic-client-forms-builder.ts; apps/api/src/validators/dynamic-client-forms-builder.ts; packages/sdk/src/dynamic-client-forms-builder.ts; apps/web/app/(portal)/portal/dynamic-client-forms-builder/page.tsx; supabase/migrations/<timestamp>_dynamic_client_forms_builder.sql
P2,42,Dynamic Client Forms Builder,dynamic-client-forms-builder,client-ops,add tests/E2E,apps/api/src/routes/dynamic-client-forms-builder.ts; apps/api/src/validators/dynamic-client-forms-builder.ts; packages/sdk/src/dynamic-client-forms-builder.ts; apps/web/app/(portal)/portal/dynamic-client-forms-builder/page.tsx; supabase/migrations/<timestamp>_dynamic_client_forms_builder.sql
P2,42,Dynamic Client Forms Builder,dynamic-client-forms-builder,client-ops,add docs/runbook,apps/api/src/routes/dynamic-client-forms-builder.ts; apps/api/src/validators/dynamic-client-forms-builder.ts; packages/sdk/src/dynamic-client-forms-builder.ts; apps/web/app/(portal)/portal/dynamic-client-forms-builder/page.tsx; supabase/migrations/<timestamp>_dynamic_client_forms_builder.sql
P2,42,Dynamic Client Forms Builder,dynamic-client-forms-builder,client-ops,run audit prompt and remediate,apps/api/src/routes/dynamic-client-forms-builder.ts; apps/api/src/validators/dynamic-client-forms-builder.ts; packages/sdk/src/dynamic-client-forms-builder.ts; apps/web/app/(portal)/portal/dynamic-client-forms-builder/page.tsx; supabase/migrations/<timestamp>_dynamic_client_forms_builder.sql
P1,43,Approval Workflow Engine,approval-workflow-engine,workflow,write deep spec,apps/api/src/routes/approval-workflow-engine.ts; apps/api/src/validators/approval-workflow-engine.ts; packages/sdk/src/approval-workflow-engine.ts; apps/web/app/(portal)/portal/approval-workflow-engine/page.tsx; supabase/migrations/<timestamp>_approval_workflow_engine.sql
P1,43,Approval Workflow Engine,approval-workflow-engine,workflow,create migration and RLS,apps/api/src/routes/approval-workflow-engine.ts; apps/api/src/validators/approval-workflow-engine.ts; packages/sdk/src/approval-workflow-engine.ts; apps/web/app/(portal)/portal/approval-workflow-engine/page.tsx; supabase/migrations/<timestamp>_approval_workflow_engine.sql
P1,43,Approval Workflow Engine,approval-workflow-engine,workflow,add validator/service/API route,apps/api/src/routes/approval-workflow-engine.ts; apps/api/src/validators/approval-workflow-engine.ts; packages/sdk/src/approval-workflow-engine.ts; apps/web/app/(portal)/portal/approval-workflow-engine/page.tsx; supabase/migrations/<timestamp>_approval_workflow_engine.sql
P1,43,Approval Workflow Engine,approval-workflow-engine,workflow,register API route,apps/api/src/routes/approval-workflow-engine.ts; apps/api/src/validators/approval-workflow-engine.ts; packages/sdk/src/approval-workflow-engine.ts; apps/web/app/(portal)/portal/approval-workflow-engine/page.tsx; supabase/migrations/<timestamp>_approval_workflow_engine.sql
P1,43,Approval Workflow Engine,approval-workflow-engine,workflow,add SDK wrapper,apps/api/src/routes/approval-workflow-engine.ts; apps/api/src/validators/approval-workflow-engine.ts; packages/sdk/src/approval-workflow-engine.ts; apps/web/app/(portal)/portal/approval-workflow-engine/page.tsx; supabase/migrations/<timestamp>_approval_workflow_engine.sql
P1,43,Approval Workflow Engine,approval-workflow-engine,workflow,add portal UI,apps/api/src/routes/approval-workflow-engine.ts; apps/api/src/validators/approval-workflow-engine.ts; packages/sdk/src/approval-workflow-engine.ts; apps/web/app/(portal)/portal/approval-workflow-engine/page.tsx; supabase/migrations/<timestamp>_approval_workflow_engine.sql
P1,43,Approval Workflow Engine,approval-workflow-engine,workflow,add worker task if needed,apps/api/src/routes/approval-workflow-engine.ts; apps/api/src/validators/approval-workflow-engine.ts; packages/sdk/src/approval-workflow-engine.ts; apps/web/app/(portal)/portal/approval-workflow-engine/page.tsx; supabase/migrations/<timestamp>_approval_workflow_engine.sql
P1,43,Approval Workflow Engine,approval-workflow-engine,workflow,add tests/E2E,apps/api/src/routes/approval-workflow-engine.ts; apps/api/src/validators/approval-workflow-engine.ts; packages/sdk/src/approval-workflow-engine.ts; apps/web/app/(portal)/portal/approval-workflow-engine/page.tsx; supabase/migrations/<timestamp>_approval_workflow_engine.sql
P1,43,Approval Workflow Engine,approval-workflow-engine,workflow,add docs/runbook,apps/api/src/routes/approval-workflow-engine.ts; apps/api/src/validators/approval-workflow-engine.ts; packages/sdk/src/approval-workflow-engine.ts; apps/web/app/(portal)/portal/approval-workflow-engine/page.tsx; supabase/migrations/<timestamp>_approval_workflow_engine.sql
P1,43,Approval Workflow Engine,approval-workflow-engine,workflow,run audit prompt and remediate,apps/api/src/routes/approval-workflow-engine.ts; apps/api/src/validators/approval-workflow-engine.ts; packages/sdk/src/approval-workflow-engine.ts; apps/web/app/(portal)/portal/approval-workflow-engine/page.tsx; supabase/migrations/<timestamp>_approval_workflow_engine.sql
P2,44,Procurement Quote Comparison Tool,procurement-quote-comparison-tool,procurement,write deep spec,apps/api/src/routes/procurement-quote-comparison-tool.ts; apps/api/src/validators/procurement-quote-comparison-tool.ts; packages/sdk/src/procurement-quote-comparison-tool.ts; apps/web/app/(portal)/portal/procurement-quote-comparison-tool/page.tsx; supabase/migrations/<timestamp>_procurement_quote_comparison_tool.sql
P2,44,Procurement Quote Comparison Tool,procurement-quote-comparison-tool,procurement,create migration and RLS,apps/api/src/routes/procurement-quote-comparison-tool.ts; apps/api/src/validators/procurement-quote-comparison-tool.ts; packages/sdk/src/procurement-quote-comparison-tool.ts; apps/web/app/(portal)/portal/procurement-quote-comparison-tool/page.tsx; supabase/migrations/<timestamp>_procurement_quote_comparison_tool.sql
P2,44,Procurement Quote Comparison Tool,procurement-quote-comparison-tool,procurement,add validator/service/API route,apps/api/src/routes/procurement-quote-comparison-tool.ts; apps/api/src/validators/procurement-quote-comparison-tool.ts; packages/sdk/src/procurement-quote-comparison-tool.ts; apps/web/app/(portal)/portal/procurement-quote-comparison-tool/page.tsx; supabase/migrations/<timestamp>_procurement_quote_comparison_tool.sql
P2,44,Procurement Quote Comparison Tool,procurement-quote-comparison-tool,procurement,register API route,apps/api/src/routes/procurement-quote-comparison-tool.ts; apps/api/src/validators/procurement-quote-comparison-tool.ts; packages/sdk/src/procurement-quote-comparison-tool.ts; apps/web/app/(portal)/portal/procurement-quote-comparison-tool/page.tsx; supabase/migrations/<timestamp>_procurement_quote_comparison_tool.sql
P2,44,Procurement Quote Comparison Tool,procurement-quote-comparison-tool,procurement,add SDK wrapper,apps/api/src/routes/procurement-quote-comparison-tool.ts; apps/api/src/validators/procurement-quote-comparison-tool.ts; packages/sdk/src/procurement-quote-comparison-tool.ts; apps/web/app/(portal)/portal/procurement-quote-comparison-tool/page.tsx; supabase/migrations/<timestamp>_procurement_quote_comparison_tool.sql
P2,44,Procurement Quote Comparison Tool,procurement-quote-comparison-tool,procurement,add portal UI,apps/api/src/routes/procurement-quote-comparison-tool.ts; apps/api/src/validators/procurement-quote-comparison-tool.ts; packages/sdk/src/procurement-quote-comparison-tool.ts; apps/web/app/(portal)/portal/procurement-quote-comparison-tool/page.tsx; supabase/migrations/<timestamp>_procurement_quote_comparison_tool.sql
P2,44,Procurement Quote Comparison Tool,procurement-quote-comparison-tool,procurement,add worker task if needed,apps/api/src/routes/procurement-quote-comparison-tool.ts; apps/api/src/validators/procurement-quote-comparison-tool.ts; packages/sdk/src/procurement-quote-comparison-tool.ts; apps/web/app/(portal)/portal/procurement-quote-comparison-tool/page.tsx; supabase/migrations/<timestamp>_procurement_quote_comparison_tool.sql
P2,44,Procurement Quote Comparison Tool,procurement-quote-comparison-tool,procurement,add tests/E2E,apps/api/src/routes/procurement-quote-comparison-tool.ts; apps/api/src/validators/procurement-quote-comparison-tool.ts; packages/sdk/src/procurement-quote-comparison-tool.ts; apps/web/app/(portal)/portal/procurement-quote-comparison-tool/page.tsx; supabase/migrations/<timestamp>_procurement_quote_comparison_tool.sql
P2,44,Procurement Quote Comparison Tool,procurement-quote-comparison-tool,procurement,add docs/runbook,apps/api/src/routes/procurement-quote-comparison-tool.ts; apps/api/src/validators/procurement-quote-comparison-tool.ts; packages/sdk/src/procurement-quote-comparison-tool.ts; apps/web/app/(portal)/portal/procurement-quote-comparison-tool/page.tsx; supabase/migrations/<timestamp>_procurement_quote_comparison_tool.sql
P2,44,Procurement Quote Comparison Tool,procurement-quote-comparison-tool,procurement,run audit prompt and remediate,apps/api/src/routes/procurement-quote-comparison-tool.ts; apps/api/src/validators/procurement-quote-comparison-tool.ts; packages/sdk/src/procurement-quote-comparison-tool.ts; apps/web/app/(portal)/portal/procurement-quote-comparison-tool/page.tsx; supabase/migrations/<timestamp>_procurement_quote_comparison_tool.sql
P2,45,Hardware Staging Checklist Manager,hardware-staging-checklist-manager,field-services,write deep spec,apps/api/src/routes/hardware-staging-checklist-manager.ts; apps/api/src/validators/hardware-staging-checklist-manager.ts; packages/sdk/src/hardware-staging-checklist-manager.ts; apps/web/app/(portal)/portal/hardware-staging-checklist-manager/page.tsx; supabase/migrations/<timestamp>_hardware_staging_checklist_manager.sql
P2,45,Hardware Staging Checklist Manager,hardware-staging-checklist-manager,field-services,create migration and RLS,apps/api/src/routes/hardware-staging-checklist-manager.ts; apps/api/src/validators/hardware-staging-checklist-manager.ts; packages/sdk/src/hardware-staging-checklist-manager.ts; apps/web/app/(portal)/portal/hardware-staging-checklist-manager/page.tsx; supabase/migrations/<timestamp>_hardware_staging_checklist_manager.sql
P2,45,Hardware Staging Checklist Manager,hardware-staging-checklist-manager,field-services,add validator/service/API route,apps/api/src/routes/hardware-staging-checklist-manager.ts; apps/api/src/validators/hardware-staging-checklist-manager.ts; packages/sdk/src/hardware-staging-checklist-manager.ts; apps/web/app/(portal)/portal/hardware-staging-checklist-manager/page.tsx; supabase/migrations/<timestamp>_hardware_staging_checklist_manager.sql
P2,45,Hardware Staging Checklist Manager,hardware-staging-checklist-manager,field-services,register API route,apps/api/src/routes/hardware-staging-checklist-manager.ts; apps/api/src/validators/hardware-staging-checklist-manager.ts; packages/sdk/src/hardware-staging-checklist-manager.ts; apps/web/app/(portal)/portal/hardware-staging-checklist-manager/page.tsx; supabase/migrations/<timestamp>_hardware_staging_checklist_manager.sql
P2,45,Hardware Staging Checklist Manager,hardware-staging-checklist-manager,field-services,add SDK wrapper,apps/api/src/routes/hardware-staging-checklist-manager.ts; apps/api/src/validators/hardware-staging-checklist-manager.ts; packages/sdk/src/hardware-staging-checklist-manager.ts; apps/web/app/(portal)/portal/hardware-staging-checklist-manager/page.tsx; supabase/migrations/<timestamp>_hardware_staging_checklist_manager.sql
P2,45,Hardware Staging Checklist Manager,hardware-staging-checklist-manager,field-services,add portal UI,apps/api/src/routes/hardware-staging-checklist-manager.ts; apps/api/src/validators/hardware-staging-checklist-manager.ts; packages/sdk/src/hardware-staging-checklist-manager.ts; apps/web/app/(portal)/portal/hardware-staging-checklist-manager/page.tsx; supabase/migrations/<timestamp>_hardware_staging_checklist_manager.sql
P2,45,Hardware Staging Checklist Manager,hardware-staging-checklist-manager,field-services,add worker task if needed,apps/api/src/routes/hardware-staging-checklist-manager.ts; apps/api/src/validators/hardware-staging-checklist-manager.ts; packages/sdk/src/hardware-staging-checklist-manager.ts; apps/web/app/(portal)/portal/hardware-staging-checklist-manager/page.tsx; supabase/migrations/<timestamp>_hardware_staging_checklist_manager.sql
P2,45,Hardware Staging Checklist Manager,hardware-staging-checklist-manager,field-services,add tests/E2E,apps/api/src/routes/hardware-staging-checklist-manager.ts; apps/api/src/validators/hardware-staging-checklist-manager.ts; packages/sdk/src/hardware-staging-checklist-manager.ts; apps/web/app/(portal)/portal/hardware-staging-checklist-manager/page.tsx; supabase/migrations/<timestamp>_hardware_staging_checklist_manager.sql
P2,45,Hardware Staging Checklist Manager,hardware-staging-checklist-manager,field-services,add docs/runbook,apps/api/src/routes/hardware-staging-checklist-manager.ts; apps/api/src/validators/hardware-staging-checklist-manager.ts; packages/sdk/src/hardware-staging-checklist-manager.ts; apps/web/app/(portal)/portal/hardware-staging-checklist-manager/page.tsx; supabase/migrations/<timestamp>_hardware_staging_checklist_manager.sql
P2,45,Hardware Staging Checklist Manager,hardware-staging-checklist-manager,field-services,run audit prompt and remediate,apps/api/src/routes/hardware-staging-checklist-manager.ts; apps/api/src/validators/hardware-staging-checklist-manager.ts; packages/sdk/src/hardware-staging-checklist-manager.ts; apps/web/app/(portal)/portal/hardware-staging-checklist-manager/page.tsx; supabase/migrations/<timestamp>_hardware_staging_checklist_manager.sql
P2,46,Device Configuration Profile Library,device-configuration-profile-library,endpoint-management,write deep spec,apps/api/src/routes/device-configuration-profile-library.ts; apps/api/src/validators/device-configuration-profile-library.ts; packages/sdk/src/device-configuration-profile-library.ts; apps/web/app/(portal)/portal/device-configuration-profile-library/page.tsx; supabase/migrations/<timestamp>_device_configuration_profile_library.sql
P2,46,Device Configuration Profile Library,device-configuration-profile-library,endpoint-management,create migration and RLS,apps/api/src/routes/device-configuration-profile-library.ts; apps/api/src/validators/device-configuration-profile-library.ts; packages/sdk/src/device-configuration-profile-library.ts; apps/web/app/(portal)/portal/device-configuration-profile-library/page.tsx; supabase/migrations/<timestamp>_device_configuration_profile_library.sql
P2,46,Device Configuration Profile Library,device-configuration-profile-library,endpoint-management,add validator/service/API route,apps/api/src/routes/device-configuration-profile-library.ts; apps/api/src/validators/device-configuration-profile-library.ts; packages/sdk/src/device-configuration-profile-library.ts; apps/web/app/(portal)/portal/device-configuration-profile-library/page.tsx; supabase/migrations/<timestamp>_device_configuration_profile_library.sql
P2,46,Device Configuration Profile Library,device-configuration-profile-library,endpoint-management,register API route,apps/api/src/routes/device-configuration-profile-library.ts; apps/api/src/validators/device-configuration-profile-library.ts; packages/sdk/src/device-configuration-profile-library.ts; apps/web/app/(portal)/portal/device-configuration-profile-library/page.tsx; supabase/migrations/<timestamp>_device_configuration_profile_library.sql
P2,46,Device Configuration Profile Library,device-configuration-profile-library,endpoint-management,add SDK wrapper,apps/api/src/routes/device-configuration-profile-library.ts; apps/api/src/validators/device-configuration-profile-library.ts; packages/sdk/src/device-configuration-profile-library.ts; apps/web/app/(portal)/portal/device-configuration-profile-library/page.tsx; supabase/migrations/<timestamp>_device_configuration_profile_library.sql
P2,46,Device Configuration Profile Library,device-configuration-profile-library,endpoint-management,add portal UI,apps/api/src/routes/device-configuration-profile-library.ts; apps/api/src/validators/device-configuration-profile-library.ts; packages/sdk/src/device-configuration-profile-library.ts; apps/web/app/(portal)/portal/device-configuration-profile-library/page.tsx; supabase/migrations/<timestamp>_device_configuration_profile_library.sql
P2,46,Device Configuration Profile Library,device-configuration-profile-library,endpoint-management,add worker task if needed,apps/api/src/routes/device-configuration-profile-library.ts; apps/api/src/validators/device-configuration-profile-library.ts; packages/sdk/src/device-configuration-profile-library.ts; apps/web/app/(portal)/portal/device-configuration-profile-library/page.tsx; supabase/migrations/<timestamp>_device_configuration_profile_library.sql
P2,46,Device Configuration Profile Library,device-configuration-profile-library,endpoint-management,add tests/E2E,apps/api/src/routes/device-configuration-profile-library.ts; apps/api/src/validators/device-configuration-profile-library.ts; packages/sdk/src/device-configuration-profile-library.ts; apps/web/app/(portal)/portal/device-configuration-profile-library/page.tsx; supabase/migrations/<timestamp>_device_configuration_profile_library.sql
P2,46,Device Configuration Profile Library,device-configuration-profile-library,endpoint-management,add docs/runbook,apps/api/src/routes/device-configuration-profile-library.ts; apps/api/src/validators/device-configuration-profile-library.ts; packages/sdk/src/device-configuration-profile-library.ts; apps/web/app/(portal)/portal/device-configuration-profile-library/page.tsx; supabase/migrations/<timestamp>_device_configuration_profile_library.sql
P2,46,Device Configuration Profile Library,device-configuration-profile-library,endpoint-management,run audit prompt and remediate,apps/api/src/routes/device-configuration-profile-library.ts; apps/api/src/validators/device-configuration-profile-library.ts; packages/sdk/src/device-configuration-profile-library.ts; apps/web/app/(portal)/portal/device-configuration-profile-library/page.tsx; supabase/migrations/<timestamp>_device_configuration_profile_library.sql
P2,47,Client Network Diagram Builder,client-network-diagram-builder,networking,write deep spec,apps/api/src/routes/client-network-diagram-builder.ts; apps/api/src/validators/client-network-diagram-builder.ts; packages/sdk/src/client-network-diagram-builder.ts; apps/web/app/(portal)/portal/client-network-diagram-builder/page.tsx; supabase/migrations/<timestamp>_client_network_diagram_builder.sql
P2,47,Client Network Diagram Builder,client-network-diagram-builder,networking,create migration and RLS,apps/api/src/routes/client-network-diagram-builder.ts; apps/api/src/validators/client-network-diagram-builder.ts; packages/sdk/src/client-network-diagram-builder.ts; apps/web/app/(portal)/portal/client-network-diagram-builder/page.tsx; supabase/migrations/<timestamp>_client_network_diagram_builder.sql
P2,47,Client Network Diagram Builder,client-network-diagram-builder,networking,add validator/service/API route,apps/api/src/routes/client-network-diagram-builder.ts; apps/api/src/validators/client-network-diagram-builder.ts; packages/sdk/src/client-network-diagram-builder.ts; apps/web/app/(portal)/portal/client-network-diagram-builder/page.tsx; supabase/migrations/<timestamp>_client_network_diagram_builder.sql
P2,47,Client Network Diagram Builder,client-network-diagram-builder,networking,register API route,apps/api/src/routes/client-network-diagram-builder.ts; apps/api/src/validators/client-network-diagram-builder.ts; packages/sdk/src/client-network-diagram-builder.ts; apps/web/app/(portal)/portal/client-network-diagram-builder/page.tsx; supabase/migrations/<timestamp>_client_network_diagram_builder.sql
P2,47,Client Network Diagram Builder,client-network-diagram-builder,networking,add SDK wrapper,apps/api/src/routes/client-network-diagram-builder.ts; apps/api/src/validators/client-network-diagram-builder.ts; packages/sdk/src/client-network-diagram-builder.ts; apps/web/app/(portal)/portal/client-network-diagram-builder/page.tsx; supabase/migrations/<timestamp>_client_network_diagram_builder.sql
P2,47,Client Network Diagram Builder,client-network-diagram-builder,networking,add portal UI,apps/api/src/routes/client-network-diagram-builder.ts; apps/api/src/validators/client-network-diagram-builder.ts; packages/sdk/src/client-network-diagram-builder.ts; apps/web/app/(portal)/portal/client-network-diagram-builder/page.tsx; supabase/migrations/<timestamp>_client_network_diagram_builder.sql
P2,47,Client Network Diagram Builder,client-network-diagram-builder,networking,add worker task if needed,apps/api/src/routes/client-network-diagram-builder.ts; apps/api/src/validators/client-network-diagram-builder.ts; packages/sdk/src/client-network-diagram-builder.ts; apps/web/app/(portal)/portal/client-network-diagram-builder/page.tsx; supabase/migrations/<timestamp>_client_network_diagram_builder.sql
P2,47,Client Network Diagram Builder,client-network-diagram-builder,networking,add tests/E2E,apps/api/src/routes/client-network-diagram-builder.ts; apps/api/src/validators/client-network-diagram-builder.ts; packages/sdk/src/client-network-diagram-builder.ts; apps/web/app/(portal)/portal/client-network-diagram-builder/page.tsx; supabase/migrations/<timestamp>_client_network_diagram_builder.sql
P2,47,Client Network Diagram Builder,client-network-diagram-builder,networking,add docs/runbook,apps/api/src/routes/client-network-diagram-builder.ts; apps/api/src/validators/client-network-diagram-builder.ts; packages/sdk/src/client-network-diagram-builder.ts; apps/web/app/(portal)/portal/client-network-diagram-builder/page.tsx; supabase/migrations/<timestamp>_client_network_diagram_builder.sql
P2,47,Client Network Diagram Builder,client-network-diagram-builder,networking,run audit prompt and remediate,apps/api/src/routes/client-network-diagram-builder.ts; apps/api/src/validators/client-network-diagram-builder.ts; packages/sdk/src/client-network-diagram-builder.ts; apps/web/app/(portal)/portal/client-network-diagram-builder/page.tsx; supabase/migrations/<timestamp>_client_network_diagram_builder.sql
P2,48,Vendor Contact Escalation Directory,vendor-contact-escalation-directory,vendor-management,write deep spec,apps/api/src/routes/vendor-contact-escalation-directory.ts; apps/api/src/validators/vendor-contact-escalation-directory.ts; packages/sdk/src/vendor-contact-escalation-directory.ts; apps/web/app/(portal)/portal/vendor-contact-escalation-directory/page.tsx; supabase/migrations/<timestamp>_vendor_contact_escalation_directory.sql
P2,48,Vendor Contact Escalation Directory,vendor-contact-escalation-directory,vendor-management,create migration and RLS,apps/api/src/routes/vendor-contact-escalation-directory.ts; apps/api/src/validators/vendor-contact-escalation-directory.ts; packages/sdk/src/vendor-contact-escalation-directory.ts; apps/web/app/(portal)/portal/vendor-contact-escalation-directory/page.tsx; supabase/migrations/<timestamp>_vendor_contact_escalation_directory.sql
P2,48,Vendor Contact Escalation Directory,vendor-contact-escalation-directory,vendor-management,add validator/service/API route,apps/api/src/routes/vendor-contact-escalation-directory.ts; apps/api/src/validators/vendor-contact-escalation-directory.ts; packages/sdk/src/vendor-contact-escalation-directory.ts; apps/web/app/(portal)/portal/vendor-contact-escalation-directory/page.tsx; supabase/migrations/<timestamp>_vendor_contact_escalation_directory.sql
P2,48,Vendor Contact Escalation Directory,vendor-contact-escalation-directory,vendor-management,register API route,apps/api/src/routes/vendor-contact-escalation-directory.ts; apps/api/src/validators/vendor-contact-escalation-directory.ts; packages/sdk/src/vendor-contact-escalation-directory.ts; apps/web/app/(portal)/portal/vendor-contact-escalation-directory/page.tsx; supabase/migrations/<timestamp>_vendor_contact_escalation_directory.sql
P2,48,Vendor Contact Escalation Directory,vendor-contact-escalation-directory,vendor-management,add SDK wrapper,apps/api/src/routes/vendor-contact-escalation-directory.ts; apps/api/src/validators/vendor-contact-escalation-directory.ts; packages/sdk/src/vendor-contact-escalation-directory.ts; apps/web/app/(portal)/portal/vendor-contact-escalation-directory/page.tsx; supabase/migrations/<timestamp>_vendor_contact_escalation_directory.sql
P2,48,Vendor Contact Escalation Directory,vendor-contact-escalation-directory,vendor-management,add portal UI,apps/api/src/routes/vendor-contact-escalation-directory.ts; apps/api/src/validators/vendor-contact-escalation-directory.ts; packages/sdk/src/vendor-contact-escalation-directory.ts; apps/web/app/(portal)/portal/vendor-contact-escalation-directory/page.tsx; supabase/migrations/<timestamp>_vendor_contact_escalation_directory.sql
P2,48,Vendor Contact Escalation Directory,vendor-contact-escalation-directory,vendor-management,add worker task if needed,apps/api/src/routes/vendor-contact-escalation-directory.ts; apps/api/src/validators/vendor-contact-escalation-directory.ts; packages/sdk/src/vendor-contact-escalation-directory.ts; apps/web/app/(portal)/portal/vendor-contact-escalation-directory/page.tsx; supabase/migrations/<timestamp>_vendor_contact_escalation_directory.sql
P2,48,Vendor Contact Escalation Directory,vendor-contact-escalation-directory,vendor-management,add tests/E2E,apps/api/src/routes/vendor-contact-escalation-directory.ts; apps/api/src/validators/vendor-contact-escalation-directory.ts; packages/sdk/src/vendor-contact-escalation-directory.ts; apps/web/app/(portal)/portal/vendor-contact-escalation-directory/page.tsx; supabase/migrations/<timestamp>_vendor_contact_escalation_directory.sql
P2,48,Vendor Contact Escalation Directory,vendor-contact-escalation-directory,vendor-management,add docs/runbook,apps/api/src/routes/vendor-contact-escalation-directory.ts; apps/api/src/validators/vendor-contact-escalation-directory.ts; packages/sdk/src/vendor-contact-escalation-directory.ts; apps/web/app/(portal)/portal/vendor-contact-escalation-directory/page.tsx; supabase/migrations/<timestamp>_vendor_contact_escalation_directory.sql
P2,48,Vendor Contact Escalation Directory,vendor-contact-escalation-directory,vendor-management,run audit prompt and remediate,apps/api/src/routes/vendor-contact-escalation-directory.ts; apps/api/src/validators/vendor-contact-escalation-directory.ts; packages/sdk/src/vendor-contact-escalation-directory.ts; apps/web/app/(portal)/portal/vendor-contact-escalation-directory/page.tsx; supabase/migrations/<timestamp>_vendor_contact_escalation_directory.sql
P2,49,SLA SLO Tracker,sla-slo-tracker,service-management,write deep spec,apps/api/src/routes/sla-slo-tracker.ts; apps/api/src/validators/sla-slo-tracker.ts; packages/sdk/src/sla-slo-tracker.ts; apps/web/app/(portal)/portal/sla-slo-tracker/page.tsx; supabase/migrations/<timestamp>_sla_slo_tracker.sql
P2,49,SLA SLO Tracker,sla-slo-tracker,service-management,create migration and RLS,apps/api/src/routes/sla-slo-tracker.ts; apps/api/src/validators/sla-slo-tracker.ts; packages/sdk/src/sla-slo-tracker.ts; apps/web/app/(portal)/portal/sla-slo-tracker/page.tsx; supabase/migrations/<timestamp>_sla_slo_tracker.sql
P2,49,SLA SLO Tracker,sla-slo-tracker,service-management,add validator/service/API route,apps/api/src/routes/sla-slo-tracker.ts; apps/api/src/validators/sla-slo-tracker.ts; packages/sdk/src/sla-slo-tracker.ts; apps/web/app/(portal)/portal/sla-slo-tracker/page.tsx; supabase/migrations/<timestamp>_sla_slo_tracker.sql
P2,49,SLA SLO Tracker,sla-slo-tracker,service-management,register API route,apps/api/src/routes/sla-slo-tracker.ts; apps/api/src/validators/sla-slo-tracker.ts; packages/sdk/src/sla-slo-tracker.ts; apps/web/app/(portal)/portal/sla-slo-tracker/page.tsx; supabase/migrations/<timestamp>_sla_slo_tracker.sql
P2,49,SLA SLO Tracker,sla-slo-tracker,service-management,add SDK wrapper,apps/api/src/routes/sla-slo-tracker.ts; apps/api/src/validators/sla-slo-tracker.ts; packages/sdk/src/sla-slo-tracker.ts; apps/web/app/(portal)/portal/sla-slo-tracker/page.tsx; supabase/migrations/<timestamp>_sla_slo_tracker.sql
P2,49,SLA SLO Tracker,sla-slo-tracker,service-management,add portal UI,apps/api/src/routes/sla-slo-tracker.ts; apps/api/src/validators/sla-slo-tracker.ts; packages/sdk/src/sla-slo-tracker.ts; apps/web/app/(portal)/portal/sla-slo-tracker/page.tsx; supabase/migrations/<timestamp>_sla_slo_tracker.sql
P2,49,SLA SLO Tracker,sla-slo-tracker,service-management,add worker task if needed,apps/api/src/routes/sla-slo-tracker.ts; apps/api/src/validators/sla-slo-tracker.ts; packages/sdk/src/sla-slo-tracker.ts; apps/web/app/(portal)/portal/sla-slo-tracker/page.tsx; supabase/migrations/<timestamp>_sla_slo_tracker.sql
P2,49,SLA SLO Tracker,sla-slo-tracker,service-management,add tests/E2E,apps/api/src/routes/sla-slo-tracker.ts; apps/api/src/validators/sla-slo-tracker.ts; packages/sdk/src/sla-slo-tracker.ts; apps/web/app/(portal)/portal/sla-slo-tracker/page.tsx; supabase/migrations/<timestamp>_sla_slo_tracker.sql
P2,49,SLA SLO Tracker,sla-slo-tracker,service-management,add docs/runbook,apps/api/src/routes/sla-slo-tracker.ts; apps/api/src/validators/sla-slo-tracker.ts; packages/sdk/src/sla-slo-tracker.ts; apps/web/app/(portal)/portal/sla-slo-tracker/page.tsx; supabase/migrations/<timestamp>_sla_slo_tracker.sql
P2,49,SLA SLO Tracker,sla-slo-tracker,service-management,run audit prompt and remediate,apps/api/src/routes/sla-slo-tracker.ts; apps/api/src/validators/sla-slo-tracker.ts; packages/sdk/src/sla-slo-tracker.ts; apps/web/app/(portal)/portal/sla-slo-tracker/page.tsx; supabase/migrations/<timestamp>_sla_slo_tracker.sql
P1,50,Patch Compliance Dashboard,patch-compliance-dashboard,security-ops,write deep spec,apps/api/src/routes/patch-compliance-dashboard.ts; apps/api/src/validators/patch-compliance-dashboard.ts; packages/sdk/src/patch-compliance-dashboard.ts; apps/web/app/(portal)/portal/patch-compliance-dashboard/page.tsx; supabase/migrations/<timestamp>_patch_compliance_dashboard.sql
P1,50,Patch Compliance Dashboard,patch-compliance-dashboard,security-ops,create migration and RLS,apps/api/src/routes/patch-compliance-dashboard.ts; apps/api/src/validators/patch-compliance-dashboard.ts; packages/sdk/src/patch-compliance-dashboard.ts; apps/web/app/(portal)/portal/patch-compliance-dashboard/page.tsx; supabase/migrations/<timestamp>_patch_compliance_dashboard.sql
P1,50,Patch Compliance Dashboard,patch-compliance-dashboard,security-ops,add validator/service/API route,apps/api/src/routes/patch-compliance-dashboard.ts; apps/api/src/validators/patch-compliance-dashboard.ts; packages/sdk/src/patch-compliance-dashboard.ts; apps/web/app/(portal)/portal/patch-compliance-dashboard/page.tsx; supabase/migrations/<timestamp>_patch_compliance_dashboard.sql
P1,50,Patch Compliance Dashboard,patch-compliance-dashboard,security-ops,register API route,apps/api/src/routes/patch-compliance-dashboard.ts; apps/api/src/validators/patch-compliance-dashboard.ts; packages/sdk/src/patch-compliance-dashboard.ts; apps/web/app/(portal)/portal/patch-compliance-dashboard/page.tsx; supabase/migrations/<timestamp>_patch_compliance_dashboard.sql
P1,50,Patch Compliance Dashboard,patch-compliance-dashboard,security-ops,add SDK wrapper,apps/api/src/routes/patch-compliance-dashboard.ts; apps/api/src/validators/patch-compliance-dashboard.ts; packages/sdk/src/patch-compliance-dashboard.ts; apps/web/app/(portal)/portal/patch-compliance-dashboard/page.tsx; supabase/migrations/<timestamp>_patch_compliance_dashboard.sql
P1,50,Patch Compliance Dashboard,patch-compliance-dashboard,security-ops,add portal UI,apps/api/src/routes/patch-compliance-dashboard.ts; apps/api/src/validators/patch-compliance-dashboard.ts; packages/sdk/src/patch-compliance-dashboard.ts; apps/web/app/(portal)/portal/patch-compliance-dashboard/page.tsx; supabase/migrations/<timestamp>_patch_compliance_dashboard.sql
P1,50,Patch Compliance Dashboard,patch-compliance-dashboard,security-ops,add worker task if needed,apps/api/src/routes/patch-compliance-dashboard.ts; apps/api/src/validators/patch-compliance-dashboard.ts; packages/sdk/src/patch-compliance-dashboard.ts; apps/web/app/(portal)/portal/patch-compliance-dashboard/page.tsx; supabase/migrations/<timestamp>_patch_compliance_dashboard.sql
P1,50,Patch Compliance Dashboard,patch-compliance-dashboard,security-ops,add tests/E2E,apps/api/src/routes/patch-compliance-dashboard.ts; apps/api/src/validators/patch-compliance-dashboard.ts; packages/sdk/src/patch-compliance-dashboard.ts; apps/web/app/(portal)/portal/patch-compliance-dashboard/page.tsx; supabase/migrations/<timestamp>_patch_compliance_dashboard.sql
P1,50,Patch Compliance Dashboard,patch-compliance-dashboard,security-ops,add docs/runbook,apps/api/src/routes/patch-compliance-dashboard.ts; apps/api/src/validators/patch-compliance-dashboard.ts; packages/sdk/src/patch-compliance-dashboard.ts; apps/web/app/(portal)/portal/patch-compliance-dashboard/page.tsx; supabase/migrations/<timestamp>_patch_compliance_dashboard.sql
P1,50,Patch Compliance Dashboard,patch-compliance-dashboard,security-ops,run audit prompt and remediate,apps/api/src/routes/patch-compliance-dashboard.ts; apps/api/src/validators/patch-compliance-dashboard.ts; packages/sdk/src/patch-compliance-dashboard.ts; apps/web/app/(portal)/portal/patch-compliance-dashboard/page.tsx; supabase/migrations/<timestamp>_patch_compliance_dashboard.sql
P1,51,Endpoint Security Coverage Map,endpoint-security-coverage-map,security-ops,write deep spec,apps/api/src/routes/endpoint-security-coverage-map.ts; apps/api/src/validators/endpoint-security-coverage-map.ts; packages/sdk/src/endpoint-security-coverage-map.ts; apps/web/app/(portal)/portal/endpoint-security-coverage-map/page.tsx; supabase/migrations/<timestamp>_endpoint_security_coverage_map.sql
P1,51,Endpoint Security Coverage Map,endpoint-security-coverage-map,security-ops,create migration and RLS,apps/api/src/routes/endpoint-security-coverage-map.ts; apps/api/src/validators/endpoint-security-coverage-map.ts; packages/sdk/src/endpoint-security-coverage-map.ts; apps/web/app/(portal)/portal/endpoint-security-coverage-map/page.tsx; supabase/migrations/<timestamp>_endpoint_security_coverage_map.sql
P1,51,Endpoint Security Coverage Map,endpoint-security-coverage-map,security-ops,add validator/service/API route,apps/api/src/routes/endpoint-security-coverage-map.ts; apps/api/src/validators/endpoint-security-coverage-map.ts; packages/sdk/src/endpoint-security-coverage-map.ts; apps/web/app/(portal)/portal/endpoint-security-coverage-map/page.tsx; supabase/migrations/<timestamp>_endpoint_security_coverage_map.sql
P1,51,Endpoint Security Coverage Map,endpoint-security-coverage-map,security-ops,register API route,apps/api/src/routes/endpoint-security-coverage-map.ts; apps/api/src/validators/endpoint-security-coverage-map.ts; packages/sdk/src/endpoint-security-coverage-map.ts; apps/web/app/(portal)/portal/endpoint-security-coverage-map/page.tsx; supabase/migrations/<timestamp>_endpoint_security_coverage_map.sql
P1,51,Endpoint Security Coverage Map,endpoint-security-coverage-map,security-ops,add SDK wrapper,apps/api/src/routes/endpoint-security-coverage-map.ts; apps/api/src/validators/endpoint-security-coverage-map.ts; packages/sdk/src/endpoint-security-coverage-map.ts; apps/web/app/(portal)/portal/endpoint-security-coverage-map/page.tsx; supabase/migrations/<timestamp>_endpoint_security_coverage_map.sql
P1,51,Endpoint Security Coverage Map,endpoint-security-coverage-map,security-ops,add portal UI,apps/api/src/routes/endpoint-security-coverage-map.ts; apps/api/src/validators/endpoint-security-coverage-map.ts; packages/sdk/src/endpoint-security-coverage-map.ts; apps/web/app/(portal)/portal/endpoint-security-coverage-map/page.tsx; supabase/migrations/<timestamp>_endpoint_security_coverage_map.sql
P1,51,Endpoint Security Coverage Map,endpoint-security-coverage-map,security-ops,add worker task if needed,apps/api/src/routes/endpoint-security-coverage-map.ts; apps/api/src/validators/endpoint-security-coverage-map.ts; packages/sdk/src/endpoint-security-coverage-map.ts; apps/web/app/(portal)/portal/endpoint-security-coverage-map/page.tsx; supabase/migrations/<timestamp>_endpoint_security_coverage_map.sql
P1,51,Endpoint Security Coverage Map,endpoint-security-coverage-map,security-ops,add tests/E2E,apps/api/src/routes/endpoint-security-coverage-map.ts; apps/api/src/validators/endpoint-security-coverage-map.ts; packages/sdk/src/endpoint-security-coverage-map.ts; apps/web/app/(portal)/portal/endpoint-security-coverage-map/page.tsx; supabase/migrations/<timestamp>_endpoint_security_coverage_map.sql
P1,51,Endpoint Security Coverage Map,endpoint-security-coverage-map,security-ops,add docs/runbook,apps/api/src/routes/endpoint-security-coverage-map.ts; apps/api/src/validators/endpoint-security-coverage-map.ts; packages/sdk/src/endpoint-security-coverage-map.ts; apps/web/app/(portal)/portal/endpoint-security-coverage-map/page.tsx; supabase/migrations/<timestamp>_endpoint_security_coverage_map.sql
P1,51,Endpoint Security Coverage Map,endpoint-security-coverage-map,security-ops,run audit prompt and remediate,apps/api/src/routes/endpoint-security-coverage-map.ts; apps/api/src/validators/endpoint-security-coverage-map.ts; packages/sdk/src/endpoint-security-coverage-map.ts; apps/web/app/(portal)/portal/endpoint-security-coverage-map/page.tsx; supabase/migrations/<timestamp>_endpoint_security_coverage_map.sql
P2,52,Risk Acceptance Register,risk-acceptance-register,governance,write deep spec,apps/api/src/routes/risk-acceptance-register.ts; apps/api/src/validators/risk-acceptance-register.ts; packages/sdk/src/risk-acceptance-register.ts; apps/web/app/(portal)/portal/risk-acceptance-register/page.tsx; supabase/migrations/<timestamp>_risk_acceptance_register.sql
P2,52,Risk Acceptance Register,risk-acceptance-register,governance,create migration and RLS,apps/api/src/routes/risk-acceptance-register.ts; apps/api/src/validators/risk-acceptance-register.ts; packages/sdk/src/risk-acceptance-register.ts; apps/web/app/(portal)/portal/risk-acceptance-register/page.tsx; supabase/migrations/<timestamp>_risk_acceptance_register.sql
P2,52,Risk Acceptance Register,risk-acceptance-register,governance,add validator/service/API route,apps/api/src/routes/risk-acceptance-register.ts; apps/api/src/validators/risk-acceptance-register.ts; packages/sdk/src/risk-acceptance-register.ts; apps/web/app/(portal)/portal/risk-acceptance-register/page.tsx; supabase/migrations/<timestamp>_risk_acceptance_register.sql
P2,52,Risk Acceptance Register,risk-acceptance-register,governance,register API route,apps/api/src/routes/risk-acceptance-register.ts; apps/api/src/validators/risk-acceptance-register.ts; packages/sdk/src/risk-acceptance-register.ts; apps/web/app/(portal)/portal/risk-acceptance-register/page.tsx; supabase/migrations/<timestamp>_risk_acceptance_register.sql
P2,52,Risk Acceptance Register,risk-acceptance-register,governance,add SDK wrapper,apps/api/src/routes/risk-acceptance-register.ts; apps/api/src/validators/risk-acceptance-register.ts; packages/sdk/src/risk-acceptance-register.ts; apps/web/app/(portal)/portal/risk-acceptance-register/page.tsx; supabase/migrations/<timestamp>_risk_acceptance_register.sql
P2,52,Risk Acceptance Register,risk-acceptance-register,governance,add portal UI,apps/api/src/routes/risk-acceptance-register.ts; apps/api/src/validators/risk-acceptance-register.ts; packages/sdk/src/risk-acceptance-register.ts; apps/web/app/(portal)/portal/risk-acceptance-register/page.tsx; supabase/migrations/<timestamp>_risk_acceptance_register.sql
P2,52,Risk Acceptance Register,risk-acceptance-register,governance,add worker task if needed,apps/api/src/routes/risk-acceptance-register.ts; apps/api/src/validators/risk-acceptance-register.ts; packages/sdk/src/risk-acceptance-register.ts; apps/web/app/(portal)/portal/risk-acceptance-register/page.tsx; supabase/migrations/<timestamp>_risk_acceptance_register.sql
P2,52,Risk Acceptance Register,risk-acceptance-register,governance,add tests/E2E,apps/api/src/routes/risk-acceptance-register.ts; apps/api/src/validators/risk-acceptance-register.ts; packages/sdk/src/risk-acceptance-register.ts; apps/web/app/(portal)/portal/risk-acceptance-register/page.tsx; supabase/migrations/<timestamp>_risk_acceptance_register.sql
P2,52,Risk Acceptance Register,risk-acceptance-register,governance,add docs/runbook,apps/api/src/routes/risk-acceptance-register.ts; apps/api/src/validators/risk-acceptance-register.ts; packages/sdk/src/risk-acceptance-register.ts; apps/web/app/(portal)/portal/risk-acceptance-register/page.tsx; supabase/migrations/<timestamp>_risk_acceptance_register.sql
P2,52,Risk Acceptance Register,risk-acceptance-register,governance,run audit prompt and remediate,apps/api/src/routes/risk-acceptance-register.ts; apps/api/src/validators/risk-acceptance-register.ts; packages/sdk/src/risk-acceptance-register.ts; apps/web/app/(portal)/portal/risk-acceptance-register/page.tsx; supabase/migrations/<timestamp>_risk_acceptance_register.sql
P2,53,Data Retention Policy Manager,data-retention-policy-manager,governance,write deep spec,apps/api/src/routes/data-retention-policy-manager.ts; apps/api/src/validators/data-retention-policy-manager.ts; packages/sdk/src/data-retention-policy-manager.ts; apps/web/app/(portal)/portal/data-retention-policy-manager/page.tsx; supabase/migrations/<timestamp>_data_retention_policy_manager.sql
P2,53,Data Retention Policy Manager,data-retention-policy-manager,governance,create migration and RLS,apps/api/src/routes/data-retention-policy-manager.ts; apps/api/src/validators/data-retention-policy-manager.ts; packages/sdk/src/data-retention-policy-manager.ts; apps/web/app/(portal)/portal/data-retention-policy-manager/page.tsx; supabase/migrations/<timestamp>_data_retention_policy_manager.sql
P2,53,Data Retention Policy Manager,data-retention-policy-manager,governance,add validator/service/API route,apps/api/src/routes/data-retention-policy-manager.ts; apps/api/src/validators/data-retention-policy-manager.ts; packages/sdk/src/data-retention-policy-manager.ts; apps/web/app/(portal)/portal/data-retention-policy-manager/page.tsx; supabase/migrations/<timestamp>_data_retention_policy_manager.sql
P2,53,Data Retention Policy Manager,data-retention-policy-manager,governance,register API route,apps/api/src/routes/data-retention-policy-manager.ts; apps/api/src/validators/data-retention-policy-manager.ts; packages/sdk/src/data-retention-policy-manager.ts; apps/web/app/(portal)/portal/data-retention-policy-manager/page.tsx; supabase/migrations/<timestamp>_data_retention_policy_manager.sql
P2,53,Data Retention Policy Manager,data-retention-policy-manager,governance,add SDK wrapper,apps/api/src/routes/data-retention-policy-manager.ts; apps/api/src/validators/data-retention-policy-manager.ts; packages/sdk/src/data-retention-policy-manager.ts; apps/web/app/(portal)/portal/data-retention-policy-manager/page.tsx; supabase/migrations/<timestamp>_data_retention_policy_manager.sql
P2,53,Data Retention Policy Manager,data-retention-policy-manager,governance,add portal UI,apps/api/src/routes/data-retention-policy-manager.ts; apps/api/src/validators/data-retention-policy-manager.ts; packages/sdk/src/data-retention-policy-manager.ts; apps/web/app/(portal)/portal/data-retention-policy-manager/page.tsx; supabase/migrations/<timestamp>_data_retention_policy_manager.sql
P2,53,Data Retention Policy Manager,data-retention-policy-manager,governance,add worker task if needed,apps/api/src/routes/data-retention-policy-manager.ts; apps/api/src/validators/data-retention-policy-manager.ts; packages/sdk/src/data-retention-policy-manager.ts; apps/web/app/(portal)/portal/data-retention-policy-manager/page.tsx; supabase/migrations/<timestamp>_data_retention_policy_manager.sql
P2,53,Data Retention Policy Manager,data-retention-policy-manager,governance,add tests/E2E,apps/api/src/routes/data-retention-policy-manager.ts; apps/api/src/validators/data-retention-policy-manager.ts; packages/sdk/src/data-retention-policy-manager.ts; apps/web/app/(portal)/portal/data-retention-policy-manager/page.tsx; supabase/migrations/<timestamp>_data_retention_policy_manager.sql
P2,53,Data Retention Policy Manager,data-retention-policy-manager,governance,add docs/runbook,apps/api/src/routes/data-retention-policy-manager.ts; apps/api/src/validators/data-retention-policy-manager.ts; packages/sdk/src/data-retention-policy-manager.ts; apps/web/app/(portal)/portal/data-retention-policy-manager/page.tsx; supabase/migrations/<timestamp>_data_retention_policy_manager.sql
P2,53,Data Retention Policy Manager,data-retention-policy-manager,governance,run audit prompt and remediate,apps/api/src/routes/data-retention-policy-manager.ts; apps/api/src/validators/data-retention-policy-manager.ts; packages/sdk/src/data-retention-policy-manager.ts; apps/web/app/(portal)/portal/data-retention-policy-manager/page.tsx; supabase/migrations/<timestamp>_data_retention_policy_manager.sql
P2,54,SharePoint Teams Structure Planner,sharepoint-teams-structure-planner,m365,write deep spec,apps/api/src/routes/sharepoint-teams-structure-planner.ts; apps/api/src/validators/sharepoint-teams-structure-planner.ts; packages/sdk/src/sharepoint-teams-structure-planner.ts; apps/web/app/(portal)/portal/sharepoint-teams-structure-planner/page.tsx; supabase/migrations/<timestamp>_sharepoint_teams_structure_planner.sql
P2,54,SharePoint Teams Structure Planner,sharepoint-teams-structure-planner,m365,create migration and RLS,apps/api/src/routes/sharepoint-teams-structure-planner.ts; apps/api/src/validators/sharepoint-teams-structure-planner.ts; packages/sdk/src/sharepoint-teams-structure-planner.ts; apps/web/app/(portal)/portal/sharepoint-teams-structure-planner/page.tsx; supabase/migrations/<timestamp>_sharepoint_teams_structure_planner.sql
P2,54,SharePoint Teams Structure Planner,sharepoint-teams-structure-planner,m365,add validator/service/API route,apps/api/src/routes/sharepoint-teams-structure-planner.ts; apps/api/src/validators/sharepoint-teams-structure-planner.ts; packages/sdk/src/sharepoint-teams-structure-planner.ts; apps/web/app/(portal)/portal/sharepoint-teams-structure-planner/page.tsx; supabase/migrations/<timestamp>_sharepoint_teams_structure_planner.sql
P2,54,SharePoint Teams Structure Planner,sharepoint-teams-structure-planner,m365,register API route,apps/api/src/routes/sharepoint-teams-structure-planner.ts; apps/api/src/validators/sharepoint-teams-structure-planner.ts; packages/sdk/src/sharepoint-teams-structure-planner.ts; apps/web/app/(portal)/portal/sharepoint-teams-structure-planner/page.tsx; supabase/migrations/<timestamp>_sharepoint_teams_structure_planner.sql
P2,54,SharePoint Teams Structure Planner,sharepoint-teams-structure-planner,m365,add SDK wrapper,apps/api/src/routes/sharepoint-teams-structure-planner.ts; apps/api/src/validators/sharepoint-teams-structure-planner.ts; packages/sdk/src/sharepoint-teams-structure-planner.ts; apps/web/app/(portal)/portal/sharepoint-teams-structure-planner/page.tsx; supabase/migrations/<timestamp>_sharepoint_teams_structure_planner.sql
P2,54,SharePoint Teams Structure Planner,sharepoint-teams-structure-planner,m365,add portal UI,apps/api/src/routes/sharepoint-teams-structure-planner.ts; apps/api/src/validators/sharepoint-teams-structure-planner.ts; packages/sdk/src/sharepoint-teams-structure-planner.ts; apps/web/app/(portal)/portal/sharepoint-teams-structure-planner/page.tsx; supabase/migrations/<timestamp>_sharepoint_teams_structure_planner.sql
P2,54,SharePoint Teams Structure Planner,sharepoint-teams-structure-planner,m365,add worker task if needed,apps/api/src/routes/sharepoint-teams-structure-planner.ts; apps/api/src/validators/sharepoint-teams-structure-planner.ts; packages/sdk/src/sharepoint-teams-structure-planner.ts; apps/web/app/(portal)/portal/sharepoint-teams-structure-planner/page.tsx; supabase/migrations/<timestamp>_sharepoint_teams_structure_planner.sql
P2,54,SharePoint Teams Structure Planner,sharepoint-teams-structure-planner,m365,add tests/E2E,apps/api/src/routes/sharepoint-teams-structure-planner.ts; apps/api/src/validators/sharepoint-teams-structure-planner.ts; packages/sdk/src/sharepoint-teams-structure-planner.ts; apps/web/app/(portal)/portal/sharepoint-teams-structure-planner/page.tsx; supabase/migrations/<timestamp>_sharepoint_teams_structure_planner.sql
P2,54,SharePoint Teams Structure Planner,sharepoint-teams-structure-planner,m365,add docs/runbook,apps/api/src/routes/sharepoint-teams-structure-planner.ts; apps/api/src/validators/sharepoint-teams-structure-planner.ts; packages/sdk/src/sharepoint-teams-structure-planner.ts; apps/web/app/(portal)/portal/sharepoint-teams-structure-planner/page.tsx; supabase/migrations/<timestamp>_sharepoint_teams_structure_planner.sql
P2,54,SharePoint Teams Structure Planner,sharepoint-teams-structure-planner,m365,run audit prompt and remediate,apps/api/src/routes/sharepoint-teams-structure-planner.ts; apps/api/src/validators/sharepoint-teams-structure-planner.ts; packages/sdk/src/sharepoint-teams-structure-planner.ts; apps/web/app/(portal)/portal/sharepoint-teams-structure-planner/page.tsx; supabase/migrations/<timestamp>_sharepoint_teams_structure_planner.sql
P2,55,Website DNS Change Request Approvals,website-dns-change-request-approvals,web-ops,write deep spec,apps/api/src/routes/website-dns-change-request-approvals.ts; apps/api/src/validators/website-dns-change-request-approvals.ts; packages/sdk/src/website-dns-change-request-approvals.ts; apps/web/app/(portal)/portal/website-dns-change-request-approvals/page.tsx; supabase/migrations/<timestamp>_website_dns_change_request_approvals.sql
P2,55,Website DNS Change Request Approvals,website-dns-change-request-approvals,web-ops,create migration and RLS,apps/api/src/routes/website-dns-change-request-approvals.ts; apps/api/src/validators/website-dns-change-request-approvals.ts; packages/sdk/src/website-dns-change-request-approvals.ts; apps/web/app/(portal)/portal/website-dns-change-request-approvals/page.tsx; supabase/migrations/<timestamp>_website_dns_change_request_approvals.sql
P2,55,Website DNS Change Request Approvals,website-dns-change-request-approvals,web-ops,add validator/service/API route,apps/api/src/routes/website-dns-change-request-approvals.ts; apps/api/src/validators/website-dns-change-request-approvals.ts; packages/sdk/src/website-dns-change-request-approvals.ts; apps/web/app/(portal)/portal/website-dns-change-request-approvals/page.tsx; supabase/migrations/<timestamp>_website_dns_change_request_approvals.sql
P2,55,Website DNS Change Request Approvals,website-dns-change-request-approvals,web-ops,register API route,apps/api/src/routes/website-dns-change-request-approvals.ts; apps/api/src/validators/website-dns-change-request-approvals.ts; packages/sdk/src/website-dns-change-request-approvals.ts; apps/web/app/(portal)/portal/website-dns-change-request-approvals/page.tsx; supabase/migrations/<timestamp>_website_dns_change_request_approvals.sql
P2,55,Website DNS Change Request Approvals,website-dns-change-request-approvals,web-ops,add SDK wrapper,apps/api/src/routes/website-dns-change-request-approvals.ts; apps/api/src/validators/website-dns-change-request-approvals.ts; packages/sdk/src/website-dns-change-request-approvals.ts; apps/web/app/(portal)/portal/website-dns-change-request-approvals/page.tsx; supabase/migrations/<timestamp>_website_dns_change_request_approvals.sql
P2,55,Website DNS Change Request Approvals,website-dns-change-request-approvals,web-ops,add portal UI,apps/api/src/routes/website-dns-change-request-approvals.ts; apps/api/src/validators/website-dns-change-request-approvals.ts; packages/sdk/src/website-dns-change-request-approvals.ts; apps/web/app/(portal)/portal/website-dns-change-request-approvals/page.tsx; supabase/migrations/<timestamp>_website_dns_change_request_approvals.sql
P2,55,Website DNS Change Request Approvals,website-dns-change-request-approvals,web-ops,add worker task if needed,apps/api/src/routes/website-dns-change-request-approvals.ts; apps/api/src/validators/website-dns-change-request-approvals.ts; packages/sdk/src/website-dns-change-request-approvals.ts; apps/web/app/(portal)/portal/website-dns-change-request-approvals/page.tsx; supabase/migrations/<timestamp>_website_dns_change_request_approvals.sql
P2,55,Website DNS Change Request Approvals,website-dns-change-request-approvals,web-ops,add tests/E2E,apps/api/src/routes/website-dns-change-request-approvals.ts; apps/api/src/validators/website-dns-change-request-approvals.ts; packages/sdk/src/website-dns-change-request-approvals.ts; apps/web/app/(portal)/portal/website-dns-change-request-approvals/page.tsx; supabase/migrations/<timestamp>_website_dns_change_request_approvals.sql
P2,55,Website DNS Change Request Approvals,website-dns-change-request-approvals,web-ops,add docs/runbook,apps/api/src/routes/website-dns-change-request-approvals.ts; apps/api/src/validators/website-dns-change-request-approvals.ts; packages/sdk/src/website-dns-change-request-approvals.ts; apps/web/app/(portal)/portal/website-dns-change-request-approvals/page.tsx; supabase/migrations/<timestamp>_website_dns_change_request_approvals.sql
P2,55,Website DNS Change Request Approvals,website-dns-change-request-approvals,web-ops,run audit prompt and remediate,apps/api/src/routes/website-dns-change-request-approvals.ts; apps/api/src/validators/website-dns-change-request-approvals.ts; packages/sdk/src/website-dns-change-request-approvals.ts; apps/web/app/(portal)/portal/website-dns-change-request-approvals/page.tsx; supabase/migrations/<timestamp>_website_dns_change_request_approvals.sql
P1,56,Client Billing Service Catalog,client-billing-service-catalog,finance-ops,write deep spec,apps/api/src/routes/client-billing-service-catalog.ts; apps/api/src/validators/client-billing-service-catalog.ts; packages/sdk/src/client-billing-service-catalog.ts; apps/web/app/(portal)/portal/client-billing-service-catalog/page.tsx; supabase/migrations/<timestamp>_client_billing_service_catalog.sql
P1,56,Client Billing Service Catalog,client-billing-service-catalog,finance-ops,create migration and RLS,apps/api/src/routes/client-billing-service-catalog.ts; apps/api/src/validators/client-billing-service-catalog.ts; packages/sdk/src/client-billing-service-catalog.ts; apps/web/app/(portal)/portal/client-billing-service-catalog/page.tsx; supabase/migrations/<timestamp>_client_billing_service_catalog.sql
P1,56,Client Billing Service Catalog,client-billing-service-catalog,finance-ops,add validator/service/API route,apps/api/src/routes/client-billing-service-catalog.ts; apps/api/src/validators/client-billing-service-catalog.ts; packages/sdk/src/client-billing-service-catalog.ts; apps/web/app/(portal)/portal/client-billing-service-catalog/page.tsx; supabase/migrations/<timestamp>_client_billing_service_catalog.sql
P1,56,Client Billing Service Catalog,client-billing-service-catalog,finance-ops,register API route,apps/api/src/routes/client-billing-service-catalog.ts; apps/api/src/validators/client-billing-service-catalog.ts; packages/sdk/src/client-billing-service-catalog.ts; apps/web/app/(portal)/portal/client-billing-service-catalog/page.tsx; supabase/migrations/<timestamp>_client_billing_service_catalog.sql
P1,56,Client Billing Service Catalog,client-billing-service-catalog,finance-ops,add SDK wrapper,apps/api/src/routes/client-billing-service-catalog.ts; apps/api/src/validators/client-billing-service-catalog.ts; packages/sdk/src/client-billing-service-catalog.ts; apps/web/app/(portal)/portal/client-billing-service-catalog/page.tsx; supabase/migrations/<timestamp>_client_billing_service_catalog.sql
P1,56,Client Billing Service Catalog,client-billing-service-catalog,finance-ops,add portal UI,apps/api/src/routes/client-billing-service-catalog.ts; apps/api/src/validators/client-billing-service-catalog.ts; packages/sdk/src/client-billing-service-catalog.ts; apps/web/app/(portal)/portal/client-billing-service-catalog/page.tsx; supabase/migrations/<timestamp>_client_billing_service_catalog.sql
P1,56,Client Billing Service Catalog,client-billing-service-catalog,finance-ops,add worker task if needed,apps/api/src/routes/client-billing-service-catalog.ts; apps/api/src/validators/client-billing-service-catalog.ts; packages/sdk/src/client-billing-service-catalog.ts; apps/web/app/(portal)/portal/client-billing-service-catalog/page.tsx; supabase/migrations/<timestamp>_client_billing_service_catalog.sql
P1,56,Client Billing Service Catalog,client-billing-service-catalog,finance-ops,add tests/E2E,apps/api/src/routes/client-billing-service-catalog.ts; apps/api/src/validators/client-billing-service-catalog.ts; packages/sdk/src/client-billing-service-catalog.ts; apps/web/app/(portal)/portal/client-billing-service-catalog/page.tsx; supabase/migrations/<timestamp>_client_billing_service_catalog.sql
P1,56,Client Billing Service Catalog,client-billing-service-catalog,finance-ops,add docs/runbook,apps/api/src/routes/client-billing-service-catalog.ts; apps/api/src/validators/client-billing-service-catalog.ts; packages/sdk/src/client-billing-service-catalog.ts; apps/web/app/(portal)/portal/client-billing-service-catalog/page.tsx; supabase/migrations/<timestamp>_client_billing_service_catalog.sql
P1,56,Client Billing Service Catalog,client-billing-service-catalog,finance-ops,run audit prompt and remediate,apps/api/src/routes/client-billing-service-catalog.ts; apps/api/src/validators/client-billing-service-catalog.ts; packages/sdk/src/client-billing-service-catalog.ts; apps/web/app/(portal)/portal/client-billing-service-catalog/page.tsx; supabase/migrations/<timestamp>_client_billing_service_catalog.sql
P2,57,Time Entry Worklog Summarizer,time-entry-worklog-summarizer,operations-ai,write deep spec,apps/api/src/routes/time-entry-worklog-summarizer.ts; apps/api/src/validators/time-entry-worklog-summarizer.ts; packages/sdk/src/time-entry-worklog-summarizer.ts; apps/web/app/(portal)/portal/time-entry-worklog-summarizer/page.tsx; supabase/migrations/<timestamp>_time_entry_worklog_summarizer.sql
P2,57,Time Entry Worklog Summarizer,time-entry-worklog-summarizer,operations-ai,create migration and RLS,apps/api/src/routes/time-entry-worklog-summarizer.ts; apps/api/src/validators/time-entry-worklog-summarizer.ts; packages/sdk/src/time-entry-worklog-summarizer.ts; apps/web/app/(portal)/portal/time-entry-worklog-summarizer/page.tsx; supabase/migrations/<timestamp>_time_entry_worklog_summarizer.sql
P2,57,Time Entry Worklog Summarizer,time-entry-worklog-summarizer,operations-ai,add validator/service/API route,apps/api/src/routes/time-entry-worklog-summarizer.ts; apps/api/src/validators/time-entry-worklog-summarizer.ts; packages/sdk/src/time-entry-worklog-summarizer.ts; apps/web/app/(portal)/portal/time-entry-worklog-summarizer/page.tsx; supabase/migrations/<timestamp>_time_entry_worklog_summarizer.sql
P2,57,Time Entry Worklog Summarizer,time-entry-worklog-summarizer,operations-ai,register API route,apps/api/src/routes/time-entry-worklog-summarizer.ts; apps/api/src/validators/time-entry-worklog-summarizer.ts; packages/sdk/src/time-entry-worklog-summarizer.ts; apps/web/app/(portal)/portal/time-entry-worklog-summarizer/page.tsx; supabase/migrations/<timestamp>_time_entry_worklog_summarizer.sql
P2,57,Time Entry Worklog Summarizer,time-entry-worklog-summarizer,operations-ai,add SDK wrapper,apps/api/src/routes/time-entry-worklog-summarizer.ts; apps/api/src/validators/time-entry-worklog-summarizer.ts; packages/sdk/src/time-entry-worklog-summarizer.ts; apps/web/app/(portal)/portal/time-entry-worklog-summarizer/page.tsx; supabase/migrations/<timestamp>_time_entry_worklog_summarizer.sql
P2,57,Time Entry Worklog Summarizer,time-entry-worklog-summarizer,operations-ai,add portal UI,apps/api/src/routes/time-entry-worklog-summarizer.ts; apps/api/src/validators/time-entry-worklog-summarizer.ts; packages/sdk/src/time-entry-worklog-summarizer.ts; apps/web/app/(portal)/portal/time-entry-worklog-summarizer/page.tsx; supabase/migrations/<timestamp>_time_entry_worklog_summarizer.sql
P2,57,Time Entry Worklog Summarizer,time-entry-worklog-summarizer,operations-ai,add worker task if needed,apps/api/src/routes/time-entry-worklog-summarizer.ts; apps/api/src/validators/time-entry-worklog-summarizer.ts; packages/sdk/src/time-entry-worklog-summarizer.ts; apps/web/app/(portal)/portal/time-entry-worklog-summarizer/page.tsx; supabase/migrations/<timestamp>_time_entry_worklog_summarizer.sql
P2,57,Time Entry Worklog Summarizer,time-entry-worklog-summarizer,operations-ai,add tests/E2E,apps/api/src/routes/time-entry-worklog-summarizer.ts; apps/api/src/validators/time-entry-worklog-summarizer.ts; packages/sdk/src/time-entry-worklog-summarizer.ts; apps/web/app/(portal)/portal/time-entry-worklog-summarizer/page.tsx; supabase/migrations/<timestamp>_time_entry_worklog_summarizer.sql
P2,57,Time Entry Worklog Summarizer,time-entry-worklog-summarizer,operations-ai,add docs/runbook,apps/api/src/routes/time-entry-worklog-summarizer.ts; apps/api/src/validators/time-entry-worklog-summarizer.ts; packages/sdk/src/time-entry-worklog-summarizer.ts; apps/web/app/(portal)/portal/time-entry-worklog-summarizer/page.tsx; supabase/migrations/<timestamp>_time_entry_worklog_summarizer.sql
P2,57,Time Entry Worklog Summarizer,time-entry-worklog-summarizer,operations-ai,run audit prompt and remediate,apps/api/src/routes/time-entry-worklog-summarizer.ts; apps/api/src/validators/time-entry-worklog-summarizer.ts; packages/sdk/src/time-entry-worklog-summarizer.ts; apps/web/app/(portal)/portal/time-entry-worklog-summarizer/page.tsx; supabase/migrations/<timestamp>_time_entry_worklog_summarizer.sql
P1,58,Emergency Access Break Glass Register,emergency-access-break-glass-register,identity-security,write deep spec,apps/api/src/routes/emergency-access-break-glass-register.ts; apps/api/src/validators/emergency-access-break-glass-register.ts; packages/sdk/src/emergency-access-break-glass-register.ts; apps/web/app/(portal)/portal/emergency-access-break-glass-register/page.tsx; supabase/migrations/<timestamp>_emergency_access_break_glass_register.sql
P1,58,Emergency Access Break Glass Register,emergency-access-break-glass-register,identity-security,create migration and RLS,apps/api/src/routes/emergency-access-break-glass-register.ts; apps/api/src/validators/emergency-access-break-glass-register.ts; packages/sdk/src/emergency-access-break-glass-register.ts; apps/web/app/(portal)/portal/emergency-access-break-glass-register/page.tsx; supabase/migrations/<timestamp>_emergency_access_break_glass_register.sql
P1,58,Emergency Access Break Glass Register,emergency-access-break-glass-register,identity-security,add validator/service/API route,apps/api/src/routes/emergency-access-break-glass-register.ts; apps/api/src/validators/emergency-access-break-glass-register.ts; packages/sdk/src/emergency-access-break-glass-register.ts; apps/web/app/(portal)/portal/emergency-access-break-glass-register/page.tsx; supabase/migrations/<timestamp>_emergency_access_break_glass_register.sql
P1,58,Emergency Access Break Glass Register,emergency-access-break-glass-register,identity-security,register API route,apps/api/src/routes/emergency-access-break-glass-register.ts; apps/api/src/validators/emergency-access-break-glass-register.ts; packages/sdk/src/emergency-access-break-glass-register.ts; apps/web/app/(portal)/portal/emergency-access-break-glass-register/page.tsx; supabase/migrations/<timestamp>_emergency_access_break_glass_register.sql
P1,58,Emergency Access Break Glass Register,emergency-access-break-glass-register,identity-security,add SDK wrapper,apps/api/src/routes/emergency-access-break-glass-register.ts; apps/api/src/validators/emergency-access-break-glass-register.ts; packages/sdk/src/emergency-access-break-glass-register.ts; apps/web/app/(portal)/portal/emergency-access-break-glass-register/page.tsx; supabase/migrations/<timestamp>_emergency_access_break_glass_register.sql
P1,58,Emergency Access Break Glass Register,emergency-access-break-glass-register,identity-security,add portal UI,apps/api/src/routes/emergency-access-break-glass-register.ts; apps/api/src/validators/emergency-access-break-glass-register.ts; packages/sdk/src/emergency-access-break-glass-register.ts; apps/web/app/(portal)/portal/emergency-access-break-glass-register/page.tsx; supabase/migrations/<timestamp>_emergency_access_break_glass_register.sql
P1,58,Emergency Access Break Glass Register,emergency-access-break-glass-register,identity-security,add worker task if needed,apps/api/src/routes/emergency-access-break-glass-register.ts; apps/api/src/validators/emergency-access-break-glass-register.ts; packages/sdk/src/emergency-access-break-glass-register.ts; apps/web/app/(portal)/portal/emergency-access-break-glass-register/page.tsx; supabase/migrations/<timestamp>_emergency_access_break_glass_register.sql
P1,58,Emergency Access Break Glass Register,emergency-access-break-glass-register,identity-security,add tests/E2E,apps/api/src/routes/emergency-access-break-glass-register.ts; apps/api/src/validators/emergency-access-break-glass-register.ts; packages/sdk/src/emergency-access-break-glass-register.ts; apps/web/app/(portal)/portal/emergency-access-break-glass-register/page.tsx; supabase/migrations/<timestamp>_emergency_access_break_glass_register.sql
P1,58,Emergency Access Break Glass Register,emergency-access-break-glass-register,identity-security,add docs/runbook,apps/api/src/routes/emergency-access-break-glass-register.ts; apps/api/src/validators/emergency-access-break-glass-register.ts; packages/sdk/src/emergency-access-break-glass-register.ts; apps/web/app/(portal)/portal/emergency-access-break-glass-register/page.tsx; supabase/migrations/<timestamp>_emergency_access_break_glass_register.sql
P1,58,Emergency Access Break Glass Register,emergency-access-break-glass-register,identity-security,run audit prompt and remediate,apps/api/src/routes/emergency-access-break-glass-register.ts; apps/api/src/validators/emergency-access-break-glass-register.ts; packages/sdk/src/emergency-access-break-glass-register.ts; apps/web/app/(portal)/portal/emergency-access-break-glass-register/page.tsx; supabase/migrations/<timestamp>_emergency_access_break_glass_register.sql
P2,59,Tabletop Exercise Planner,tabletop-exercise-planner,resilience,write deep spec,apps/api/src/routes/tabletop-exercise-planner.ts; apps/api/src/validators/tabletop-exercise-planner.ts; packages/sdk/src/tabletop-exercise-planner.ts; apps/web/app/(portal)/portal/tabletop-exercise-planner/page.tsx; supabase/migrations/<timestamp>_tabletop_exercise_planner.sql
P2,59,Tabletop Exercise Planner,tabletop-exercise-planner,resilience,create migration and RLS,apps/api/src/routes/tabletop-exercise-planner.ts; apps/api/src/validators/tabletop-exercise-planner.ts; packages/sdk/src/tabletop-exercise-planner.ts; apps/web/app/(portal)/portal/tabletop-exercise-planner/page.tsx; supabase/migrations/<timestamp>_tabletop_exercise_planner.sql
P2,59,Tabletop Exercise Planner,tabletop-exercise-planner,resilience,add validator/service/API route,apps/api/src/routes/tabletop-exercise-planner.ts; apps/api/src/validators/tabletop-exercise-planner.ts; packages/sdk/src/tabletop-exercise-planner.ts; apps/web/app/(portal)/portal/tabletop-exercise-planner/page.tsx; supabase/migrations/<timestamp>_tabletop_exercise_planner.sql
P2,59,Tabletop Exercise Planner,tabletop-exercise-planner,resilience,register API route,apps/api/src/routes/tabletop-exercise-planner.ts; apps/api/src/validators/tabletop-exercise-planner.ts; packages/sdk/src/tabletop-exercise-planner.ts; apps/web/app/(portal)/portal/tabletop-exercise-planner/page.tsx; supabase/migrations/<timestamp>_tabletop_exercise_planner.sql
P2,59,Tabletop Exercise Planner,tabletop-exercise-planner,resilience,add SDK wrapper,apps/api/src/routes/tabletop-exercise-planner.ts; apps/api/src/validators/tabletop-exercise-planner.ts; packages/sdk/src/tabletop-exercise-planner.ts; apps/web/app/(portal)/portal/tabletop-exercise-planner/page.tsx; supabase/migrations/<timestamp>_tabletop_exercise_planner.sql
P2,59,Tabletop Exercise Planner,tabletop-exercise-planner,resilience,add portal UI,apps/api/src/routes/tabletop-exercise-planner.ts; apps/api/src/validators/tabletop-exercise-planner.ts; packages/sdk/src/tabletop-exercise-planner.ts; apps/web/app/(portal)/portal/tabletop-exercise-planner/page.tsx; supabase/migrations/<timestamp>_tabletop_exercise_planner.sql
P2,59,Tabletop Exercise Planner,tabletop-exercise-planner,resilience,add worker task if needed,apps/api/src/routes/tabletop-exercise-planner.ts; apps/api/src/validators/tabletop-exercise-planner.ts; packages/sdk/src/tabletop-exercise-planner.ts; apps/web/app/(portal)/portal/tabletop-exercise-planner/page.tsx; supabase/migrations/<timestamp>_tabletop_exercise_planner.sql
P2,59,Tabletop Exercise Planner,tabletop-exercise-planner,resilience,add tests/E2E,apps/api/src/routes/tabletop-exercise-planner.ts; apps/api/src/validators/tabletop-exercise-planner.ts; packages/sdk/src/tabletop-exercise-planner.ts; apps/web/app/(portal)/portal/tabletop-exercise-planner/page.tsx; supabase/migrations/<timestamp>_tabletop_exercise_planner.sql
P2,59,Tabletop Exercise Planner,tabletop-exercise-planner,resilience,add docs/runbook,apps/api/src/routes/tabletop-exercise-planner.ts; apps/api/src/validators/tabletop-exercise-planner.ts; packages/sdk/src/tabletop-exercise-planner.ts; apps/web/app/(portal)/portal/tabletop-exercise-planner/page.tsx; supabase/migrations/<timestamp>_tabletop_exercise_planner.sql
P2,59,Tabletop Exercise Planner,tabletop-exercise-planner,resilience,run audit prompt and remediate,apps/api/src/routes/tabletop-exercise-planner.ts; apps/api/src/validators/tabletop-exercise-planner.ts; packages/sdk/src/tabletop-exercise-planner.ts; apps/web/app/(portal)/portal/tabletop-exercise-planner/page.tsx; supabase/migrations/<timestamp>_tabletop_exercise_planner.sql
P2,60,AI Knowledge Base Article Generator,ai-knowledge-base-article-generator,support-ai,write deep spec,apps/api/src/routes/ai-knowledge-base-article-generator.ts; apps/api/src/validators/ai-knowledge-base-article-generator.ts; packages/sdk/src/ai-knowledge-base-article-generator.ts; apps/web/app/(portal)/portal/ai-knowledge-base-article-generator/page.tsx; supabase/migrations/<timestamp>_ai_knowledge_base_article_generator.sql
P2,60,AI Knowledge Base Article Generator,ai-knowledge-base-article-generator,support-ai,create migration and RLS,apps/api/src/routes/ai-knowledge-base-article-generator.ts; apps/api/src/validators/ai-knowledge-base-article-generator.ts; packages/sdk/src/ai-knowledge-base-article-generator.ts; apps/web/app/(portal)/portal/ai-knowledge-base-article-generator/page.tsx; supabase/migrations/<timestamp>_ai_knowledge_base_article_generator.sql
P2,60,AI Knowledge Base Article Generator,ai-knowledge-base-article-generator,support-ai,add validator/service/API route,apps/api/src/routes/ai-knowledge-base-article-generator.ts; apps/api/src/validators/ai-knowledge-base-article-generator.ts; packages/sdk/src/ai-knowledge-base-article-generator.ts; apps/web/app/(portal)/portal/ai-knowledge-base-article-generator/page.tsx; supabase/migrations/<timestamp>_ai_knowledge_base_article_generator.sql
P2,60,AI Knowledge Base Article Generator,ai-knowledge-base-article-generator,support-ai,register API route,apps/api/src/routes/ai-knowledge-base-article-generator.ts; apps/api/src/validators/ai-knowledge-base-article-generator.ts; packages/sdk/src/ai-knowledge-base-article-generator.ts; apps/web/app/(portal)/portal/ai-knowledge-base-article-generator/page.tsx; supabase/migrations/<timestamp>_ai_knowledge_base_article_generator.sql
P2,60,AI Knowledge Base Article Generator,ai-knowledge-base-article-generator,support-ai,add SDK wrapper,apps/api/src/routes/ai-knowledge-base-article-generator.ts; apps/api/src/validators/ai-knowledge-base-article-generator.ts; packages/sdk/src/ai-knowledge-base-article-generator.ts; apps/web/app/(portal)/portal/ai-knowledge-base-article-generator/page.tsx; supabase/migrations/<timestamp>_ai_knowledge_base_article_generator.sql
P2,60,AI Knowledge Base Article Generator,ai-knowledge-base-article-generator,support-ai,add portal UI,apps/api/src/routes/ai-knowledge-base-article-generator.ts; apps/api/src/validators/ai-knowledge-base-article-generator.ts; packages/sdk/src/ai-knowledge-base-article-generator.ts; apps/web/app/(portal)/portal/ai-knowledge-base-article-generator/page.tsx; supabase/migrations/<timestamp>_ai_knowledge_base_article_generator.sql
P2,60,AI Knowledge Base Article Generator,ai-knowledge-base-article-generator,support-ai,add worker task if needed,apps/api/src/routes/ai-knowledge-base-article-generator.ts; apps/api/src/validators/ai-knowledge-base-article-generator.ts; packages/sdk/src/ai-knowledge-base-article-generator.ts; apps/web/app/(portal)/portal/ai-knowledge-base-article-generator/page.tsx; supabase/migrations/<timestamp>_ai_knowledge_base_article_generator.sql
P2,60,AI Knowledge Base Article Generator,ai-knowledge-base-article-generator,support-ai,add tests/E2E,apps/api/src/routes/ai-knowledge-base-article-generator.ts; apps/api/src/validators/ai-knowledge-base-article-generator.ts; packages/sdk/src/ai-knowledge-base-article-generator.ts; apps/web/app/(portal)/portal/ai-knowledge-base-article-generator/page.tsx; supabase/migrations/<timestamp>_ai_knowledge_base_article_generator.sql
P2,60,AI Knowledge Base Article Generator,ai-knowledge-base-article-generator,support-ai,add docs/runbook,apps/api/src/routes/ai-knowledge-base-article-generator.ts; apps/api/src/validators/ai-knowledge-base-article-generator.ts; packages/sdk/src/ai-knowledge-base-article-generator.ts; apps/web/app/(portal)/portal/ai-knowledge-base-article-generator/page.tsx; supabase/migrations/<timestamp>_ai_knowledge_base_article_generator.sql
P2,60,AI Knowledge Base Article Generator,ai-knowledge-base-article-generator,support-ai,run audit prompt and remediate,apps/api/src/routes/ai-knowledge-base-article-generator.ts; apps/api/src/validators/ai-knowledge-base-article-generator.ts; packages/sdk/src/ai-knowledge-base-article-generator.ts; apps/web/app/(portal)/portal/ai-knowledge-base-article-generator/page.tsx; supabase/migrations/<timestamp>_ai_knowledge_base_article_generator.sql
